Variable / Field Name,Form Name,Section Header,Field Type,Field Label,"Choices, Calculations, OR Slider Labels",Field Note,Text Validation Type OR Show Slider Number,Text Validation Min,Text Validation Max,Identifier?,Branching Logic (Show field only if...),Required Field?,Custom Alignment,Question Number (surveys only),Matrix Group Name,Matrix Ranking?,Field Annotation
record_id,consent_baseline,,text,Record ID,,,,,,,,,,,,,
screening_pass,consent_baseline,,yesno,"<div class=""rich-text-field-label""><p><span style=""font-weight: normal;"">Did the participant </span>pass screening<span style=""font-weight: normal;"">? </span></p> <p><span style=""font-weight: normal;"">IE </span>[phone_number] <span style=""font-weight: normal;"">is<a href=""https://www.spydialer.com/""> not a Sinch VOiP</a> and when you run the QC script it tells you ""IP address = SAFE!""? </span></p></div>",,,,,,,,,,,,, @HIDDEN-SURVEY
timestamp_consent_bl,consent_baseline,,text,,,,date_mdy,,,,,,,,,," @HIDDEN
@NOW"
consent_url,consent_baseline,,text,Instrument URL,,,,,,,,,,,,," @CALCTEXT([form-url:instrument])
@HIDDEN-SURVEY"
pay_url,consent_baseline,,text,Payment URL,,,,,,,,,,,,," @CALCTEXT([form-url:payment_form])
@HIDDEN-SURVEY"
student_yn,consent_baseline,,yesno,Are you a Yale student taking this study as part of Introduction to Psychology?,,,,,,,,y,,,,,
interested_spstudy_consent,consent_baseline,,checkbox,"<div class=""rich-text-field-label""><p><span style=""font-weight: normal;"">This primary study has</span> finished collecting data<span style=""font-weight: normal;""> and <span style=""font-size: 14pt;"">now is only available to folks </span></span><span style=""font-size: 14pt;"">who intend to complete our longitudinal study<span style=""font-weight: normal;"">. </span></span></p> <p><span style=""font-weight: normal;"">The longitudinal study requires that individuals: </span></p> <p><span style=""font-weight: normal;"">1) Have not used a <a href=""https://en.wikipedia.org/wiki/List_of_psychedelic_drugs"">serotonergic psychedelic </a>in the past </span>6 weeks<span style=""font-weight: normal;""> (we need a good baseline to compare to)</span></p> <p><span style=""font-weight: normal;"">2) Plan to use a MACRODOSE of a serotonergic psychedelic before the Fall of 2026. </span></p> <p><span style=""font-weight: normal;"">3) Are willing to complete ~2hr of games/questionnaires before, during AND/OR 24 hours after (you only need to do one of these two timepoints but may do both), 1-2 weeks after, and 1-6 months after your NEXT psychedelic use</span></p> <p><span style=""font-weight: normal;"">4) Will not use serotonergic or atypical psychedelics until the study is completed (read: at least 1 month after your next psychedelic use) </span></p> <p><span style=""font-weight: normal; font-size: 14pt;"">Please check whether these apply to you below. </span></p></div>","1, I have not used a serotonergic psychedelic in the past 6 weeks (we need a good baseline to compare to) | 2, I plan to use a MACRODOSE of a serotonergic psychedelic before the Fall of 2026. | 3, I am willing to complete ~2hr of games/questionnaires before, during AND/OR 24 hours after (you only need to do one of these two timepoints but may do both), 1-2 weeks after, and 1-6 months after your NEXT psychedelic use | 4, I will not use serotonergic or atypical psychedelics until the study is completed (read: at least 1 month after your next psychedelic use) | 5, I cannot do the above and do not want to begin screening for this sutdy",,,,,,,y,,,,,
nolongitudinal_block,consent_baseline,,radio,"<div class=""rich-text-field-label""><p><span style=""font-size: 14pt;"">You may close this survey now.<span style=""font-weight: normal;""> </span></span><br><br>Sorry<span style=""font-weight: normal;""> -- we are only actively recruiting for our longitudinal study for now! Please keep your eyes peeled for additional opportunities in the future :) </span></p></div>","1, You will be unable to proceed because you have indicated that you cannot do our longitudinal study",,,,,,"[interested_spstudy_consent(1)]<>'1' and 
[interested_spstudy_consent(2)]<>'1' and
[interested_spstudy_consent(3)]<>'1' and 
[interested_spstudy_consent(4)]<>'1'",y,,,,, @READONLY
survey_closed,consent_baseline,,radio,"<div class=""rich-text-field-label""><p><span style=""font-weight: normal; font-size: 14pt;""><strong>Apologies</strong> -- the maximum number of survey responses (for non-Yale students) for this period have been collected!</span></p> <p> </p> <p><span style=""font-weight: normal; font-size: 14pt;"">We <strong>plan to continue collecting responses SOON </strong></span></p> <p> </p> <p><span style=""font-size: 14pt;""><em><strong>Please check in each week to see if we are accepting new responses</strong></em></span></p> <p> </p> <p><span style=""font-weight: normal; font-size: 14pt;"">If you did not provide an email but would like to be contacted once the study resumes, please email <a href=""mailto:maximillian.greenwald@yale.edu"">maximillian.greenwald@yale.edu</a> </span></p> <p> </p></div>","1, Please check in in a week while we complete preliminary analyses, spruce up our measures, and incorporate participant feedback :)",,,,,,([student_yn]<> '1') and ([cope_pw]='SURVEYNOTCLOSED'),y,,,,, @READONLY
study_summary,consent_baseline,,descriptive,"<div class=""rich-text-field-label""><p style=""text-align: center;""><span style=""font-size: 14pt;""><span style=""text-decoration: underline;"">Study</span> <span style=""text-decoration: underline;"">Summary</span></span></p> <hr> <p dir=""ltr""><span style=""font-size: 12pt;"">WHAT THE STUDY INVOLVES:</span></p> <ul> <li dir=""ltr"" aria-level=""1""> <p dir=""ltr"" role=""presentation"">~2 hours<span style=""font-weight: normal;""> of time at your computer (this may be longer depending on how you answer). <em>You will </em></span><em>automatically</em><span style=""font-weight: normal;""><em> be directed to each new part but you can take </em></span><em>breaks</em><span style=""font-weight: normal;""><em> by sending yourself the survey link.</em></span></p> </li> <li dir=""ltr"" aria-level=""1""> <p dir=""ltr"" role=""presentation""><span style=""font-weight: normal;"">Signing the below </span>consent form<span style=""font-weight: normal;"">, correctly answering the consent quiz, </span><span style=""font-weight: normal;"">and completing an </span>eligibility survey</p> </li> <li dir=""ltr"" aria-level=""1""><span style=""font-weight: normal;"">A</span> 24 - 48hr wait<span style=""font-weight: normal;""> while reserachers </span>ensure eligibility </li> <li dir=""ltr"" aria-level=""1""> <p dir=""ltr"" role=""presentation"">2 questionnaires <span style=""font-weight: normal;"">about psychedelic and other drug use, mental health, how you think, and any unusual sensory experiences you've had.</span></p> </li> <li dir=""ltr"" aria-level=""1""> <p dir=""ltr"" role=""presentation"">4 online games <span style=""font-weight: normal;"">(10-25 minutes each)</span></p> </li> <li dir=""ltr"" aria-level=""1"">SMS verification <span style=""font-weight: normal;"">of a unique phone number</span></li> <li dir=""ltr"" aria-level=""1""> <p dir=""ltr"" role=""presentation""><span style=""font-weight: normal;"">A few debriefing</span> <span style=""font-weight: normal;"">and</span> quality-control <span style=""font-weight: normal;"">questions</span><span style=""font-weight: normal;"">.</span></p> </li> </ul> <p dir=""ltr""><span style=""font-size: 12pt;"">COMPENSATION:</span></p> <ul> <li dir=""ltr"" aria-level=""1""> <p dir=""ltr"" role=""presentation"">$40 <span style=""font-weight: normal;"">via US Bank Digital Gift Card (emailed), Amazon gift card (emailed), or Prolific account (direct)</span></p> </li> </ul> <p><span style=""font-size: 12pt;"">RULES FOR PARTICIPATION:</span></p> <ul> <li dir=""ltr"" aria-level=""1"">Payment may be withheld<span style=""font-weight: normal;""> until you</span> replay the games <span style=""font-weight: normal;"">if</span> <span style=""font-weight: normal;"">your responses show that you </span>did not understand the rules<span style=""font-weight: normal;""> or </span>answered randomly<span style=""font-weight: normal;"">.</span></li> <li dir=""ltr"" aria-level=""1"">Payment may be withheld<span style=""font-weight: normal;""> if survey responses show you are</span> not paying attention<span style=""font-weight: normal;"">, have provided </span>fraudulent responses<span style=""font-weight: normal;"">, or </span>are likely to be taking the survey multiple times.</li> <li dir=""ltr"" aria-level=""1"">Payment may be withheld <span style=""font-weight: normal;"">if your </span>breaks exceed<span style=""font-weight: normal;""> </span>24hrs</li> </ul> <p dir=""ltr"">WHAT IS NEEDED TO PARTICIPATE:</p> <ol> <li dir=""ltr"" aria-level=""1""> <p dir=""ltr"" role=""presentation""><span style=""font-weight: normal;"">A </span>Computer<span style=""font-weight: normal;""> (not smartphone or tablet)</span></p> </li> <li dir=""ltr"" aria-level=""1""> <p dir=""ltr"" role=""presentation"">Stable internet</p> </li> <li dir=""ltr"" aria-level=""1""> <p dir=""ltr"" role=""presentation""><span style=""font-weight: normal;"">Good </span>headphones</p> </li> <li dir=""ltr"" aria-level=""1""> <p dir=""ltr"" role=""presentation""><span style=""font-weight: normal;"">A </span>private<span style=""font-weight: normal;"">, </span>distraction-free <span style=""font-weight: normal;"">space</span></p> </li> <li dir=""ltr"" aria-level=""1""> <p dir=""ltr"" role=""presentation"">Some history of psychedelic use</p> </li> <li dir=""ltr"" aria-level=""1""> <p dir=""ltr"" role=""presentation""><span style=""font-weight: normal;""><strong id=""docs-internal-guid-07d09833-7fff-f38f-b3e2-18e36df1113b"">No same-day psychoactive drug-use </strong></span><strong id=""docs-internal-guid-07d09833-7fff-f38f-b3e2-18e36df1113b"">(besides nicotine or caffeine)</strong></p> </li> <li dir=""ltr"" aria-level=""1""><strong><span style=""font-weight: normal;"">A </span>cellphone<span style=""font-weight: normal;""> that can </span>receive SMS texts</strong></li> </ol></div>",,,,,,,[student_yn]<>'1',,,,,,
study_summary_yale,consent_baseline,,descriptive,"<div class=""rich-text-field-label""><p style=""text-align: center;""><span style=""font-size: 14pt;""><span style=""text-decoration: underline;"">Study</span> <span style=""text-decoration: underline;"">Summary</span></span></p> <hr> <p dir=""ltr""><span style=""font-size: 12pt;"">YALE STUDENTS -- <em>THIS STUDY ALSO RECRUITS PARTICIPANTS FOR-PAY WHO COMPLETE MORE QUESTIONNAIRES AND GAMES -- IGNORE ANY INFORMATION ABOUT TIMING ETC. JUST KEEP GOING UNTIL IT SAYS YOU ARE DONE. </em></span></p> <p dir=""ltr""> </p> <p dir=""ltr""><span style=""text-decoration: underline;""><span style=""font-size: 12pt;"">WHAT THE STUDY INVOLVES FOR YALE STUDENTS:</span></span></p> <ul> <li dir=""ltr"" aria-level=""1""> <p dir=""ltr"" role=""presentation""><span style=""font-weight: normal;"">Sign Consent</span></p> </li> <li dir=""ltr"" aria-level=""1""> <p dir=""ltr"" role=""presentation""><span style=""font-weight: 400;"">Screening form</span></p> </li> </ul> <p><em><span style=""font-weight: 400;"">Actual study:</span></em></p> <ul> <li dir=""ltr"" aria-level=""1""><span style=""font-weight: 400;"">Questionnaires #1</span></li> <li dir=""ltr"" aria-level=""1""> <p dir=""ltr"" role=""presentation""><span style=""font-weight: 400;"">Questionnaires #2</span></p> </li> <li dir=""ltr"" aria-level=""1""><span style=""font-weight: 400;"">Game #1 -- Can You See the Pattern?</span></li> <li dir=""ltr"" aria-level=""1""><span style=""font-weight: 400;"">Game #2 -- Lucky Picture Picking Game</span></li> <li dir=""ltr"" aria-level=""1""><span style=""font-weight: 400;"">Uber brief debrief Questions + option to download debrief form. </span></li> </ul></div>",,,,,,,[student_yn]='1',,,,,,
consent_baseline,consent_baseline,,descriptive,"<div class=""rich-text-field-label""><p style=""mso-margin-top-alt: auto; mso-margin-bottom-alt: auto; line-height: normal;""><span style=""font-size: 14pt;"">IMPORTANT:<span style=""font-weight: normal;""> <span style=""font-size: 12pt;"">please download and/or scroll through the attached PDF consent form -- <em>you will need to correctly answer a simple, brief quiz on aspects of this consent on the following page to ensure you understand what your participation consists of.</em></span></span></span></p> <p style=""mso-margin-top-alt: auto; mso-margin-bottom-alt: auto; line-height: normal;""><span style=""font-weight: normal;"">Signing this consent form is required before we may collect any information from you. It does not obligate you to perform any study procedures whatsoever : ) </span></p></div>",,,,,,,[student_yn]='0',,,,,,
control_group,consent_baseline,,yesno,"<div class=""rich-text-field-label""><p><span style=""font-weight: 400;"">Are you doing this study because you <span style=""text-decoration: underline;""><em><span style=""font-weight: normal;"">HAVE NOT </span></em></span>used a <a href=""https://en.wikipedia.org/wiki/List_of_psychedelic_drugs"">serotonergic psychedelic</a> in the past and want to be in the <span style=""text-decoration: underline;"">control group</span>?</span></p></div>",,,,,,,[student_yn]='0',y,,,,,
invited_yn,consent_baseline,,yesno,"<div class=""rich-text-field-label""><p><span style=""font-weight: normal;"">Were you provided with a special</span><span style=""text-decoration: underline;""> password</span><span style=""font-weight: normal;"">?</span></p></div>",,,,,,,,y,,,,,
cope_pw,consent_baseline,,text,"<div class=""rich-text-field-label""><p><span style=""font-weight: normal;"">Please provide the </span>password<span style=""font-weight: normal;""> provided to you in the email invitation. </span></p></div>",,,,,,,[invited_yn]='1',y,,,,,
sona_id,consent_baseline,,text,"Please enter your SONA ID (a five-digit ""identity code"" starting with a 7) so you can receive course credit!",,,,,,,[student_yn]='1',y,,,,,
prolific_yn,consent_baseline,,yesno,Are you taking this survey through Prolific?,,,,,,,[student_yn]<>'1',y,,,,,
prolific_id_bl,consent_baseline,,text,"Please enter your unique 24-character alphanumeric Prolific ID 
(do this carefully so we can pay you!)",,,,,,, [prolific_yn]='1' ,y,,,,,
mturk_yn,consent_baseline,,yesno,Are you taking this survey through MTurk?,,,,,,,[student_yn]<>'1',y,,,,,
mturk_id,consent_baseline,,text,"Please enter your unique 14-character MTurk ID 
(do this carefully so we can pay you!)",,,,,,, [mturk_yn]='1' ,y,,,,,
payment_pref,consent_baseline,,radio,How do you want to be paid?,"1, Physical VISA delivered by Amazon (NOT Currently an option) | 2, Amazon Gift Card (FASTEST option-- BUT make sure you check that you can actually receive what you want from Amazon.COM -- we are not able to send cards to other countries' Amazons) | 3, MTurk Account (not currently an option) | 4, Prolific Account (not currently an option) | 5, Digital Gift Card (NOT currently an option -- these cards are taking too long to send) | 6, Physical VISA delivered by us (NOT currently an option)",,,,,,([student_yn]='0') and ([prolific_yn]='0') and ([mturk_yn]='0'),y,,,,,
nousbank,consent_baseline,,radio,"<div class=""rich-text-field-label""><p><span style=""font-size: 14pt;"">Stop<span style=""font-weight: normal;"">! We are </span>no longer sending US Bank digital cards <span style=""font-weight: normal;"">because they are a mess to deal with at the Yale Business Office and are taking way too long to arrive for people :( </span></span><br><br>Sorry<span style=""font-weight: normal;""> -- if this is the only acceptable payment option for you please let us know and we can message if/when we offer these again.</span></p></div>","1, Please pick a different payment option for now :(",,,,,,[payment_pref]='5',,,,,, @READONLY
usbankinfo,consent_baseline,,descriptive,"Please see this PDF for information on how to claim your emailed US Bank Gift Card!
(You can download and save if you want -- the email will also contain information on how to activate your card)",,,,,,,[payment_pref]='5',,,,,,
no_prolific,consent_baseline,,checkbox,"<div class=""rich-text-field-label""><p><span style=""font-weight: normal;"">You must access this study through Prolific to be paid to your Prolific account. </span></p> <p><span style=""font-weight: normal;"">Please go to Prolific and select ""</span><span style=""text-decoration: underline;"">Yale Psychedelic Study</span><span style=""font-weight: normal;"">"" :)</span></p></div>","1, Checkbox disabled; please reopen this survey through Prolific or select another payment method",,,,,,[payment_pref]='4',y,,,,, @READONLY
no_prolific_2,consent_baseline,,checkbox,"<div class=""rich-text-field-label""><p><span style=""font-weight: 400;"">Physical VISA gift cards are <span style=""font-weight: normal;"">no longer an option</span> :( </span></p> <p><span style=""font-weight: 400;"">Digital e-Gift cards function like a VISA gift card and come much, much faster!</span></p> <p> </p> <p><em><span style=""font-weight: 400;"">If none of the payment options are possible for you but you still very much want to participate, please email maximillian.greenwald@yale.edu</span></em></p></div>","1, Checkbox disabled; please reopen this survey through Prolific or select another payment method",,,,,,[payment_pref]='4',y,,,,, @READONLY
no_mturk,consent_baseline,,checkbox,"<div class=""rich-text-field-label""><p><span style=""font-weight: normal;"">We're sorry, this study is currenlty </span><span style=""text-decoration: underline;"">unavailable via MTurk</span></p> <p><span style=""font-weight: normal;"">You may consider checking back later to look for ""</span><span style=""text-decoration: underline;"">Yale Psychedelic Study</span><span style=""font-weight: normal;"">"" on MTurk</span></p></div>","1, Checkbox disabled; please reopen this survey through Mturk or select another payment method",,,,,,[payment_pref]='3',y,,,,, @READONLY
payment_email_bl,consent_baseline,,text,"<div class=""rich-text-field-label""><p><span style=""font-weight: normal;"">Please enter an </span>email address<span style=""font-weight: normal;""> that we can send your Gift Card to.</span></p> <p><span style=""font-weight: normal;""><span style=""text-decoration: underline;"">NOTE</span>: While we aim to send compensation within a few days of completion, please know that card delivery can take up to </span>15 business days<span style=""font-weight: normal;""> due to unavoidable processing time from Yale's Business Office :(</span></p></div>",,,email,,,,([student_yn]='0') and ([payment_pref]='2' or [payment_pref]='5'),y,,,,,
payment_email_bl_2,consent_baseline,,text,"<div class=""rich-text-field-label""><p><span style=""font-weight: normal;"">Please</span> re-enter the same email address<span style=""font-weight: normal;""> to make sure there aren't any typos :)</span></p></div>",,,email,,,,([student_yn]='0') and ([payment_pref]='2' or [payment_pref]='5'),y,,,,,
firstname,consent_baseline,,text,"<div class=""rich-text-field-label""><p><span style=""font-weight: normal;"">Please enter your </span>legal <span style=""text-decoration: underline;"">first</span> name<span style=""font-weight: normal;"">. </span></p> <p><span style=""font-weight: normal;""><span style=""text-decoration: underline;"">NOTE</span>: While we do not encourage it, if for </span><em>privacy reasons</em><span style=""font-weight: normal;""> you enter a name different than your true name </span><em>you will still be able to use your card if you use the false name when using the card.</em></p> <p><span style=""text-decoration: underline;"">The risk</span><span style=""font-weight: normal;""> in doing this is that merchants who require registrant information (eg. a mailing address and name) may reject your card, and you will be unable to troubleshoot, request a physical card, or seek help from US Bank. </span></p> <p><span style=""font-weight: normal;"">Providing a false name is NOT illegal and will NOT affect your participation. </span></p></div>",,,,,,,([student_yn]='0') and ([payment_pref]='5'),y,,,,,
lastname,consent_baseline,,text,"<div class=""rich-text-field-label""><p><span style=""font-weight: normal;"">Please enter your </span>legal <span style=""text-decoration: underline;"">last</span> name<span style=""font-weight: normal;"">. </span></p> <p><span style=""font-weight: normal;""><span style=""text-decoration: underline;"">NOTE</span>: While we do not encourage it, if for </span><em>privacy reasons</em><span style=""font-weight: normal;""> you enter a name different than your true name </span><em>you will still be able to use your card if you use the false name when using the card.</em></p> <p><span style=""text-decoration: underline;"">The risk</span><span style=""font-weight: normal;""> in doing this is that merchants who require registrant information (eg. a mailing address and name) may reject your card, and you will be unable to troubleshoot, request a physical card, or seek help from US Bank. </span></p> <p><span style=""font-weight: normal;"">Providing a false name is NOT illegal and will NOT affect your participation. </span></p></div>",,,,,,,([student_yn]='0') and ([payment_pref]='5'),y,,,,,
emailswrong,consent_baseline,,radio,It looks like one of the two emails above doesn't match! Please double check your work :) ,"1, Go back and make sure the emails are the same!",,,,,,[payment_email_bl] <> [payment_email_bl_2],y,,,,, @READONLY
payment_address_bl,consent_baseline,,notes,"<div class=""rich-text-field-label""><p>Please enter a <span style=""text-decoration: underline;"">shipping address</span> and <span style=""text-decoration: underline;"">first/last name</span> so that we can send your VISA Gift Card to <br>(<em>if you are uncomfortable with sharing address/name, you can pick Amazon gift card which can be sent to any email address.</em>)</p> <p><span style=""font-weight: normal;""><em><span style=""font-size: 12pt;"">Note: to deter VISA card theft in transit (and make sure folks get paid in a timely fashion!) we are requiring that folks </span></em></span><em><span style=""font-size: 12pt;"">sign upon delivery</span></em><span style=""font-weight: normal;""><em><span style=""font-size: 12pt;""> with whatever first/last name is included above!</span></em></span></p></div>",,,,,,,[payment_pref]='1' or [payment_pref]='6',y,,,,,
consent_yale,consent_baseline,,descriptive,"<div class=""rich-text-field-label""><h3 style=""text-align: left;""><strong>COMPOUND AUTHORIZATION AND CONSENT FOR PARTICIPATION IN A RESEARCH STUDY</strong></h3> <p> </p> <p><strong>YALE UNIVERSITY SCHOOL OF MEDICINE</strong></p> <p><strong>CONNECTICUT MENTAL HEALTH CENTER</strong></p> <p> </p> <p><strong> </strong></p> <p><strong>Study Title:</strong><strong> The COPE Project</strong></p> <p><strong>Principal Investigator (the person who is responsible for this research):</strong><i> </i>Dr. Al Powers</p> <p><strong>Phone Number</strong>: <strong>203-974-7329</strong></p> <p>Funding: Burroughs Wellcome Fund</p> <p> </p> <p><strong>Research Study Summary:</strong></p> <ul> <li>We are asking you to join a research study.</li> <li>The purpose of this project is to understand perceptual experiences without external stimuli (seeing, hearing, feeling things that others do not) and learn from the methods and skills individuals with these experiences have developed to further enhance mental health treatment for those who struggle. This part of the study aims to compare vision perception as well as belief formation and reward processing in people with and without a history of psychedelic substance use (psilocybin mushrooms, LSD, Ayahuasca, DMT, mescaline, Peyote, San Pedro, etc.). Study procedures will include a compilation of assessments online, as well as participation in online auditory, visual, and decision-making games.</li> <li>Some assessments will ask about sensitive material pertaining to mental health including symptoms of anxiety, depression, psychosis, and substance use disorder.</li> <li>No visits into our office are required as participation will be entirely web-based.</li> <li>Your participation will take approximately 1 hour. Breaks can be taken at your discretion as you need them.</li> <li>The only risks for participating in this study are potential boredom or tiredness after taking the entire assessment without breaks or potential discomfort in answering some of the questions, as some of them do have to do with your beliefs, your history, and your mental health.</li> <li>There are no expected personal benefits for participation. In terms of benefits to society, we hope that this study will increase our understanding of the therapeutic effects and potential risks of psychedelics while potentially contributing to our overall understanding of the mechanisms of hallucinations in the brain. We hope that this will help us develop improved treatments for a variety of mental health conditions.</li> <li> Taking part in this study is your choice. You can choose to take part, or you can choose not to take part in this study. You can also change your mind at any time. Whatever choice you make, you will not lose access to your medical care or give up any legal rights or benefits.</li> <li>If you are interested in learning more about the study, please continue reading, or have someone read to you, the rest of this document. Take as much time as you need before you make your decision. Ask the study staff questions about anything you do not understand. Once you understand the study, we will ask you if you wish to participate; if so, you will have to sign this form.</li> </ul> <p><strong> </strong></p> <p><strong>Why is this study being offered to me?</strong></p> <p><span style=""font-weight: normal;"">We are asking you to take part in a research study because you have regular computer and internet access and may or may not regularly use cannabis or psychedelics. We are looking for 400 healthy participants in this study.</span></p> <p><span style=""font-weight: normal;""><i>Your participation in this study is extremely valuable for our research, and we hope that participating will prove to be an educational experience for you.  In addition, however, please remember that this is only one of the ways in which you can fulfill your ""experimental participation"" credits for Introduction to Psychology.  Other ways, as detailed in the form handed out to you in class, include serving as an observer of 5 experiments, or arranging for other options of equivalent educational value (e.g., writing essays) through your instructor.</i></span></p> <p><strong>What is the study about?</strong></p> <p><span style=""font-weight: normal;"">The purpose of this study is to understand possible differences in perception and belief formation that may exist between people who do and do not use psychedelics or cannabis to understand the potential risks and benefits to mental health of these compounds.</span></p> <p><strong>What are you asking me to do and how long will it take?</strong></p> <p><span style=""font-weight: normal;"">If you agree to take part in this study, this is what will happen: You will read this consent form and if you choose to participate, you will sign the consent form. Upon completion of consent, you will then be sent a link to your email address where you will have access to the eligibility screening questionnaire for the study. Screening you for eligibility will allow us to determine which assessments may be most beneficial for you to take. Personal information may be gathered such as first name, email address, location, age, and sex, as well as mental health history.</span></p> <p><span style=""font-weight: normal;"">After the screening, should you not be eligible for this part of the study, a screen will appear and you will be notified that at this time we cannot proceed. You will not be able to move forward with the surveys. Should you be eligible to participate, you will be presented with a series of other assessments based on how you answered the questions in the screening process, as well as the hearing and vision games. This entire process will take about 30-60 minutes (if you were to take it all in one sitting); all of which you will be paid for (unless you are Yale student, in which case you receive only course credit). Please note you are encouraged to take as many breaks as you need.</span></p> <p><span style=""font-weight: normal;"">Once we have received all of your responses from the assessments and the games, we will carefully review them to ensure we understand your responses so that the data can be correctly interpreted for our research. Should we have any follow up questions, we will be reaching out to you for clarification. Additionally, we will be doing quality control of responses to the games and there is a chance you may need to re-play the games if we feel you may not have understood how to respond correctly or if there's any indication in your performance that you were unable to provide answers that made sense. </span></p> <p><strong>What are the risks and discomforts of participating?</strong></p> <p><span style=""font-weight: normal;"">There are minimal to no risks in participation. The potential risks are boredom or tiredness from the length of time this can take, so we encourage you to take breaks as often, and as long as you need. Some of the questions may even be uncomfortable because they do ask personal information. Our research team is available to you at any time to discuss any discomfort you may be experiencing or to answer any questions you have.</span></p> <p><span style=""font-weight: normal;""> For Yale students, the following protocol is in place to offer support for students based on their answers to questions pertaining to mental health:</span></p> <p><span style=""font-weight: normal;"">Several additional steps will be taken as part of a plan to handle incidental findings with respect to apparent depression, severe anxiety, problematic substance use, distressing hallucinations, or suicidality should they arise. First, the investigator receiving the submitted depression/anxiety/hallucination/delusion measures is a qualified, clinically trained post-clerkship MD/PhD student who is closely advised by his PI who is himself a board-certified psychiatrist and has close access to a child and adolescent psychiatry fellow. RedCap sends email notifications to this investigator with each completed survey, and responses are reviewed within 24 hours.  Participants will be identified and contacted in the event that their answers demonstrate: 1) elevated depression scores (5 or greater on PHQ9) and who endorse mild suicidality (greater than a 0 item 9 on the PHQ-9 ), 2) severe anxiety (BAI > 26), 3) endorsement of distress related to hallucinations on Chicago Hallucination Assessment Tool (CHAT) or Auditory Hallucinations Rating Scale (AHRS), or 4) endorsement that they may have a problematic relationship with a substance.</span></p> <p> </p> <p><span style=""font-weight: normal;"">Dr. Albert Powers (a licensed psychiatrist) will follow-up on this information by personally contacting participants with any of the above criteria. PHQ-9 and BAI scores were chosen based on standardized scores for clinical severity of mood and anxiety symptoms. Endorsed distress and problematic relationship with substances were selected as criteria for hallucination and substance-use reporting in recognition of the fact that presence of hallucinations or frequent substance use are often not experienced as disordered. Dr. Powers will contact participants by email with the following scripts:</span></p> <p><span style=""font-weight: normal;""> For participants who endorse elevated depressive symptoms in their survey: "" I am a faculty supervisor and psychiatrist involved in the psychology experiment you did recently. The person who ran your experiment noticed that you seemed to be feeling quite down and blue, according to one of the questionnaires you completed. I wanted to follow-up and offer to provide any other referral information you might want. Additionally, if you would like to speak with me over the phone or in person, I would be glad to do so. Please let me know. Thanks.""</span></p> <p><span style=""font-weight: normal;""> For participants who endorse elevated anxiety symptoms in their survey: "" I am a faculty supervisor and psychiatrist involved in the psychology experiment you did recently. The person who ran your experiment noticed that you seemed to be feeling pretty stressed and worried, according to one of the questionnaires you completed. I wanted to follow-up and offer to provide any other referral information you might want. Additionally, if you would like to speak with me over the phone or in person, I would be glad to do so. Please let me know. Thanks.""</span></p> <p><span style=""font-weight: normal;"">For participants who endorse distressing hallucinations in their survey: "" I am a faculty supervisor and psychiatrist involved in the psychology experiment you did recently. The person who ran your experiment noticed that you seemed to be having some unusual experiences that you've been struggling with, according to one of the questionnaires you completed. I wanted to follow-up and offer to provide any other referral information you might want. Additionally, if you would like to speak with me over the phone or in person, I would be glad to do so. Please let me know. Thanks.""</span></p> <p><span style=""font-weight: normal;"">For participants who endorse problematic substance use in their survey: ""I am a faculty supervisor and psychiatrist involved in the psychology experiment you did recently. The person who ran your experiment noticed that you seemed to have some concerns about substance use, according to one of the questionnaires you completed. I wanted to follow-up and offer to provide any other referral information you might want. Additionally, if you would like to speak with me over the phone or in person, I would be glad to do so. Please let me know. Thanks.""</span></p> <p><span style=""font-weight: normal;"">Participants who respond to this phone call and/or email will be encouraged to make an appointment with the Yale Center for Anxiety and Mood Disorders (YCAMD), Psychosis Prodrome Research Clinic (PRIME), or Yale Health. YCAMD is conveniently located next to Yale University's campus; PRIME is in the Connecticut Mental Health Center next to the medical campus. Assistance in making appointments will be provided if requested. Those requesting referrals outside the University will be given a list of referrals based on Dr. Powers's familiarity with local specialists in mood and anxiety disorders, substance use disorders, or psychotic-spectrum disorders.</span></p> <p><strong>How will I know about new risks or important information about the study</strong><strong>?</strong></p> <p><span style=""font-weight: normal;"">We will tell you if we learn any new information that could change your mind about taking part in this study.</span></p> <p><strong> How can the study possibly benefit me?</strong></p> <p><span style=""font-weight: normal;"">There are no expected personal benefits for participation. </span></p> <p><strong>How can the study possibly benefit other people?</strong></p> <p><span style=""font-weight: normal;"">In terms of benefits to society, we hope that this study will increase our understanding of the therapeutic effects and potential risks of psychedelics while potentially contributing to our overall understanding of the mechanisms of hallucinations in the brain. We hope that this will help us develop improved treatments for a variety of mental health conditions.</span></p> <p><strong>Are there any costs to participation?</strong></p> <p><span style=""font-weight: normal;"">You will not have to pay for taking part in this study. The study will be taking place in the comfort of your own home or space of choice, so there will be no costs for transportation either.</span></p> <p><strong> Will I be paid for participation?</strong></p> <p><span style=""font-weight: normal;"">Participants recruited as a Yale students will not receive compensation for this study.</span></p> <p><strong>What are my choices if I decide not to take part in this study?</strong></p> <p><span style=""font-weight: normal;"">Instead of participating in this study, you can choose not to.</span></p> <p><strong>How will you keep my data safe and private?</strong></p> <p><span style=""font-weight: normal;"">We will keep information we collect about you confidential. We will share it with others if you agree to it or when we have to do it because U.S. or State law requires it. For example, we will tell somebody if we learn that you are hurting a child or an older person. Information collected about substance use history will be kept confidential and will not be shared with law enforcement or anyone outside the research team.</span></p> <p><span style=""font-weight: normal;""> When we publish the results of the research or talk about it in conferences, we will not use your name. If we want to use your name, we would ask you for your permission. </span></p> <p><span style=""font-weight: normal;""> We will not use your information or distribute it for future research studies without your permission.</span></p> <p><span style=""font-weight: normal;""><strong> </strong>While we will be collecting your first name, email address and state of residence, all of your information will be de-identified upon receipt and only the study team will have access to your personal information. We will also be keeping this data for ten years before destroying it.</span></p> <p><strong>What Information Will You Collect About Me in this Study?</strong></p> <p><span style=""font-weight: normal;""> The information we are asking to use and share is called ""Protected Health Information."" It is protected by a federal law called the Privacy Rule of the Health Insurance Portability and Accountability Act (HIPAA). In general, we cannot use or share your health information for research without your permission. If you want, we can give you more information about the Privacy Rule. Also, if you have any questions about the Privacy Rule and your rights, you can speak to Yale Privacy Officer at 203-432-5919.</span></p> <p><span style=""font-weight: normal;""> The specific information about you and your health that we will collect, use, and share includes: age, sex, race, medical history, diagnoses, substance use, and results of the study.</span></p> <ul> <li><span style=""font-weight: normal;""> Research study records</span></li> <li><span style=""font-weight: normal;"">Records about your study visits</span></li> <li><span style=""font-weight: normal;"">Information obtained during this research regarding</span></li> <li><span style=""font-weight: normal;"">Questionnaires</span></li> <li><span style=""font-weight: normal;"">The diagnosis and treatment of a mental health condition</span></li> </ul> <p> </p> <p><strong>How will you use and share my information?</strong></p> <p><span style=""font-weight: normal;"">We will use your information to conduct the study described in this consent form.</span></p> <p><span style=""font-weight: normal;"">We may share your information with:</span></p> <ul> <li><span style=""font-weight: normal;"">The U.S. Department of Health and Human Services (DHHS) agencies</span></li> <li><span style=""font-weight: normal;"">Representatives from Yale University, the Yale Human Research Protection Program and the Institutional Review Board (the committee that reviews, approves, and monitors research on human participants), who are responsible for ensuring research compliance.  These individuals are required to keep all information confidential.</span></li> <li><span style=""font-weight: normal;"">Co-Investigators and other investigators</span></li> <li><span style=""font-weight: normal;"">Study Coordinator and Members of the Research Team</span></li> <li><span style=""font-weight: normal;"">Data and Safety Monitoring Boards and others authorized to monitor the conduct of the Study</span></li> </ul> <p><span style=""font-weight: normal;""> We will do our best to make sure your information stays private. But, if we share information with people who do not have to follow the Privacy Rule, your information will no longer be protected by the Privacy Rule. Let us know if you have questions about this. However, to better protect your health information, agreements are in place with these individuals and/or companies that require that they keep your information confidential.</span></p> <p> </p> <p><strong>Why must I sign this document?</strong></p> <p><span style=""font-weight: normal;"">By signing this form, you will allow researchers to use and disclose your information described above for this research study. This is to ensure that the information related to this research is available to all parties who may need it for research purposes. You always have the right to review and copy your health information in your medical record.</span></p> <p> </p> <p><strong>What if I change my mind?</strong></p> <p><span style=""font-weight: normal;"">The authorization to use and disclose your health information collected during your participation in this study will never expire.  However, you may withdraw or take away your permission at any time. You may withdraw your permission by telling the study staff or by writing to Dr. Al Powers at the Yale University, New Haven, CT 06520.</span></p> <p> </p> <p><span style=""font-weight: normal;"">If you withdraw your permission, you will not be able to stay in this study but the care you get from your doctor outside this study will not change.  No new health information identifying you will be gathered after the date you withdraw. Information that has already been collected may still be used and given to others until the end of the research study to insure the integrity of the study and/or study oversight. </span></p> <p> </p> <p><strong>What if I want to refuse or end participation before the study is over?</strong></p> <p><span style=""font-weight: normal;""><strong> </strong>Taking part in this study is your choice. You can choose to take part, or you can choose not to take part in this study.  You also can change your mind at any time.  Whatever choice you make, you will not lose access to your medical care or give up any legal rights or benefits.</span></p> <p>Not participating or withdrawing later will not harm your relationship with your own doctors or with this institution. </p> <p><span style=""font-weight: normal;""> To withdraw from the study, you can call or email a member of the research team at any time and tell them that you no longer want to take part.  You can also simply stop participation by no longer filling out the online surveys or no longer logging in to participate in other surveys.</span></p> <p><span style=""font-weight: normal;"">The researchers may withdraw you from participating in the research if necessary due to exclusion criteria.</span></p> <p> </p> <p><strong>What will happen with my data if I stop participating?</strong></p> <p><span style=""font-weight: normal;"">Should you stop participating, whatever data has been collected within the surveys will still potentially be used.</span></p> <p> </p> <p><strong>Who should I contact if I have questions?</strong></p> <p><span style=""font-weight: normal;"">Please feel free to ask about anything you don't understand. If you have questions later or if you have a research-related problem, you can call the Principal Investigator at  </span><strong>203- 974-7329.</strong></p> <p><span style=""font-weight: normal;"">You may also email the research team at powers.lab@yale.edu.</span></p> <p><span style=""font-weight: normal;"">If you have questions about your rights as a research participant, or you have complaints about this research, you call the Yale Institutional Review Boards at (203) 785-4688 or email <a href=""mailto:hrpp@yale.edu"">hrpp@yale.edu</a>.</span></p></div>",,,,,,,[student_yn]=1,,,,,,
consent_quiz1,consent_baseline,"To make sure you understand the most important parts of the above instructions and consent form, please answer the following questions correctly! :) ",radio,How will I be paid?,"1, In cash | 2, US Bank Digital Gift Card/Amazon Gift Card, mailed VISA card, Prolific account, MTurk account, or Yale University Course Credit | 3, No payment of any kind will be received",,,,,,[student_yn]='0',y,,,,,
correct_consent,consent_baseline,,calc,"<div class=""rich-text-field-label""><p>Correct answer?</p></div>","if([consent_quiz1]='2',1,0)",,,,,,,,,,,, @HIDDEN-SURVEY
consent_quiz2,consent_baseline,,radio,"<div class=""rich-text-field-label""><p>Why am I being asked to participate?<br><span style=""font-weight: normal;"">(<em>Hint: not just what about you we are studying but also what is required for you to be able to participate!)</em></span><br><br></p></div>","1, I have reliable computer and internet access | 2, To learn from my experiences as someone with varying amounts of psychedelic use | 3, Both A & B",,,,,,[student_yn]='0',y,,,,,
correct_consent2,consent_baseline,,calc,"<div class=""rich-text-field-label""><p>Correct answer?</p></div>","if([consent_quiz2]='3',1,0)",,,,,,,,,,,, @HIDDEN-SURVEY
consent_quiz3,consent_baseline,,radio,"<div class=""rich-text-field-label""><p>What benefit is there to me?<br><br><em><span style=""font-weight: normal;"">(Hint: this study <span style=""text-decoration: underline;"">does</span> aim to improve mental health treatment!)</span></em></p></div>","1, No direct benefit to me (besides monetary compensation), but I may be helping make changes in mental health treatment to benefit others | 2, No benefits to me (besides monetary compensation) | 3, Treatment for my experiences",,,,,,[student_yn]='0',y,,,,,
correct_consent3,consent_baseline,,calc,"<div class=""rich-text-field-label""><p>Correct answer?</p></div>","if([consent_quiz3]='1',1,0)",,,,,,,,,,,, @HIDDEN-SURVEY
consent_quiz4,consent_baseline,,radio,"<div class=""rich-text-field-label""><p>Will my name be publicly displayed so other participants can contact me?</p> <p><em><span style=""font-weight: normal;"">Hint: your name is HIPAA-protected personally identifiable information that's illegal to share outside the study team!</span></em></p></div>","1, No. Your information will remain completely private and no one will know you participated in the study except for those you tell and the research team | 2, Yes | 3, Both A & B",,,,,,[student_yn]='0',y,,,,,
correct_consent4,consent_baseline,,calc,"<div class=""rich-text-field-label""><p>Correct answer?</p></div>","if([consent_quiz4]='1',1,0)",,,,,,,,,,,, @HIDDEN-SURVEY
consent_quiz_5,consent_baseline,,radio,"<div class=""rich-text-field-label""><p><span style=""font-weight: normal;"">What will happen if my performance on the games suggests a </span>failure to comply with directions <span style=""font-weight: normal;"">and/or random responding?</span></p></div>","1, My compensation will be withheld | 2, My compensation will be withheld until I replay the games in question via emailed link and have a satisfactory performance | 3, I will be fined | 4, Nothing",,,,,,[student_yn]='0',y,,,,,
correct_consent5,consent_baseline,,calc,"<div class=""rich-text-field-label""><p>Correct answer?</p></div>","if([consent_quiz_5]='2',1,0)",,,,,,,,,,,, @HIDDEN-SURVEY
consent_quiz_6,consent_baseline,,radio,"<div class=""rich-text-field-label""><p><span style=""font-weight: normal;"">What will happen if my questionnaire responses indicate that I am </span>not reading the questions<span style=""font-weight: normal;"">,</span> <span style=""font-weight: normal;"">providing </span>false information<span style=""font-weight: normal;"">, or</span> <span style=""font-weight: normal;"">am </span>extremely suspicious for repeated or fraudulent past submissions<span style=""font-weight: normal;"">?</span></p></div>","1, My compensation will be withheld | 2, I will be fined | 3, Nothing",,,,,,[student_yn]='0',y,,,,,
correct_consent6,consent_baseline,,calc,"<div class=""rich-text-field-label""><p>Correct answer?</p></div>","if([consent_quiz_6]='1',1,0)",,,,,,,,,,,, @HIDDEN-SURVEY
correct_totalconsent,consent_baseline,,calc,"<div class=""rich-text-field-label""><p>Total Correct Responses?</p></div>",[correct_consent]+[correct_consent2]+[correct_consent3]+[correct_consent4]+[correct_consent5]+[correct_consent6],,,,,,,,,,,, @HIDDEN-SURVEY
correct_auto,consent_baseline,,checkbox,"<div class=""rich-text-field-label""><div class=""rich-text-field-label""> <p><span style=""font-weight: normal;"">In order to proceed, all quiz questions must be answered and they must be answered correctly. </span>Please review that all questions are answered correctly. </p> </div></div>","1, You cannot proceed until all the answers are correct.",,,,,,([correct_totalconsent] < 6) and ([student_yn]='0'),y,,,,, @READONLY
timelimitwarningyale,consent_baseline,,yesno,"<div class=""rich-text-field-label""><p><span style=""font-weight: normal;"">If you exceed </span>72 hours<span style=""font-weight: normal;""> between the main questionnaire (Survey -- Perception and Substance Use) and the end </span><em>you may not receive credit for your participation</em><span style=""font-weight: normal;"">.</span></p> <p> </p> <p><span style=""font-weight: normal;"">Do you agree to complete the study within 72 hours and try do do so</span> <em>within 24 hours</em>?</p></div>",,,,,,,[student_yn]='1',y,,,,,
save_submit,consent_baseline,,yesno,"<div class=""rich-text-field-label""><p><span style=""font-weight: normal;"">If you want to take a break and return later </span><span style=""text-decoration: underline;"">you must hit ""save and submit later"" at the bottom </span><span style=""font-weight: normal;"">and send yourself a link to </span>continue where you left off<span style=""font-weight: normal;""> OR </span><span style=""text-decoration: underline;"">bookmark the page</span></p> <p><span style=""text-decoration: underline;"">Exiting the window will end your study early </span><em><span style=""font-weight: normal;"">and you might not get paid!</span> </em><span style=""font-weight: normal;"">If this happens, you must email <a href=""mailto:maximillian.greenwald@yale.edu"" target=""_blank"" rel=""noopener"">maximillian.greenwald@yale.edu</a> to request a link back and </span>include your unique record ID: [record_id]</p> <p> </p> <p><span style=""font-weight: normal;"">Do you understand?</span></p></div>",,,,,,,,y,,,,,
record_reminder,consent_baseline,,yesno,"<div class=""rich-text-field-label""><p><span style=""font-weight: normal;"">This is your unique record ID:</span> [record_id]</p> <p> </p> <p><span style=""font-weight: normal;"">Write this down so that if you encounter technical  issues and need to contact us, we can find your specific survey without knowing any of your personal information. </span></p></div>",,,,,,,[student_yn]<>'1',,,,,,
questions_consent,consent_baseline,,yesno,"<div class=""rich-text-field-label""><p><span style=""font-weight: normal;"">Do you have </span>any questions <span style=""font-weight: normal;"">regarding the study or consent form before proceeding?</span></p></div>",,,,,,,[student_yn]<>'1',y,,,,,
questions_email,consent_baseline,,notes,"<div class=""rich-text-field-label""><p><span style=""font-weight: normal;"">Questions are welcome via email sent to </span><a href=""mailto:maximillian.greenwald@yale.edu"">maximillian.greenwald@yale.edu</a><span style=""font-weight: normal;"">, or </span><a href=""mailto:powers.lab@yale.edu"">powers.lab@yale.edu</a><span style=""font-weight: normal;"">. </span></p> <p><span style=""font-weight: normal;"">We would be happy to set up a zoom call to talk through any questions or concerns you might have! </span></p> <p><span style=""font-weight: normal;"">:) </span></p> <p>Otherwise, you can post your question below along with your preferred method of contact and then save your answers -- Max will get an emailed notification and get back to you as soon as possible :) </p></div>",,,,,,,[questions_consent]='1',,,,,,
agree_instructions,consent_baseline,,yesno,"<div class=""rich-text-field-label""><p><span style=""font-weight: normal;"">Before continuing, please </span>make sure you are in a quiet, private, distraction-free place<span style=""font-weight: normal;"">. </span></p> <p><span style=""font-weight: normal;"">Make sure you use the </span>same headphones<span style=""font-weight: normal;""> and a </span>computer monitor<span style=""font-weight: normal;""> (<em>not a smartphone or table</em>)</span> throughout.</p> <p><span style=""font-weight: normal;"">Make sure you are in a </span>private browsing window (eg. Incognito, Private Browsing, Private Window)<span style=""font-weight: normal;""> -- </span><em>you can copy and paste your current URL into the address bar in a private browsing window to continue the survey in a private browsing window.</em></p> <p><span style=""font-weight: normal;"">Though you can save your progress at any time and finish later, please try to </span>finish within 24 hours</p> <p><span style=""text-decoration: underline;"">Do you agree to follow these rules?</span></p></div>",,,,,,,[consent_agree]='1',y,,,,,
consent_agree,consent_baseline,,radio,"<div class=""rich-text-field-label""><p><span style=""font-size: 12pt;"">By clicking the box below, you are agreeing to take part in this study.</span></p></div>","1, Yes, I agree to participate in this study",,,,,,([correct_totalconsent]='6') or ([student_yn]='1'),y,,,,,
consent_contact_screen,consent_baseline,,radio,"<div class=""rich-text-field-label""><p>Optional Consent for Future Contact:<br /><br /><span style=""font-weight: normal;"">The following research activity is optional, meaning that you do not have to agree to it to participate in the research study. Please indicate your willingness to participate in this optional activity. </span><br /><br /><span style=""font-weight: normal;"">The researcher may contact you in the future to notify you about your</span> participation in this study (eg. changed eligibility requirements)<span style=""font-weight: normal;""> and/or to see whether you are</span> interested in participating in other research<span style=""font-weight: normal;""> studies by the Principal Investigator of this study. </span></p> <p><span style=""font-weight: normal;"">Please select the button below to indicate </span>whether you are open to being contacted in the future<span style=""font-weight: normal;"">. </span></p></div>","1, I agree to be contacted in the future regarding this and other studies. | 2, I do not want to be contacted in the future regarding this and other studies.",,,,,,,y,,,,,
email_addtl_contact,consent_baseline,,text,"<div class=""rich-text-field-label""><p><span style=""font-weight: normal;"">Please enter the </span>email address<span style=""font-weight: normal;""> you would like the Powers Lab</span> researchers to use to contact you</p></div>",,,email,,,,[consent_contact_screen]=1,,,,,,
replay_email,consent_baseline,,text,"<div class=""rich-text-field-label""><p>OPTIONAL:<span style=""font-weight: 400;""><i> </i>please include an <span style=""text-decoration: underline;"">email address</span> for us to<span style=""font-weight: normal;""> send 1) emails for <em>when your eligibility is confirmed</em> so you can begin immediately and/or 2) </span><em>redo links</em><span style=""font-weight: normal;""> to if any of your games need to be replayed</span> due to failure to follow the directions and/or random answering</span></p> <p><span style=""font-weight: 400;""><em>If you do not provide an email address AND do not follow directions for the games<span style=""font-weight: normal;""> </span><span style=""text-decoration: underline;""><span style=""font-weight: normal;"">then you may be unable to receive payment </span></span>as we will have no way to contact you with links to replay games.</em></span></p></div>",,,,,,,[student_yn]<>'1',,,,,,
encrypted_metadata_uri,consent_baseline,,notes,"<div class=""rich-text-field-label""></div>",,,,,,,,,,,,, @HIDDEN
task_data_auditory_qualifying_complete,consent_baseline,,text,"<div class=""rich-text-field-label""></div>",,,,,,,,,,,,," @HIDDEN
@DEFAULT='<font color=""red"">Incomplete</font>'"
task_data_visual_qualifying_complete,consent_baseline,,text,"<div class=""rich-text-field-label""></div>",,,,,,,,,,,,," @HIDDEN
@DEFAULT='<font color=""red"">Incomplete</font>'"
achcomplete_2,consent_baseline,,descriptive,vis_qual,,,,,,,,,,,,, @HIDDEN-SURVEY
task_data_visual_qualifying,consent_baseline,,text,"<div class=""rich-text-field-label""></div>",,,,,,,,,,,,, @HIDDEN-SURVEY
task_data_auditory_complete,consent_baseline,,text,"<div class=""rich-text-field-label""></div>",,,,,,,,,,,,," @HIDDEN
@DEFAULT='<font color=""red"">Incomplete</font>'"
achcomplete,consent_baseline,,descriptive,ach_complete,,,,,,,,,,,,, @HIDDEN-SURVEY
task_data_ach_task_short_baseline_complete,consent_baseline,,text,"<div class=""rich-text-field-label""></div>",,,,,,,,,,,,," @HIDDEN-SURVEY
@DEFAULT='<font color=""red"">Incomplete</font>'"
vchshortd1,consent_baseline,,descriptive,vchshortd1:,,,,,,,,,,,,, @HIDDEN-SURVEY
task_data_vchshortd1,consent_baseline,,text,"<div class=""rich-text-field-label""></div>",,,,,,,,,,,,, @HIDDEN-SURVEY
vchshortd2,consent_baseline,,descriptive,vchshortd1_complete:,,,,,,,,,,,,, @HIDDEN-SURVEY
task_data_vchshortd1_complete,consent_baseline,,text,"<div class=""rich-text-field-label""></div>",,,,,,,,,,,,," @HIDDEN-SURVEY
@DEFAULT='<font color=""red"">Incomplete</font>'"
vchshortd3,consent_baseline,,descriptive,auditory qualifying,,,,,,,,,,,,, @HIDDEN-SURVEY
task_data_auditory_qualifying,consent_baseline,,text,"<div class=""rich-text-field-label""></div>",,,,,,,,,,,,, @HIDDEN-SURVEY
labelach,consent_baseline,,descriptive,ach_task,,,,,,,,,,,,, @HIDDEN-SURVEY
task_data_ach_task_short_baseline,consent_baseline,,text,"<div class=""rich-text-field-label""></div>",,,,,,,,,,,,, @HIDDEN-SURVEY
label_vch,consent_baseline,,descriptive,vch,,,,,,,,,,,,, @HIDDEN-SURVEY
task_data_vch_short_psychedelic_bl,consent_baseline,,text,"<div class=""rich-text-field-label""></div>",,,,,,,,,,,,, @HIDDEN-SURVEY
task_data_visual_redo,consent_baseline,,text,"<div class=""rich-text-field-label""></div>",,,,,,,,,,,,, @HIDDEN-SURVEY
labelfisher,consent_baseline,,descriptive,fishertask,,,,,,,,,,,,, @HIDDEN-SURVEY
task_data_fishertask_bl,consent_baseline,,text,"<div class=""rich-text-field-label""></div>",,,,,,,,,,,,, @HIDDEN-SURVEY
vch_complete,consent_baseline,,text,vch_complete,,,,,,,,,,,,, @HIDDEN-SURVEY
task_data_vch_short_psychedelic_bl_complete,consent_baseline,,text,"<div class=""rich-text-field-label""></div>",,,,,,,,,,,,," @HIDDEN-SURVEY
@DEFAULT='<font color=""red"">Incomplete</font>'"
fishercomplete,consent_baseline,,descriptive,fisher_complete,,,,,,,,,,,,, @HIDDEN-SURVEY
task_data_fishertask_bl_complete,consent_baseline,,text,"<div class=""rich-text-field-label""></div>",,,,,,,,,,,,," @HIDDEN-SURVEY
@DEFAULT='<font color=""red"">Incomplete</font>'"
fishercomplete_2,consent_baseline,,descriptive,vis_qual_ach,,,,,,,,,,,,, @HIDDEN-SURVEY
task_data_visual_qualifying_task_2,consent_baseline,,text,"<div class=""rich-text-field-label""></div>",,,,,,,,,,,,, @HIDDEN-SURVEY
task_data_visual_qualifying_task_2_complete,consent_baseline,,text,"<div class=""rich-text-field-label""></div>",,,,,,,,,,,,," @HIDDEN
@DEFAULT='<font color=""red"">Incomplete</font>'"
fishercomplete_3,consent_baseline,,descriptive,auditory_qual_ach,,,,,,,,,,,,, @HIDDEN-SURVEY
task_data_auditory_qualifying_task_2,consent_baseline,,text,,,,,,,,,,,,,, @HIDDEN-SURVEY
fishercomplete_4,consent_baseline,,descriptive,auditory_qual_ach_complete,,,,,,,,,,,,, @HIDDEN-SURVEY
task_data_auditory_qualifying_task_2_complete,consent_baseline,,text,,,,,,,,,,,,,," @HIDDEN-SURVEY
@DEFAULT='<font color=""red"">Incomplete</font>'"
task_data_auditory_qualifying_task_5,consent_baseline,,text,,,,,,,,,,,,,, @HIDDEN
task_data_auditory_qualifying_task_5_complete,consent_baseline,,text,,,,,,,,,,,,,," @HIDDEN
@DEFAULT='<font color=""red"">Incomplete</font>'"
task_data_auditory_qualifying_task_6,consent_baseline,,text,,,,,,,,,,,,,, @HIDDEN
task_data_auditory_qualifying_task_6_complete,consent_baseline,,text,,,,,,,,,,,,,," @HIDDEN
@DEFAULT='<font color=""red"">Incomplete</font>'"
label_prl,consent_baseline,,descriptive,prl,,,,,,,,,,,,, @HIDDEN-SURVEY
task_data_prltask,consent_baseline,,text,,,,,,,,,,,,,, @HIDDEN-SURVEY
prlcomplete,consent_baseline,,text,prl_complete,,,,,,,,,,,,, @HIDDEN-SURVEY
task_data_prltask_complete,consent_baseline,,text,,,,,,,,,,,,,," @HIDDEN-SURVEY
@DEFAULT='<font color=""red"">Incomplete</font>'"
yeh,consent_baseline,,descriptive,phone_verified,,,,,,,,,,,,, @HIDDEN-SURVEY
phone_verified,consent_baseline,,text,,,,,,,,,,,,,," @HIDDEN-SURVEY
@DEFAULT='<font color=""red"">Incomplete</font>'"
yeh_2,consent_baseline,,descriptive,phone_number,,,,,,,,,,,,, @HIDDEN-SURVEY
phone_number,consent_baseline,,text,,,,,,,,,,,,,, @HIDDEN-SURVEY
addon_yale_surveyurl,consent_baseline,,text,Survey URL,,,,,,,,,,,,," @CALCTEXT([survey-url:add_on_questions_yale])
@HIDDEN-SURVEY"
screen_url,screening_survey,,text,Instrument URL,,,,,,,,,,,,," @CALCTEXT([form-url:instrument])
@HIDDEN-SURVEY"
ip_address,screening_survey,,text,IP Address,,,,,,,,,,,,," @HIDDEN-SURVEY
@SURVEY-PARTICIPANT-IP"
intox_screen_v2,screening_survey,,yesno,"<div class=""rich-text-field-label""><p>Have you used any psychoactive drugs (including alcohol) today?</p> <p> </p> <p><span style=""font-weight: normal;"">This does not include medications prescribed by a medical provider </span>EXCEPT cannabis<span style=""font-weight: normal;"">. (please select ""yes"" if you've used cannabis today)</span></p></div>",,,,,,,,y,,,,,
howtheyfoundus,screening_survey,,radio,How did you hear about our study?,"1, Yale Intro to Psychology | 2, Bluelight.org | 3, Shroomery.org | 4, Reddit | 5, Contacted by Powers Lab | 6, Prolific | 7, Mturk | 8, Other | 9, Referred by friend | 10, DMT Nexus",,,,,,,y,,,,,
howtheyfoundus_other,screening_survey,,text,Please type out how you learned about our study?,,,,,,,[howtheyfoundus] = '8',y,,,,,
no_computer,screening_survey,,yesno,Are you ONLY able to use a tablet or mobile device for this study?,,,,,,,,y,,,,,
no_computer_2,screening_survey,,descriptive,"<div class=""rich-text-field-label""><p><span style=""font-size: 24pt;"">The games only work on COMPUTER -- not a</span></p> <p><span style=""font-size: 24pt;""> tablet/phone!</span></p></div>",,,,,,,([no_computer]='1') and ([student_yn]='1'),y,,,,,
sex_v2,screening_survey,Contact Information,radio,What sex were you assigned at birth?,"1, Male | 2, Female | 3, Other",,,,,,,y,,,,,
menopause,screening_survey,,radio,"<div class=""rich-text-field-label""><p><span style=""font-weight: normal;"">Which of the following best describes your </span>menopausal<span style=""font-weight: normal;""> status?</span></p></div>","1, I have not yet entered menopause (still having regular periods) | 2, I am in perimenopause (experiencing menopause symptoms but still having periods, even if irregular) | 3, I have gone through menopause (have not had a period for 12 consecutive months or more -- NOT DUE TO A HORMONE CONTRACEPTIVE) | 4, Unsure",,,,,,[sex_v2]='2',y,,,,,
gender_v2,screening_survey,,radio,What is your gender identity?,"1, Male | 2, Female | 3, Nonbinary | 4, Genderfluid | 5, Other",,,,,,,y,,,,,
trans_question_v2,screening_survey,,yesno,Do you identify as transgender?,,,,,,,,y,,,,,
hormones,screening_survey,,checkbox,Are you using any of the following medications? ,"1, Female sex hormones (any form) for Gender Affirming Care | 2, Female sex hormones (patch, pill, vaginal ring, or injection) for menopausal symptoms | 3, Female sex hormones (patch, pill, vaginal ring, or injection) for contraception or menstrual symptoms | 4, Female sex hormones (IUD/intrauterine device) for contraception | 5, Other female sex hormone medication | 6, Selective Estrogen Receptor Modulators (SERMs) -- Tamoxifen, Raloxifene, Ospemifene | 7, Danazol | 8, Flutamide | 9, NONE OF ABOVE MEDICATIONS",,,,,,[sex_v2]='2' or [trans_question_v2]='1',y,,,,,
gnrh_meds,screening_survey,,radio,"<div class=""rich-text-field-label""><p><span style=""font-weight: normal;"">Are you using any of the following medications (all of which may be used as <em>""puberty-blockers""</em>)?</span></p></div>","1, Leuprolide | 2, Goserelin | 3, Nafarelin | 4, Ganirelix | 5, Cetrorelix | 6, NONE OF THE ABOVE",,,,,,[trans_question_v2]='1',y,,,,,
iud,screening_survey,,radio,What IUD do you have? ,"1, Mirena | 2, Kyleena | 3, Liletta | 4, Skyla | 5, Copper (Paragard)",,,,,,[hormones(4)]='1',y,,,,,
age_v2,screening_survey,,dropdown,"<div class=""rich-text-field-label""><p>What is your age? (in years)</p></div>","17, under 18 | 18, 18 | 19, 19 | 20, 20 | 21, 21 | 22, 22 | 23, 23 | 24, 24 | 25, 25 | 26, 26 | 27, 27 | 28, 28 | 29, 29 | 30, 30 | 31, 31 | 32, 32 | 33, 33 | 34, 34 | 35, 35 | 36, 36 | 37, 37 | 38, 38 | 39, 39 | 40, 40 | 41, 41 | 42, 42 | 43, 43 | 44, 44 | 45, 45 | 46, 46 | 47, 47 | 48, 48 | 49, 49 | 50, 50 | 51, 51 | 52, 52 | 53, 53 | 54, 54 | 55, 55 | 56, 56 | 57, 57 | 58, 58 | 59, 59 | 60, 60 | 61, 61 | 62, 62 | 63, 63 | 64, 64 | 65, 65 | 66, over 65",,,,,,,y,,,,,
race_v2,screening_survey,,radio,What is your race?,"1, American Indian/Alaska Native | 2, Asian | 3, Native Hawaiian or Other Pacific Islander | 4, Black or African American | 5, White | 6, More than one race | 7, Unknown/I prefer not to say",,,,,,,y,,,,,
race_multiracial,screening_survey,,checkbox,Which races do you identify with? ,"1, American Indian/Alaska Native | 2, Asian | 3, Native Hawaiian or Other Pacific Islander | 4, Black or African American | 5, White | 6, Just multiracial | 7, Other",,,,,,[race_v2]='6',y,,,,,
ethnicity_v2,screening_survey,,radio,What is your ethnicity?,"1, Hispanic or Latino | 2, NOT Hispanic or Latino | 3, Unknown/I prefer not to say",,,,,,,y,,,,,
highest_education,screening_survey,,radio,What is your highest level of education?,"1, Less than 8th grade | 2, Some high school | 3, Highschool diploma or GED | 4, Some college | 5, 2-year degree | 6, 4-year bachelor's degree | 7, Master's degree | 8, Doctoral or 4 year professional degree",,,,,,,y,,,,,
incollege_yn,screening_survey,,yesno,"<div class=""rich-text-field-label""><p>Are you <em>currently</em> completing a 4 year college degree? </p></div>",,,,,,,[highest_education]='4',y,,,,,
ses_income,screening_survey,,text,"<div class=""rich-text-field-label""><p><span style=""font-weight: normal;"">What is your </span><em>approximate</em> <span style=""text-decoration: underline;"">household</span> income in <span style=""text-decoration: underline;"">***US dollars (USD)****?</span><span style=""font-weight: normal;""> (give one number; </span><em>not a range</em><span style=""font-weight: normal;""> -- it's OK to approximate!)</span></p> <p><em><span style=""font-weight: normal;"">If over $10 million, please simply type 10000000</span></em></p> <p><a href=""https://www.oanda.com/currency-converter/en/?from=EUR&to=USD&amount=1""><span style=""font-weight: normal;"">Currency converter here!</span></a></p></div>",,,number,0,10000000,,[student_yn]='0',y,,,,,
highest_education_parents,screening_survey,,radio,"<div class=""rich-text-field-label""><p><span style=""font-weight: normal;"">What is the </span>highest level of education between <em>both</em> your <span style=""text-decoration: underline;"">parents</span>?</p> <p><span style=""font-weight: normal;""><em>If over $10 million, please simply type 10000000</em></span></p></div>","1, Less than 8th grade | 2, Some high school | 3, Highschool diploma or GED | 4, Some college | 5, 2-year degree | 6, 4-year bachelor's degree | 7, Master's degree | 8, Doctoral or 4 year professional degree",,,,,,,y,,,,,
ses_income_parents,screening_survey,,text,"<div class=""rich-text-field-label""><p><span style=""font-weight: normal;"">What was the</span> <em>approximate</em> income of your <em>household</em><span style=""text-decoration: underline;""> growing up?</span> (in <span style=""text-decoration: underline;"">US dollars</span>)</p></div>",,,number,0,10000000,,[student_yn]='0',y,,,,,
ses_employ,screening_survey,,radio,What is your employment status?,"1, Employed full time | 2, Employed part-time | 3, Unemployed but seeking work | 4, Unemployed indefinitely (disability) | 5, Unemployed indefinitely (retired) | 6, Unemployed indefinitely (stay-at-home parent or homemaker)",,,,,,[student_yn]='0',y,,,,,
ses_occupation,screening_survey,,text,"<div class=""rich-text-field-label""><p><span style=""font-weight: normal;"">What is your </span>current occupation (job)<span style=""font-weight: normal;"">?</span><br><span style=""font-weight: normal;"">If not currently employed, what was your </span><em>last</em> occupation (job)<span style=""font-weight: normal;"">?</span></p></div>",,,,,,,[student_yn]='0',y,,,,,
ses_marital,screening_survey,,radio,What is your relationship status?,"1, Married | 2, Separated or Divorced | 3, Widowed | 4, Never Married (Single) | 5, Never Married (in a relationship)",,,,,,,y,,,,,
us_loc_v2,screening_survey,,yesno,Do you live in the US?,,,,,,,,y,,,,,
us_location_v2,screening_survey,,dropdown,Where in the US do you live?,"0, AL|1, AK|2, AZ|3, AR|4, CA|5, CO|6, CT|7, DE|8, FL|9, GA|10, HI|11, ID|12, IL|13, IN|14, IA|15, KS|16, KY|17, LA|18, ME|19, MD|20, MA|21, MI|22, MN|23, MS|24, MO|25, MT|26, NE|27, NV|28, NH|29, NJ|30, NM|31, NY|32, NC|33, ND|34, OH|35, OK|36, OR|37, PA|38, RI|39, SC|40, SD|41, TN|42, TX|43, UT|44, VT|45, VA|46, WA|47, WV|48, WI|49, WY|50, DC|51, PR",,,,,,[us_loc_v2]='1',y,,,,,
outside_us_v2,screening_survey,,dropdown,Where do you live?,"1, Afghanistan|2, Albania|3, Algeria|4, Andorra|5, Angola|6, Antigua and Barbuda|7, Argentina|8, Armenia|9, Australia|10, Austria|11, Azerbaijan|12, The Bahamas|13, Bahrain|14, Bangladesh|15, Barbados|16, Belarus|17, Belgium|18, Belize|19, Benin|20, Bhutan|21, Bolivia|22, Bosnia and Herzegovina|23, Botswana|24, Brazil|25, Brunei|26, Bulgaria|27, Burkina Faso|28, Burundi|29, Cabo Verde|30, Cambodia|31, Cameroon|32, Canada|33, Central African Republic|34, Chad|35, Chile|36, China|37, Colombia|38, Comoros|Congo, Republic of the|39, Costa Rica|40, C?te d'Ivoire|41, Croatia|42, Cuba|43, Cyprus|44, Czech Republic|45, Denmark|46, Djibouti|47, Dominica|48, Dominican Republic|49, East Timor (Timor-Leste)|50, Ecuador|51, Egypt|52, El Salvador|53, Equatorial Guinea|54, Eritrea|55, Estonia|56, Eswatini|57, Ethiopia|58, Fiji|59, Finland|60, France|61, Gabon|62, The Gambia|63, Georgia|64, Germany|65, Ghana|66, Greece|67, Grenada|68, Guatemala|69, Guinea|70, Guinea-Bissau|71, Guyana|72, Haiti|73, Honduras|74, Hungary|75, Iceland|76, India|77, Indonesia|78, Iran|79, Iraq|80, Ireland|81, Israel|82, Italy|83, Jamaica|84, Japan|85, Jordan|86, Kazakhstan|87, Kenya|88, Kiribati|Korea, South|89, Kosovo|90, Kuwait|91, Kyrgyzstan|92, Laos|93, Latvia|94, Lebanon|95, Lesotho|96, Liberia|97, Libya|98, Liechtenstein|99, Lithuania|100, Luxembourg|101, Madagascar|102, Malawi|103, Malaysia|104, Maldives|105, Mali|106, Malta|107, Marshall Islands|108, Mauritania|109, Mauritius|110, Mexico|Micronesia, Federated States of|111, Moldova|112, Monaco|113, Mongolia|114, Montenegro|115, Morocco|116, Mozambique|117, Myanmar (Burma)|118, Namibia|119, Nauru|120, Nepal|121, Netherlands|122, New Zealand|123, Nicaragua|124, Niger|125, Nigeria|126, North Macedonia|127, Norway|128, Oman|129, Pakistan|130, Palau|131, Panama|132, Papua New Guinea|133, Paraguay|134, Peru|135, Philippines|136, Poland|137, Portugal|138, Qatar|139, Romania|140, Russia|141, Rwanda|142, Saint Kitts and Nevis|143, Saint Lucia|144, Saint Vincent and the Grenadines|145, Samoa|146, San Marino|147, Sao Tome and Principe|148, Saudi Arabia|149, Senegal|150, Serbia|151, Seychelles|152, Sierra Leone|153, Singapore|154, Slovakia|155, Slovenia|156, Solomon Islands|157, Somalia|158, South Africa|159, Spain|160, Sri Lanka|161, Sudan|Sudan, South|162, Suriname|163, Sweden|164, Switzerland|165, Syria|166, Taiwan|167, Tajikistan|168, Tanzania|169, Thailand|170, Togo|171, Tonga|172, Trinidad and Tobago|173, Tunisia|174, Turkey|175, Turkmenistan|176, Tuvalu|177, Uganda|178, Ukraine|179, United Arab Emirates|180, United Kingdom|181, United States|182, Uruguay|183, Uzbekistan|184, Vanuatu|185, Vatican City|186, Venezuela|187, Vietnam|188, Yemen|189, Zambia|190, Zimbabwe",,,,,,[us_loc_v2]='0',y,,,,,
english_fluency,screening_survey,,yesno,Are you fluent in English?,,,,,,,,y,,,,,
psych_spectrum_v2,screening_survey,,yesno,"<div class=""rich-text-field-label""><p><span style=""font-weight: normal;"">Have you ever been diagnosed with a psychotic spectrum disorder such as </span>Schizophrenia<span style=""font-weight: normal;"">, </span>Schizophreniform<span style=""font-weight: normal;""> disorder, </span>Schizoaffective<span style=""font-weight: normal;""> disorder,</span> Schizotypal personality<span style=""font-weight: normal;""> disorder,</span> Bipolar<span style=""font-weight: normal;""> </span>with<span style=""font-weight: normal;""> </span>psychotic <span style=""font-weight: normal;"">features, </span>Major Depressive Disorder with psychotic<span style=""font-weight: normal;""> features,</span> brief psychotic disorder<span style=""font-weight: normal;"">, </span>delusional disorder<span style=""font-weight: normal;""> or </span>psychosis NOS<span style=""font-weight: normal;""> (not otherwise specified)</span><span style=""font-weight: normal;"">?</span></p></div>",,,,,,,,y,,,,,
psychosis_spec_dx,screening_survey,,checkbox,Which diagnoses have you received? ,"1, Bipolar with psychotic features | 2, Brief psychotic disorder | 3, Delusional disorder | 4, Major Depressive Disorder with psychotic features | 5, Psychosis NOS (not otherwise specified) | 6, Schizoaffective disorder | 7, Schizophrenia | 8, Schizophreniform disorder | 9, Schizotypal personality disorder",,,,,,[psych_spectrum_v2]='1',y,,,,,
psychspec_druguse,screening_survey,,radio,Did this diagnosis occur before or after you used psychedelics?,"1, Before | 2, After | 3, I have never used psychedelics",,,,,,[psych_spectrum_v2] = '1',,,,,,
misdx_psychosis,screening_survey,,yesno,"<div class=""rich-text-field-label""><p><span style=""font-weight: normal;"">Were any of the above diagnoses later</span> <span style=""font-weight: normal;"">determined</span> <span style=""font-weight: normal;"">to be </span><em>misdiagnoses?</em> <span style=""font-weight: normal;"">Or </span><em>removed from your medical chart</em><span style=""font-weight: normal;"">? </span></p></div>",,,,,,,[psych_spectrum_v2]='1',y,,,,,
psychosis_spec_misdx,screening_survey,,checkbox,"<div class=""rich-text-field-label""><p><span style=""font-weight: normal;"">Which of these diagnoses were </span><em>actually misdiagnoses?</em></p></div>","1, Bipolar with psychotic features | 2, Brief psychotic disorder | 3, Delusional disorder | 4, Major Depressive Disorder with psychotic features | 5, Psychosis NOS (not otherwise specified) | 6, Schizoaffective disorder | 7, Schizophrenia | 8, Schizophreniform disorder | 9, Schizotypal personality disorder",,,,,,[misdx_psychosis]='1',y,,,,,
mental_illness2_v2,screening_survey,,yesno,"<div class=""rich-text-field-label""><p><span style=""font-weight: normal;"">Have you </span><em>ever received</em><span style=""font-weight: normal;""> (or been extremely confident that you </span><em>should</em><span style=""font-weight: normal;""> </span><em>have received</em><span style=""font-weight: normal;"">) </span>a mental illness diagnosis<span style=""font-weight: normal;""> (besides those listed above)?</span></p></div>",,,,,,,,y,,,,,
mental_illness_dx,screening_survey,,checkbox,"<div class=""rich-text-field-label""><p>Which of the diagnoses below do you have?</p></div>","1, Adjustment Disorder | 2, Alcohol Use Disorder (AUD; Alcoholism, Drinking) | 3, Anorexia Nervosa | 4, Antisocial Personality Disorder (ASPD) | 5, Attention Deficit Hyperactivity Disorder (ADHD; Attention Deficit Disorder) | 6, Autism Spectrum Disorder (ASD; Autism, Asperger) | 7, Avoidant Personality Disorder | 8, Avoidant/Restrictive Food Intake Disorder (ARFID) | 9, Bipolar Disorder without psychosis (Manic Depression) | 10, Borderline Personality Disorder (BPD; Emotionally Unstable Personality Disorder) | 11, Bulimia | 12, Binge Eating Disorder | 13, Cannabis Use Disorder (CUD; Marijuana) | 14, Cocaine Use Disorder | 15, Complex Post-Traumatic Stress Disorder (C-PTSD; Complex PTSD) | 16, Conduct Disorder | 17, Dependent Personality Disorder | 18, Depersonalization/Derealization Disorder | 19, Dissociative Identity Disorder | 20, Generalized Anxiety Disorder (GAD) | 21, Hallucinogen Use Disorder | 22, Histrionic Personality Disorder | 23, Illness Anxiety Disorder | 24, Insomnia Disorder | 25, Ketamine Use Disorder | 26, Major Depressive Disorder (MDD; Depression, Unipolar Depression, Persistent Depressive Disorder) | 27, MDMA Use Disorder | 28, Narcissistic Personality Disorder (NPD) | 29, Narcolepsy | 30, Obsessive-Compulsive Disorder (OCD) | 31, Obsessive-Compulsive Personality Disorder (OCPD) | 32, Opioid Use Disorder (OUD; Heroin, Fentanyl, Oxy) | 33, Other Substance Use Disorder | 34, Panic Disorder | 35, Paranoid Personality Disorder | 36, Persistent Depressive Disorder (Dysthymia) | 37, Phencyclidine Use Disorder (PCP Use Disorder) | 38, Post-Traumatic Stress Disorder (PTSD; Trauma) | 39, Schizoid Personality Disorder | 40, Sleep Apnea | 41, Social Phobia (Social Anxiety) | 42, Somatic Symptom Disorder (Conversion Disorder) | 43, Specific Phobia | 44, Stimulant Use Disorder (Methamphetamine, Amphetamine) | 45, Tourette's Syndrome | 46, Trichotillomania (Hair Pulling Disorder) | 47, Tobacco Use Disorder | 48, Other | 49, Acute Stress Disorder (ASD) | 50, Idiopathic Hypersomnia | 51, Benzodiazepine Use Disorder",,,,,,[mental_illness2_v2]=1,y,,,,,
mental_illness_other,screening_survey,,notes,"<div class=""rich-text-field-label""><p><span style=""font-weight: normal;"">Please use this space to list any </span>mental health diagnoses you have received<span style=""font-weight: normal;""> that were </span>not listed above<span style=""font-weight: normal;"">.</span></p> <p><span style=""font-weight: normal;"">Otherwise you may </span>skip this box<span style=""font-weight: normal;"">. </span></p></div>",,,,,,,[mental_illness_dx(48)]='1',,,,,,
mental_illness_current_yn,screening_survey,,yesno,"<div class=""rich-text-field-label""><p><span style=""font-weight: normal;"">Are any of the mental health diagnoses you listed above </span>no longer present<span style=""font-weight: normal;"">?</span></p></div>",,,,,,,[mental_illness2_v2]='1',y,,,,,
mental_illness_dx_2,screening_survey,,checkbox,"<div class=""rich-text-field-label""><p><span style=""font-weight: normal;"">Please indicate the diagnoses you have received that are </span>no longer present<span style=""font-weight: normal;"">. </span></p> <p><span style=""font-weight: normal;""><em>The lis is alphabetical using the official DSM-5 diagnoses  -- </em>y</span><span style=""font-weight: normal;"">ou may want to press </span>control + F <span style=""font-weight: normal;"">or </span>command + F <span style=""font-weight: normal;"">to </span>search for and find <span style=""font-weight: normal;"">the diagnoses you want! :) </span></p></div>","1, Adjustment Disorder | 2, Alcohol Use Disorder (AUD; Alcoholism, Drinking) | 3, Anorexia Nervosa | 4, Antisocial Personality Disorder (ASPD) | 5, Attention Deficit Hyperactivity Disorder (ADHD; Attention Deficit Disorder) | 6, Autism Spectrum Disorder (ASD; Autism, Asperger) | 7, Avoidant Personality Disorder | 8, Avoidant/Restrictive Food Intake Disorder (ARFID) | 9, Bipolar Disorder without psychosis (Manic Depression) | 10, Borderline Personality Disorder (BPD; Emotionally Unstable Personality Disorder) | 11, Bulimia | 12, Binge Eating Disorder | 13, Cannabis Use Disorder (CUD; Marijuana) | 14, Cocaine Use Disorder | 15, Complex Post-Traumatic Stress Disorder (C-PTSD; Complex PTSD) | 16, Conduct Disorder | 17, Dependent Personality Disorder | 18, Depersonalization/Derealization Disorder | 19, Dissociative Identity Disorder | 20, Generalized Anxiety Disorder (GAD; Anxiety) | 21, Hallucinogen Use Disorder | 22, Histrionic Personality Disorder | 23, Illness Anxiety Disorder | 24, Insomnia Disorder | 25, Ketamine Use Disorder | 26, Major Depressive Disorder (MDD; Depression, Unipolar Depression, Persistent Depressive Disorder) | 27, MDMA Use Disorder | 28, Narcissistic Personality Disorder (NPD) | 29, Narcolepsy | 30, Obsessive-Compulsive Disorder (OCD) | 31, Obsessive-Compulsive Personality Disorder (OCPD) | 32, Opioid Use Disorder (OUD; Heroin, Fentanyl, Oxy) | 33, Other Substance Use Disorder | 34, Panic Disorder | 35, Paranoid Personality Disorder | 36, Persistent Depressive Disorder (Dysthymia) | 37, Phencyclidine Use Disorder (PCP Use Disorder) | 38, Post-Traumatic Stress Disorder (PTSD; Trauma) | 39, Schizoid Personality Disorder | 40, Sleep Apnea | 41, Social Phobia (Social Anxiety) | 42, Somatic Symptom Disorder (Conversion Disorder) | 43, Specific Phobia | 44, Stimulant Use Disorder (Methamphetamine, Amphetamine) | 45, Tourette's Syndrome | 46, Trichotillomania (Hair Pulling Disorder) | 47, Tobacco Use Disorder | 48, Other | 49, Acute Stress Disorder (ASD) | 50, Idiopathic Hypersomnia",,,,,,[mental_illness_current_yn]='1',y,,,,,
dx_2_v2,screening_survey,,text,What was the diagnosis?,,,,,,,[mental_illness2_v2]='1' and [cope_pw]='nevershowthesefields',y,,,,,
dx_2_year_v2,screening_survey,,text,How old were you when you received this diagnosis?,,,number,,,,[mental_illness2_v2]='1' and [cope_pw]='nevershowthesefields',y,,,,,
mental_illness3_v2,screening_survey,,yesno,Has there been another mental illness diagnosis? ,,,,,,,[mental_illness2_v2]='1' and [cope_pw]='nevershowthesefields',y,,,,,
dx_3_v2,screening_survey,,text,What was the diagnosis?,,,,,,,[mental_illness3_v2]='1',y,,,,,
dx_3a_year_v2,screening_survey,,text,How old were you when you received this diagnosis?,,,number,,,,[mental_illness3_v2]='1',y,,,,,
mental_illness4_v2,screening_survey,,yesno,Has there been another mental illness diagnosis?,,,,,,,[mental_illness3_v2]='1',y,,,,,
medication_current_v2,screening_survey,,yesno,"<div class=""rich-text-field-label""><p><span style=""font-weight: normal;"">Are you </span>currently<span style=""font-weight: normal;""> taking any </span>medications<span style=""font-weight: normal;""> for </span><span style=""text-decoration: underline;"">mental health</span><span style=""font-weight: normal;""> or </span><span style=""text-decoration: underline;"">neurological</span><span style=""font-weight: normal;""> conditions?</span></p></div>",,,,,,,,y,,,,,
medication_list,screening_survey,,checkbox,"<div class=""rich-text-field-label""><p><span style=""font-weight: normal;"">Please select whatever </span>medications<span style=""font-weight: normal;""> are you taking. (select ""other"" if you are taking a medication that is definitely not in this list)</span><br><br><span style=""font-weight: normal;"">Note the </span>generic<span style=""font-weight: normal;""> medication name is followed by the </span>brand<span style=""font-weight: normal;""> name in parantheses. </span><br><br><span style=""font-weight: normal;"">You may want to press </span><span style=""text-decoration: underline;"">control + F</span> <span style=""font-weight: normal;"">or </span><span style=""text-decoration: underline;"">command + F</span><span style=""font-weight: normal;""> to search for and find the diagnoses you want! :) </span></p></div>","1, Alprazolam (Xanax) | 2, Amitriptyline (Elavil) | 3, Amphetamine (Adderall) | 4, Aripiprazole (Abilify) | 5, Atomoxetine (Strattera) | 6, Buprenorphine (Suboxone) | 7, Bupropion (Wellbutrin, Zyban) | 8, Buspirone (Buspar) | 9, Cannabis (Marijuana) | 10, Cariprazine (Vrayslar) | 11, Carbamazepine (Tegretol) | 12, Chlordiazepoxide (Librium) | 13, Chlorpromazine (Thorazine) | 14, Clonazepam (Klonopin) | 15, Clonidine (Kapvay) | 16, Clozapine (Clozaril) | 17, Dexmethylphenidate (Focalin) | 18, Dextroamphetamine (Adderall) | 19, Diazepam (Valium) | 20, Disulfiram (Antabuse) | 21, Dronabinol (oral THC) | 22, Duloxetine (Cymbalta) | 23, Escitalopram (Lexapro) | 24, Fluoxetine (Prozac) | 25, Fluphenazine (Prolixin) | 26, Gabapentin (Neurontin) | 27, Haloperidol (Haldol) | 28, Hydrocodone (Vicodin) | 29, Lamotrigine (Lamictal) | 30, Levomilnacipran (Fetzima) | 31, Lithium (Lithobid) | 32, Lisdexamfetamine (Vyvanse) | 33, Lorazepam (Ativan) | 34, Lurasidone (Latuda) | 35, Methadone (Methadose, Dolophine) | 36, Methamphetamine (Desoxyn) | 37, Methylphenidate (Ritalin) | 38, Mirtazapine (Remeron) | 39, Modafinil (Provigil) | 40, Morphine Methadose and Dolophine | 41, Naltrexone (ReVia, Vivitrol, Depade) | 42, Nicotine (Nicorette, Nicoderm CQ, others) | 43, Nortriptyline (Pamelor) | 44, Olanzapine (Zyprexa) | 45, Oxazepam (Serax) | 46, Oxycodone (Oxycontin) | 47, Paliperidone (Invega) | 48, Phenelzine (Nardil) | 49, Prazosin (Minipress) | 50, Propranolol (Inderal) | 51, Quetiapine (Seroquel) | 52, Risperidone (Risperdal) | 53, Sertraline (Zoloft) | 54, Temazepam (Restoril) | 55, Topiramate (Topamax) | 56, Tranylcypromine (Parnate) | 57, Triazolam (Halcion) | 58, Valproate (Depakote; Divalproex) | 59, Varenicline (Chantix) | 60, Vortioxetine (Trintellix) | 61, Ziprasidone (Geodon) | 62, Zolpidem (Ambien) | 63, Other | 64, Citalopram (Celexa) | 65, Paroxetine (Paxil, Pexeva) | 66, Venlafaxine (Pristiq) | 67, Imimpramine (Tofranil) | 68, Doxepin | 69, Nortriptyline (Pamelor) | 70, Protriptyline | 71, Trimipramine | 72, Fluvoxamine (Luvox) | 73, Dapoxetine (Priligy) | 74, Amisulpride (Solian) | 75, Benperidol (Anquil) | 76, Zuclopenthixol (Clopixol) | 77, Pregabalin (Lyrica) | 78, Trazodone (Desyrel) | 79, Esketamine (Spravato) | 80, Dextromethorphan/Bupropion (Auvelity) | 81, Guanfacine (Intuniv) | 82, Acamprosate (Campral) | 83, Atomoxetine (Strattera) | 84, Vilazodone (Viibryd) | 85, Xywav | 86, Eszopiclone (Lunesta) | 87, Hydroxyzine (Atarax)",,,,,,[medication_current_v2] = '1',y,LV,,,,
medications_other,screening_survey,,notes,"<div class=""rich-text-field-label""><p><span style=""font-weight: normal;"">If you selected ""</span>Other<span style=""font-weight: normal;"">"" above, please note any medications you are currently taking for mental health or neurological conditions here </span>that are not listed above<span style=""font-weight: normal;"">. </span></p> <p><span style=""font-weight: normal;"">Otherwise </span>you may skip this box<span style=""font-weight: normal;"">. </span></p></div>",,,,,,,[medication_current_v2]='1',,,,,,
med_compliance_v2,screening_survey,,slider,"How compliant are you with taking your medications? (IE how closely do you take the medication compared to how you are instructed to take it?)
 0 = never take, 100 = take exactly as prescribed. ",,,number,0,100,,[medication_current_v2] = '1',y,RH,,,,
druginducedpsychosis_yesno,screening_survey,,yesno,Have you ever been diagnosed with or sought medical treatment for drug-induced psychosis? ,,What is this? Some people can become disconnected from reality while using substance and see/hear things others can't or develop beliefs that don't make sense to people around them. Often people feel confused with disorganized thoughts and ways of talking and go to the emergency department for this,,,,,"[cope_pw]=""show me drug induced psychosis og""",y,,,,,
druginducedpsychosis_drug,screening_survey,,dropdown,What drug were you using that caused the drug-induced psychosis?,"1, Cannabis (marijuana, weed, THC, pot, hash, hashish) | 2, Psychedelics (LSD, magic mushrooms, psilocybin, DMT, DOI) | 3, Stimulants (cocaine, meth, methamphetamine, crack, adderall, amphetamine, speed) | 4, Ketamine (K, special K, horse tranquilizers.) | 5, PCP (phencyclidine, angel dust, rocket fuel, etc.) | 6, MDMA (molly, ecstasy, X) | 7, Other",,,,,,[druginducedpsychosis_yesno] = '1',y,,,,,
druginducedpsychosis_drugs,screening_survey,,checkbox,"<div class=""rich-text-field-label""><p>Which drugs have ever caused drug-induced psychosis for you?</p></div>","1, Cannabis (marijuana, weed, THC, pot, hash, hashish) | 2, Psychedelics (LSD, magic mushrooms, psilocybin, DMT, DOI) | 3, Stimulants (cocaine, meth, methamphetamine, crack, adderall, amphetamine, speed) | 4, Ketamine (K, special K, horse tranquilizers.) | 5, PCP (phencyclidine, angel dust, rocket fuel, etc.) | 6, MDMA (molly, ecstasy, X) | 7, Other",,,,,,[druginducedpsychosis_yesno] = '1',y,,,,,
raven_1_v2,screening_survey,The following questions ensure you are paying attention and have no cognitive of perceptual difficulties that would prevent you from completing the task,descriptive,Each question below will present you with an incomplete image. There are also a series of smaller images beneath it. Please select which of the smaller images would best fit in the empty white space of the larger image by using the drop down below the smaller image options,,,,,,,,,,,,,
raven_resp_1_v2,screening_survey,,dropdown,,"1, A|2, B|3, C|4, D|5, E|6, F",,,,,,,y,,,,,
correct_answer_v2,screening_survey,,calc,"<div class=""rich-text-field-label""><p>Correct answer?</p></div>","if([raven_resp_1_v2]='3',1,0)",,,,,,,,,,,, @HIDDEN-SURVEY
raven_2_v2,screening_survey,,descriptive,,,,,,,,,,,,,,
raven_resp_2_v2,screening_survey,,dropdown,,"1, A|2, B|3, C|4, D|5, E|6, F",,,,,,,y,,,,,
correct_answer2_v2,screening_survey,,calc,"<div class=""rich-text-field-label""><p>Correct answer?</p></div>","if([raven_resp_2_v2]='5',1,0)",,,,,,,,,,,, @HIDDEN-SURVEY
raven_3_v2,screening_survey,,descriptive,,,,,,,,,,,,,,
raven_resp_3_v2,screening_survey,,dropdown,,"1, A|2, B|3, C|4, D|5, E|6, F|7, G|8, H",,,,,,,y,,,,,
correct_answer3_v2,screening_survey,,calc,"<div class=""rich-text-field-label""><p>Correct answer?</p></div>","if([raven_resp_3_v2]='8',1,0)",,,,,,,,,,,, @HIDDEN-SURVEY
raven_4_v2,screening_survey,,descriptive,,,,,,,,,,,,,,
raven_resp_4_v2,screening_survey,,dropdown,,"1, A|2, B|3, C|4, D|5, E|6, F|7, G|8, H",,,,,,,y,,,,,
correct_answer4_v2,screening_survey,,calc,"<div class=""rich-text-field-label""><p>Correct answer?</p></div>","if([raven_resp_4_v2]='2',1,0)",,,,,,,,,,,, @HIDDEN-SURVEY
raven_5_v2,screening_survey,,descriptive,,,,,,,,,,,,,,
raven_resp_5_v2,screening_survey,,dropdown,,"1, A|2, B|3, C|4, D|5, E|6, F|7, G|8, H",,,,,,,y,,,,,
correct_answer5_v2,screening_survey,,calc,"<div class=""rich-text-field-label""><p>Correct answer?</p></div>","if([raven_resp_5_v2]='5',1,0)",,,,,,,,,,,, @HIDDEN-SURVEY
raven_6_v2,screening_survey,,descriptive,,,,,,,,,,,,,,
raven_resp_6_v2,screening_survey,,dropdown,,"1, A|2, B|3, C|4, D|5, E|6, F|7, G|8, H",,,,,,,y,,,,,
correct_answer6_v2,screening_survey,,calc,"<div class=""rich-text-field-label""><p>Correct answer?</p></div>","if([raven_resp_6_v2]='6',1,0)",,,,,,,,,,,, @HIDDEN-SURVEY
raven_7_v2,screening_survey,,descriptive,,,,,,,,,,,,,,
raven_resp_7_v2,screening_survey,,dropdown,,"1, A|2, B|3, C|4, D|5, E|6, F|7, G|8, H",,,,,,,y,,,,,
correct_answer7_v2,screening_survey,,calc,"<div class=""rich-text-field-label""><p>Correct answer?</p></div>","if([raven_resp_7_v2]='7',1,0)",,,,,,,,,,,, @HIDDEN-SURVEY
raven_8_v2,screening_survey,,descriptive,,,,,,,,,,,,,,
raven_resp_8_v2,screening_survey,,dropdown,,"1, A|2, B|3, C|4, D|5, E|6, F|7, G|8, H",,,,,,,y,,,,,
correct_answer8_v2,screening_survey,,calc,"<div class=""rich-text-field-label""><p>Correct answer?</p></div>","if([raven_resp_8_v2]='4',1,0)",,,,,,,,,,,, @HIDDEN-SURVEY
raven_9_v2,screening_survey,,descriptive,,,,,,,,,,,,,,
raven_resp_9_v2,screening_survey,,dropdown,,"1, A|2, B|3, C|4, D|5, E|6, F|7, G|8, H",,,,,,,y,,,,,
correct_answer9_v2,screening_survey,,calc,"<div class=""rich-text-field-label""><p>Correct answer?</p></div>","if([raven_resp_9_v2]='2',1,0)",,,,,,,,,,,, @HIDDEN-SURVEY
seizure_hx_v2,screening_survey,,yesno,Do you have a known seizure disorder?,,,,,,,,y,RH,,,,
cognition_screener_v2,screening_survey,,yesno,"<div class=""rich-text-field-label""><p><span style=""font-weight: normal;"">Have you been diagnosed with any </span>neurological<span style=""font-weight: normal;""> or </span>medical<span style=""font-weight: normal;""> </span><span style=""font-weight: normal;""> problem that is known to </span>impair cognition<span style=""font-weight: normal;""> (your ability to think, problem-solve, plan etc.) significantly or </span>cause you to hear, feel, or see things that aren't there<span style=""font-weight: normal;""> <span style=""font-size: 12pt;"">(</span></span><span style=""text-decoration: underline; font-size: 12pt;"">NOT including</span><span style=""font-weight: normal;""><span style=""font-size: 12pt;""><span style=""text-decoration: underline;""> ADHD, ASD, or schizophrenia, or any other psychotic spectrum diagnosis</span>)</span>?</span></p></div>",,,,,,,,y,,,,,
raven_total_score_v2,screening_survey,,calc,"<div class=""rich-text-field-label""><p>Number of correct answers</p></div>",[correct_answer4_v2]+[correct_answer5_v2]+[correct_answer6_v2]+[correct_answer7_v2]+[correct_answer8_v2]+[correct_answer9_v2],,,,,,,,,,,, @HIDDEN-SURVEY
timestamp2_v2,screening_survey,,text,"<div class=""rich-text-field-label""></div>",,,,,,,,,,,,, @NOW @HIDDEN-SURVEY
timestamp_screen_day,screening_survey,,text,"<div class=""rich-text-field-label""></div>",,,date_mdy,,,,,,,,,, @TODAY @HIDDEN-SURVEY
psycheduse_yn,screening_survey,Psychedelic & Cannabis Use,radio,"<div class=""rich-text-field-label""><p><span style=""font-weight: normal;"">Have you ever used a</span> <a href=""https://en.wikipedia.org/wiki/List_of_psychedelic_drugs""><span style=""font-size: 12pt;"">Serotonergic </span>psychedelic</a> <span style=""font-weight: normal;"">(magic mushrooms, LSD, peyote, San Pedro, Ayahuasca, DMT, 5-MeO-DMT, psilocybin, mescaline, 2-CB etc.)?</span></p></div>","1, Yes -- not just a microdose | 2, No | 3, Yes but only microdoses (non-detectable effects)",,,,,,,y,,,,,
sp_lastuse_days_screen,screening_survey,,text,"<div class=""rich-text-field-label""><p><span style=""font-weight: normal;"">How many </span>days<span style=""font-weight: normal;""> has it been since your </span><span style=""text-decoration: underline;"">most recent</span> psychedelic experience<span style=""font-weight: normal;"">? (NOT including microdoses)</span></p></div>",,If over 1 year it is okay to estimate; assume 365 days in a year and 30 days in a month (180 in 6 months),integer,1,1000000000,,[psycheduse_yn]='1',y,,,,,
activecannabisuse_yn,screening_survey,,yesno,"Do you currently use any form of cannabis (THC, marijuana, weed, hash, pot)?",,,,,,,,y,,,,,
cannabis_frequency,screening_survey,,dropdown,How often do you usually use cannabis? ,"1, I do not use cannabis | 2, less than once a year | 3, once a year | 4, once every 3-6 months (2-4 times/yr) | 5, once every 2 months (6 times/yr) | 6, once a month (12 times/yr) | 7, 2 - 3 times per month | 8, weekly | 9, twice per week | 10, 3 - 4 times per week | 11, 5 - 6 times per  week | 12, Daily | 13, Multiple times per day",,,,,,[activecannabisuse_yn] = '1',y,,,,,
activecannabisuse_lastuse,screening_survey,,text,"How many days has it been since you last used cannabis?
(if more than 1 month, it is fine to estimate)",,,number,1,,,([activecannabisuse_yn]='1') or ([mj_life_yn]='1'),y,,,,,
mj_dayslastuse,screening_survey,,calc,"<div class=""rich-text-field-label""><p>MJ use repeated</p></div>","if([cb_email_yn]<>"""",[activecannabisuse_lastuse],[mj_dayslastuse_abstained])",,,,,,,,,,,, @HIDDEN-SURVEY
mj_lifetime,screening_survey,,calc,"<div class=""rich-text-field-label""><p>MJ use repeated</p></div>","if([activecannabisuse_yn]<>"""",[activecannabisuse_yn],[mj_life_yn])",,,,,,,,,,,, @HIDDEN-SURVEY
alc_lifetime,screening_survey,"In your life, have you EVER used any of the following substances or medications without a prescription from a doctor or in larger quantities than prescribed to the point of feeling high?",radio,"Alcoholic beverages (beer, wine, liquor, etc.)","1, Yes | 2, No",,,,,,,y,,,lifetime_use,,
coke_lifetime,screening_survey,,radio,"Cocaine (coke, crack, etc.)","1, Yes | 2, No",,,,,,,y,,,lifetime_use,,
opioids_lifetime,screening_survey,,radio,"Opioids (heroin, morphine, methadone, codeine, etc.)  -- USED WITHOUT A PRESCRIPTION AND/OR FOR NON-PRESCRIBED PURPOSE","1, Yes | 2, No",,,,,,,y,,,lifetime_use,,
pcp_lifetime,screening_survey,,radio,PCP (angel dust) or Ketamine (special K),"1, Yes | 2, No",,,,,,,y,,,lifetime_use,,
amph_lifetime,screening_survey,,radio,"Amphetamines or stimulants (speed, meth, Adderall, Ritalin, etc.) -- USED WITHOUT A PRESCRIPTION AND/OR FOR NON-PRESCRIBED PURPOSE","1, Yes | 2, No",,,,,,,y,,,lifetime_use,,
mdma_lifetime,screening_survey,,radio,"MDMA (ecstasy, molly)","1, Yes | 2, No",,,,,,,y,,,lifetime_use,,
ghb_lifetime,screening_survey,,radio,"Sedative-Hypnotics like Benzodiazepines or sleeping pills (""Benzos"", Xanax/Zanny, Valium, GHB, Ambien, etc.) -- USED WITHOUT A PRESCRIPTION AND/OR FOR NON-PRESCRIBED PURPOSE","1, Yes | 2, No",,,,,,,y,,,lifetime_use,,
inhalants_lifetime,screening_survey,,radio,"Inhalants (hydrocarbons only -- glue, gasoline, paint thinner, etc. NOT poppers or laughing gas/NO)","1, Yes | 2, No",,,,,,,y,,,lifetime_use,,
halluc_lifetime,screening_survey,,radio,"Psychedelics (LSD, acid, mushrooms, DMT, etc.)","1, Yes | 2, No",,,,,,,y,,,lifetime_use,,
ibogaine_lifetime,screening_survey,,radio,Ibogaine (Iboga bush),"1, Yes | 2, No",,,,,,,y,,,lifetime_use,,
salvia_lifetime,screening_survey,,radio,"Salvia Divinorum (magic mint, diviner's sage)","1, Yes | 2, No",,,,,,,y,,,lifetime_use,,
scopoalmine_lifetime,screening_survey,,radio,"Scopolamine (""Devil's Breath"" -- psychoactive dose)","1, Yes | 2, No",,,,,,,y,,,lifetime_use,,
dxm_lifetime,screening_survey,,radio,"Dextromethorphan/DXM (""Robotripping"" -- psychoactive dose)","1, Yes | 2, No",,,,,,,y,,,lifetime_use,,
mj_life_yn,screening_survey,,radio,"Cannabis/THC (weed, ganja, marijuana)","1, Yes | 2, No",,,,,,,y,,,lifetime_use,,
other_lifetime,screening_survey,,radio,"Other (NOT including 2-CB, Ayahuasca, or minimally substituted tryptamines, phenethylamines, ergolines, etc. -- see ""serotonergic psychedelic"" link above for comprehensive list)","1, Yes | 2, No",,,,,,,y,,,lifetime_use,,
otherlifetimespecify,screening_survey,,text,"<div class=""rich-text-field-label""><p>Please specify the other substance here:</p></div>",,,,,,,[other_lifetime]='1',y,,,,,
problematicuse,screening_survey,,yesno,Are you concerned that you may have a problematic relationship or use pattern with any of the above substances? ,,,,,,,,y,,,,,
alc_dayslastuse,screening_survey,,text,"<div class=""rich-text-field-label""><p>About how many days has it been since you last used alcohol?</p></div>",,1 year = 365 days; 1 month = 30 days; 1 week = 7 days,integer,1,,,[alc_lifetime]='1',y,,,,,
coke_dayslastuse,screening_survey,,text,"<div class=""rich-text-field-label""><p>About how many days has it been since you last used Cocaine or Crack?</p></div>",,1 year = 365 days; 1 month = 30 days; 1 week = 7 days,integer,1,,,[coke_lifetime]='1',y,,,,,
opiates_dayslastuse,screening_survey,,text,"<div class=""rich-text-field-label""><p>About how many days has it been since you last used opioids?</p></div>",,1 year = 365 days; 1 month = 30 days; 1 week = 7 days,integer,1,,,[opioids_lifetime]='1',y,,,,,
pcp_dayslastuse,screening_survey,,text,"<div class=""rich-text-field-label""><p>About how many days has it been since you last used PCP or ketamine?</p></div>",,1 year = 365 days; 1 month = 30 days; 1 week = 7 days,integer,1,,,[pcp_lifetime]='1',y,,,,,
amph_dayslastuse,screening_survey,,text,"<div class=""rich-text-field-label""><p>About how many days has it been since you last used amphetamines or stimulants?</p></div>",,1 year = 365 days; 1 month = 30 days; 1 week = 7 days,integer,1,,,[amph_lifetime]='1',y,,,,,
mdma_dayslastuse,screening_survey,,text,"<div class=""rich-text-field-label""><p>About how many days has it been since you last used MDMA (ecstasy, molly, X)?</p></div>",,1 year = 365 days; 1 month = 30 days; 1 week = 7 days,integer,1,,,[mdma_lifetime]='1',y,,,,,
ghb_dayslastuse,screening_survey,,text,"<div class=""rich-text-field-label""><p>About how many days has it been since you last used benzodiazepines, depressants, or sleeping pills?</p></div>",,1 year = 365 days; 1 month = 30 days; 1 week = 7 days,integer,1,,,[ghb_lifetime]='1',y,,,,,
huffing_dayslastuse,screening_survey,,text,"<div class=""rich-text-field-label""><p dir=""ltr"">About how many days has it been since you last used inhalants?</p></div>",,1 year = 365 days; 1 month = 30 days; 1 week = 7 days,integer,1,,,[inhalants_lifetime]='1',y,,,,,
ibogaine_dayslastuse,screening_survey,,text,"<div class=""rich-text-field-label""><p dir=""ltr"">About how many days has it been since you last used ibogaine?</p></div>",,1 year = 365 days; 1 month = 30 days; 1 week = 7 days,integer,1,,,[ibogaine_lifetime]='1',y,,,,,
salvia_dayslastuse,screening_survey,,text,"<div class=""rich-text-field-label""><p dir=""ltr"">About how many days has it been since you last used Salvia Divinorum?</p></div>",,1 year = 365 days; 1 month = 30 days; 1 week = 7 days,integer,1,,,[salvia_lifetime]='1',y,,,,,
scopolamine_dayslastuse,screening_survey,,text,"<div class=""rich-text-field-label""><p dir=""ltr"">About how many days has it been since you last used psychoactive doses of scopolamine?</p></div>",,1 year = 365 days; 1 month = 30 days; 1 week = 7 days,integer,1,,,[scopoalmine_lifetime]='1',y,,,,,
dxm_dayslastuse,screening_survey,,text,"<div class=""rich-text-field-label""><p dir=""ltr"">About how many days has it been since you last used psychoactive doses of DXM (robotripping)?</p></div>",,1 year = 365 days; 1 month = 30 days; 1 week = 7 days,integer,1,,,[dxm_lifetime]='1',y,,,,,
other_dayslastuse,screening_survey,,text,"<div class=""rich-text-field-label""><p>About how many days has it been since you last used the other substance you specified?</p></div>",,1 year = 365 days; 1 month = 30 days; 1 week = 7 days,integer,1,,,[other_lifetime]='1',y,,,,,
screening_1_complete,screening_survey,,radio,Please click the button to continue screening :) ,"1, Click here to continue!",,,,,,,,,,,,
yale_surveystop2,sms_verification,,radio,"<div class=""rich-text-field-label""><p><span style=""text-decoration: underline;"">Yale Students:</span></p> <p><span style=""font-weight: normal;"">Congratulations! You have finished all of the surveys and games required to receive your full credit for Intro to Psychology :) </span></p> <p><span style=""font-weight: normal;"">You may exit this window at this time. </span></p></div>","1, Button disabled; you are free to exit this page without number verification!  You won't be able to submit -- that's normal!",,,,,,"[student_yn]='1' and [onlinehonesty_qc] <> """"",y,,,,, @READONLY
sms_url,sms_verification,,text,Please save your return link here before verifying your phone number in case there is an error and you are not returned to the survey! Otherwise you'll need to email maximillian.greenwald@yale.edu if you cannot get back to the survey. ,,,,,,,,,,,,, @CALCTEXT([survey-url:instrument])
sms_verification,sms_verification,,checkbox,"<div class=""rich-text-field-label""><p style=""text-align: center;""><span style=""font-weight: normal;"">One last step </span>to determine eligibility<span style=""font-weight: normal;"">!</span><br><br><span style=""font-size: 18pt;""><a href=""https://powerslab.research.yale.edu/smsverifier/?id=[encrypted_metadata_uri]&survey_url=[survey-url]"">Verify phone number by clicking here</a> <span style=""font-weight: normal;"">- [phone_verified]</span></span></p> <p style=""text-align: center;""><em>After</em><span style=""font-weight: normal;""> you verify your phone number, </span>check the box<span style=""font-weight: normal;"">!</span></p> <p style=""text-align: center;"">This automatically verifies that you are a real person and <span style=""color: #e03e2d;"">not taking the survey multiple times</span> :)</p></div>","1, I confirm that I have completed the phone verification step",,,,,,,y,,,,,
prolific_complete,sms_verification,,checkbox,"<div class=""rich-text-field-label""><p><span style=""font-weight: normal;"">Thank you so much for completing the study! </span></p> <p><span style=""font-weight: normal;"">Please allow up to </span>10 business days <span style=""font-weight: normal;"">for us to review your answers to ensure you engaged with the games, passed attention checks, and are not repeating the study! </span><em>We will do our best to pay you sooner!</em></p> <p><span style=""font-weight: normal;"">Your completion code is: </span><span style=""text-decoration: underline;"">C159BDQZ</span></p></div>","1, I am the best!",,,,,,[prolific_yn]='1',y,,,,,
max_number_followup,sms_verification,,yesno,Does Max need to follow up on this person's weird phone number?,,,,,,,,,,,,, @HIDDEN-SURVEY
cb_email_yn,screening_result,,yesno,Has this person been emailed if they want to do a zoom to get past cannabis issue?,,,,,,,,,,,,, @HIDDEN-SURVEY
ineligibilty_reason,screening_result,,notes,"<div class=""rich-text-field-label""><p><span style=""font-weight: normal;"">This should display any</span> ineligibility criteria <span style=""font-weight: normal;"">they met <em>when the QC script was run</em></span></p></div>",,,,,,,,,,,,, @HIDDEN-SURVEY
longitudinal_cb_yn,screening_result,,descriptive,They are ineligibile for reasons other than cannabis -- check [form-link:screening_survey])!,,,,,,,[age_v2] > 65 or [age_v2] < 18 or [cognition_screener_v2]='1' or [seizure_hx_v2]='1' or [intox_screen_v2] = '1' or [psychspec_druguse] ='3' or [no_computer]='1' or [atypical_since_sp]='1' or ([sp_naiive]='0' or [english_fluency]='0' and [student_yn]='0'),,,,,, @HIDDEN-SURVEY
cb_continue_date,screening_result,,text,When do you want to schedule the cannabis email to go out? ,,,datetime_mdy,,,,,,,,,, @HIDDEN-SURVEY
cb_wait_time,screening_result,,calc,How many days do they need to abstain?,"if([cannabis_frequency] > 9, 28 - [activecannabisuse_lastuse],
  if([cannabis_frequency] = 8 or [cannabis_frequency] = 9, 14 - [activecannabisuse_lastuse],
    if([cannabis_frequency] <= 7, 7 - [activecannabisuse_lastuse],
      3 - [activecannabisuse_lastuse]
    )
  )
)",,,,,,,,,,,, @HIDDEN-SURVEY
screen_result_url,screening_result,,text,,,,,,,,,,,,,," @HIDDEN-SURVEY
@CALCTEXT([survey-url:instrument])"
geo_crit,screening_result,,radio,"<div class=""rich-text-field-label""><p>Please <span style=""font-size: 14pt;"">click this button to continue</span> :)</p></div>","1, Click here!",,,,,,"// United States/Canada
([phone_number] >= 10000000000 and [phone_number] < 20000000000) or 

// United Kingdom
([phone_number] >= 447000000000 and [phone_number] < 450000000000) or 

// Australia
([phone_number] >= 61040000000 and [phone_number] < 62000000000) or 

// New Zealand
([phone_number] >= 6402000000 and [phone_number] < 6500000000) or 

// Ireland
([phone_number] >= 353800000000 and [phone_number] < 354000000000) or 

// France
([phone_number] >= 33600000000 and [phone_number] < 33800000000) or

// Germany
([phone_number] >= 491000000000 and [phone_number] < 500000000000) or 
([phone_number] >= 4910000000000 and [phone_number] < 5000000000000) or 

// Italy
([phone_number] >= 390000000000 and [phone_number] < 400000000000) or 

// Spain
([phone_number] >= 34600000000 and [phone_number] < 35000000000) or 

// Netherlands
([phone_number] >= 31600000000 and [phone_number] < 31700000000) or 

// Belgium
([phone_number] >= 32400000000 and [phone_number] < 32500000000) or 

// Sweden
([phone_number] >= 46700000000 and [phone_number] < 46800000000) or 

// Norway
([phone_number] >= 4740000000 and [phone_number] < 4800000000) or 

// Denmark
([phone_number] >= 4500000000 and [phone_number] < 4600000000) or 

// Finland
([phone_number] >= 358000000000 and [phone_number] < 359000000000) or 

// Switzerland
([phone_number] >= 41700000000 and [phone_number] < 41800000000) or 

// Portugal
([phone_number] >= 351900000000 and [phone_number] < 352000000000) or 

// Greece
([phone_number] >= 30690000000 and [phone_number] < 30700000000) or 

// Poland
([phone_number] >= 48500000000 and [phone_number] < 49000000000) or 

// Hungary
([phone_number] >= 36200000000 and [phone_number] < 36300000000) or 

// Czech Republic
([phone_number] >= 420000000000 and [phone_number] < 421000000000) or 

// Slovakia
([phone_number] >= 421900000000 and [phone_number] < 422000000000) or 

// Latvia
([phone_number] >= 37120000000 and [phone_number] < 37200000000) or 

// Lithuania
([phone_number] >= 37060000000 and [phone_number] < 37100000000) or 

// Estonia
([phone_number] >= 3725000000 and [phone_number] < 3730000000) or 

// Romania
([phone_number] >= 40700000000 and [phone_number] < 40800000000) or 

// Bulgaria
([phone_number] >= 359800000000 and [phone_number] < 360000000000) or 

// Turkey
([phone_number] >= 905000000000 and [phone_number] < 906000000000) or 

// Saudi Arabia
([phone_number] >= 966500000000 and [phone_number] < 967000000000) or 

// United Arab Emirates
([phone_number] >= 971500000000 and [phone_number] < 972000000000) or 

// Qatar
([phone_number] >= 97400000000 and [phone_number] < 97500000000) or 

// Kuwait
([phone_number] >= 96500000000 and [phone_number] < 96600000000) or 

// Bahrain
([phone_number] >= 97300000000 and [phone_number] < 97400000000) or 

// Oman
([phone_number] >= 96800000000 and [phone_number] < 96900000000) or 

// Japan
([phone_number] >= 818000000000 and [phone_number] < 820000000000) or 

// Argentina
([phone_number] >= 549000000000 and [phone_number] < 550000000000) or 

// Chile
([phone_number] >= 56900000000 and [phone_number] < 57000000000) or 

// Colombia
([phone_number] >= 573000000000 and [phone_number] < 574000000000) or 

// Peru
([phone_number] >= 51900000000 and [phone_number] < 52000000000) or 

// Bolivia
([phone_number] >= 59170000000 and [phone_number] < 59200000000) or 

// Mexico
([phone_number] >= 521000000000 and [phone_number] < 522000000000) or 

// Costa Rica
([phone_number] >= 50680000000 and [phone_number] < 50700000000) or 

// Brazil
([phone_number] >= 550000000000 and [phone_number] < 560000000000) or 
([phone_number] >= 5500000000000 and [phone_number] < 5600000000000) or 

// Ecuador
([phone_number] >= 59390000000 and [phone_number] < 59400000000) or 

// Taiwan
([phone_number] >= 886900000000 and [phone_number] < 887000000000) or

// Israel
([phone_number] >= 972000000000 and [phone_number] < 973000000000) or

// UAE
([phone_number] >= 971000000000 and [phone_number] < 972000000000)",,,,,,
screen_yaleemail,screening_result,,text,"Please enter your Yale email address so that you can 1) receive course credit, 2) receive the correct online task link, and 3) be contacted with appropriate resources if any answers indicate you may benefit. ",,,email,,,,[student_yn] = '1',y,,,,,
cntrl_eligibility,screening_result,,yesno,"Do you use psychoactive drugs (not including alcohol) less than once per week, and do you regularly abstain from drug use for 3 or more days in a row? ",,,,,,,,y,,,,,
interested_cntrlstudy,screening_result,,text,"<div class=""rich-text-field-label""><p><span style=""font-weight: normal;"">If you are interested in </span>additional compensation<span style=""font-weight: normal;""> for performing our tasks 3 days in a row to see how reliable people's scores are please enter your email here. </span><br><br><span style=""font-weight: normal;"">We will send you a unique survey link that will describe the study in greater detail, have you sign another consent form, and then you can then use this link to access additional tasks at whichever time points you are willing to complete : )</span><br><br><span style=""font-weight: normal;"">NOTE!! If you are concerned about confidentiality, we recommend you use a reputable, free email forwarding website (like AnonAddy for Forward Email) to generate an email that will forward to your real email; we will only use the email address you provide here. We will never mention drug-use in the content of any of our emails.</span><br><br><span style=""font-weight: normal;"">Here is a link to Anon Addy: https://app.addy.io/register </span><br><span style=""font-weight: normal;"">Forward Email: https://forwardemail.net/en </span></p></div>",,,,,,,[cntrl_eligibility] = '1',,,,,,
planning_trip,screening_result,,yesno,"<div class=""rich-text-field-label""><p><span style=""font-weight: normal; font-size: 12pt;"">Do you </span><span style=""font-size: 12pt;"">anticipate</span><span style=""font-weight: normal; font-size: 12pt;""> using a </span><span style=""font-size: 12pt;"">mAcrodose</span><span style=""font-weight: normal; font-size: 12pt;""> of a</span><span style=""font-size: 12pt;""><a href=""https://en.wikipedia.org/wiki/List_of_psychedelic_drugs""> serotonergic psychedelic</a></span><span style=""font-weight: normal; font-size: 12pt;""> (psilocybin/magic mushrooms, LSD, mescaline, peyote, DMT, Ayahuasca, etc.) </span><span style=""font-size: 12pt;"">THIS YEAR</span><span style=""font-weight: normal; font-size: 12pt;"">?</span></p></div>",,,,,,,,y,,,,,
atypical_since_sp,screening_result,,calc,Returns 1 if they've used an atypical AND it was more recent than when they last used an SP,"if(
  (
    ([pcp_lifetime] = '1' and ([pcp_dayslastuse] < [sp_lastuse_days_screen]))
    or
    ([mdma_lifetime] = '1' and ([mdma_dayslastuse] < [sp_lastuse_days_screen]))
    or
    ([ibogaine_lifetime] = '1' and ([ibogaine_dayslastuse] < [sp_lastuse_days_screen]))
    or
    ([salvia_lifetime] = '1' and ([salvia_dayslastuse] < [sp_lastuse_days_screen]))
    or
    ([dxm_lifetime] = '1' and ([dxm_dayslastuse] < [sp_lastuse_days_screen]))
    or
    ([scopoalmine_lifetime] = '1' and ([scopolamine_dayslastuse] < [sp_lastuse_days_screen]))
  ),
  1,
  0
)",,,,,,,,,,,, @HIDDEN-SURVEY
atypical_incontrol,screening_result,,calc,Returns 1 if they've used an atypical and wanna be a non-SP using control,"if([psycheduse_yn]>'1' and
  (
    ([pcp_dayslastuse] < '31')
    or
    ([mdma_dayslastuse] <'31')
    or
    ([ibogaine_dayslastuse] <'31')
    or
    ([salvia_dayslastuse] <'31')
    or
    ([dxm_dayslastuse] <'31')
    or
    ([scopolamine_dayslastuse] <'31')
  ),
  1,
  0
)",,,,,,,,,,,, @HIDDEN-SURVEY
atypical_ro,screening_result,,calc,Returns 1 if they've used an atypical more recently than SP or have never used an SP but have used an atypical,"if(([atypical_since_sp]='1') or ([atypical_incontrol]='1'),
  1,
  0
)",,,,,,,,,,,, @HIDDEN-SURVEY
interested_spstudy,screening_result,,text,"<div class=""rich-text-field-label""><p><span style=""font-weight: normal;"">If you are </span><em>at all </em>interested<span style=""font-weight: normal;""> in playing our games at some point 1) </span>while under the influence of the psychedelic<span style=""font-weight: normal;""> (later in the trip, close to psychological baseline OR at the peak of a low dose) </span>and<span style=""font-weight: normal;"">/</span>OR<span style=""font-weight: normal;""> 2) in the </span>days/weeks <em>after</em><span style=""font-weight: normal;""> taking the psychedelic</span><span style=""font-weight: normal;""> for additional compensation</span><span style=""font-weight: normal;""> -- then </span>please enter an email address<span style=""font-weight: normal;""> to this box.</span><br><br><span style=""font-weight: normal;"">We will send you a </span>unique survey link <span style=""font-weight: normal;"">which will describe the study in greater detail, have you sign another consent form, and then you will get links to play the games at whichever time points you are willing to complete : )</span><br><br>NOTE<span style=""font-weight: normal;"">!! If you are concerned about confidentiality, we recommend you use a reputable, free email forwarding website (like AnonAddy for Forward Email) to generate an email which will forward to your real email; we will only use the email address you provide here. </span></p> <p><span style=""font-weight: normal;""><em>We will never mention drug-use in the content of any of our emails.</em></span><br><br><span style=""font-weight: normal;"">Here is a link to Anon Addy: https://app.addy.io/register </span><br><span style=""font-weight: normal;"">Forward Email: https://forwardemail.net/en</span></p></div>",,,email,,,,[planning_trip] = '1',,,,,,
days_to_3months,screening_result,,calc,Returns the number of days until they are 3 months out from a psychedelic,60 - [sp_lastuse_days_screen],,,,,,,,,,,, @HIDDEN-SURVEY
cb_eligibility,screening_result,,calc,"Returns a 1 if they are ineligible due to cannabis
Returns a 0 otherwise","if(([activecannabisuse_lastuse] < 28 and [cannabis_frequency] > 9) or 
   ([activecannabisuse_lastuse] < 14 and ([cannabis_frequency] = 9 or [cannabis_frequency] = 8)) or 
   ([activecannabisuse_lastuse] < 7 and [cannabis_frequency] = 7) or 
   [activecannabisuse_lastuse] < 3, 1, 0)",,,,,,,,,,,, @HIDDEN-SURVEY
sp_naiive,screening_result,,calc,"Returns a 1 if they have used nonmicrodose SP doses OR haven't used SPs but are planning to
Returns a 0 otherwise","if(([psycheduse_yn]='2' and [interested_spstudy]<>"""") or ([psycheduse_yn]='1') or ([psycheduse_yn]='2' and [control_group]=""1"") or ([psycheduse_yn]='3' and [interested_spstudy]<>"""") or ([student_yn]='1'), 1, 0)",,,,,,,,,,,, @HIDDEN-SURVEY
not_eligible_v2,screening_result,"<div class=""rich-text-field-label""></div>",checkbox,"<div class=""rich-text-field-label""><p><span style=""font-weight: normal;"">Thank you for your interest in participation! </span></p> <p><span style=""font-weight: normal;"">Based on your responses, you are </span>not eligible<span style=""font-weight: normal;""> for this study :( </span></p></div>","1, Checkbox disabled unless eligible.",,,,,,"[age_v2] > 65 or [age_v2] <18 or [cognition_screener_v2]='1' or [seizure_hx_v2]='1' or [intox_screen_v2] = '1' or [psychspec_druguse] ='3' or [no_computer]='1' or ([sp_naiive]='0' or [english_fluency]='0' and [student_yn]='0')
// or [atypical_ro]>0",y,,,,, @READONLY
not_eligible_raven,screening_result,,checkbox,"<div class=""rich-text-field-label""><p><span style=""font-weight: normal;"">Thank you for your interest in participation!</span></p> <p><span style=""font-weight: normal;"">Based on your responses, you are </span>not eligible<span style=""font-weight: normal;""> for this study :( </span></p></div>","1, Checkbox disabled unless eligible.",,,,,,[raven_total_score_v2] < 1 and [student_yn]='0',y,,,,, @READONLY
cb_abstinence_yn,screening_result,,yesno,"<div class=""rich-text-field-label""><p><span style=""font-weight: normal;"">Would you be willing to</span> stop using Cannabis<span style=""font-weight: normal;""> for a </span>few days<span style=""font-weight: normal;""> to a </span>few weeks<span style=""font-weight: normal;"">?</span></p></div>",,,,,,,"[cb_eligibility]='1' 
//and [atypical_ro]<>1",y,,,,, @HIDDEN-SURVEY
sp_abstinence_yn,screening_result,,yesno,"<div class=""rich-text-field-label""><p><span style=""font-weight: normal;"">Would you be willing to </span><em>not</em> take any psychedelics <span style=""font-weight: normal;"">for the next </span>[days_to_3months] days<span style=""font-weight: normal;"">? </span></p></div>",,,,,,,"[sp_lastuse_days_screen]<60 and [interested_spstudy]<>""""
//[sp_lastuse_days_screen]=-999",y,,,,,
zoom_email,screening_result, ,text,"<div class=""rich-text-field-label""><p><span style=""font-weight: normal;"">At this time you are </span>ineligible<span style=""font-weight: normal;""> for the study.</span><br><br>HOWEVER<span style=""font-weight: normal;""> you </span>will likely be eligibile in near future.<span style=""font-weight: normal;""> If you are willing to </span>schedule a zoom call <span style=""font-weight: normal;"">to discuss your participation, please </span>add your email here<span style=""font-weight: normal;""> </span></p> <p><span style=""font-weight: normal;""><span style=""text-decoration: underline;""><em>or</em></span> </span></p> <p><span style=""font-weight: normal;"">directly reach out to </span>maximillian.greenwald@yale.edu<span style=""font-weight: normal;""> with the subject:</span><br><span style=""font-weight: normal;"">""</span>[record_id] <span style=""font-weight: normal;"">requesting Zoom call for SP study""</span></p> <p><span style=""text-decoration: underline;""><span style=""font-weight: normal;""><em>or</em></span></span></p> <p><span style=""font-weight: normal;"">directly </span>text<span style=""font-weight: normal;""> the Powers Lab Google Voice at <strong>+1 (203) 441-7213</strong></span> <span style=""font-weight: normal;"">with the message ""</span>[record_id]<span style=""font-weight: normal;""> requesting Zoom call for SP study""</span></p> <p> </p> <p><span style=""font-weight: normal;"">Thank you so much for your participation!</span></p></div>",,,email,,,,[cb_abstinence_yn]='1',,,,,, @HIDDEN-SURVEY
sp_wait_pls,screening_result,,yesno,"<div class=""rich-text-field-label""><h3><span style=""text-decoration: underline;"">Please consider waiting to complete the study. </span></h3> <p> </p> <p><span style=""font-weight: normal;"">We are currently in need of folks </span>who have not used a psychedelic in the past 3 months <span style=""font-weight: normal;"">to participate in our </span>longitudinal study<span style=""font-weight: normal;""> which is compensated at </span>$240<span style=""font-weight: normal;""> (for completing these </span>~2 hour<span style=""font-weight: normal;""> measures</span> 4-5 times<span style=""font-weight: normal;"">)and is of greatest scientific value. </span></p> <p> </p> <p><span style=""font-weight: 400;""><span style=""font-weight: normal;""><span style=""text-decoration: underline;"">Are you willing to wait</span> </span>to start this study so that you might be able to do our longitudinal study? :) </span></p> <p> </p></div>",,,,,,,[sp_abstinence_yn]='1',y,,,,,
not_eligible_weed,screening_result, ,checkbox,"<div class=""rich-text-field-label""><p><span style=""font-weight: normal;"">Thank you for your interest in participation! At this time, you are ineligible for our study. </span></p> <p> </p> <p><span style=""font-weight: normal;"">If you would</span> still be interested in participating if we change our inclusion criteria<span style=""font-weight: normal;"">, then please </span>add your email below <span style=""font-weight: normal;"">to be contacted in the future! </span></p></div>","1, Checkbox disabled unless eligible.",,,,,,[cb_abstinence_yn]='4',y,,,,, @READONLY
not_eligible_weed_2,screening_result,,checkbox,"<div class=""rich-text-field-label""><p><span style=""font-weight: normal;"">You are currently </span>ineligibile<span style=""font-weight: normal;"">, but you have easily modifiable factors that will make you eligibile. </span></p> <p><span style=""font-weight: normal;"">If you </span>left your email<span style=""font-weight: normal;""> in the preceding pages then a </span>researcher will be in contact with you <span style=""font-weight: normal;"">to discuss inclusion criteria and your study participation :)</span></p> <p> </p> <p><span style=""font-weight: normal;"">Thank you!</span></p> <p><span style=""font-weight: normal;"">-Powers Lab</span></p></div>","1, Checkbox disabled unless eligible.",,,,,,[cb_abstinence_yn]='4',y,,,,, @READONLY
not_eligibile_email,screening_result,,text,"<div class=""rich-text-field-label""><p><span style=""font-weight: normal;"">If you </span>want to be contacted <span style=""font-weight: normal;"">if our </span>inclusion criteria changes<span style=""font-weight: normal;"">, please </span>enter an email address <span style=""font-weight: normal;"">you can access here</span></p></div>",,,,,,,[cb_abstinence_yn]='0',,,,,,
not_eligible_country,screening_result,,checkbox,"<div class=""rich-text-field-label""><p><span style=""font-weight: normal;"">Thank you for your interest in participation! At this time, you are ineligible for our study. </span></p> <p> </p> <p>If you would still like to participate <span style=""font-weight: normal;"">and might be willing to complete </span>Zoom calls<span style=""font-weight: normal;"">, you may send an email to </span><a href=""mailto:maximillian.greenwald@yale.edu"">maximillian.greenwald@yale.edu</a></p> <p> </p> <p><span style=""font-weight: normal;"">If you would</span> still be interested in participating <span style=""text-decoration: underline;"">if we change our inclusion criteria in the future</span><span style=""font-weight: normal;"">, then please </span>add your email below <span style=""font-weight: normal;"">to be contacted in the future! </span></p></div>","1, Checkbox disabled unless eligible.",,,,,,"[geo_crit]="""" and [student_yn]='0'",y,,,,, @READONLY
not_eligibile_email_2,screening_result,,text,"If you want  to be contacted if our inclusion criteria changes, please enter an email address you can access here",,,,,,,"[geo_crit]="""" and [student_yn]='0'",,,,,,
submit_screen_v3,screening_result, ,radio,"<div class=""rich-text-field-label""><p><span style=""font-size: 18pt;""><span style=""font-weight: normal;"">You are </span><i>likely eligible</i><span style=""font-weight: normal;""><i>! </i></span></span></p> <p><span style=""font-size: 12pt;""><span style=""font-weight: normal;""><span style=""text-decoration: underline;"">The next steps</span>: </span></span></p> <p><span style=""font-size: 12pt;""><span style=""font-weight: normal;"">1) Hit ""</span>Save and Submit Later<span style=""font-weight: normal;"">"" at the bottom of this survey and</span> save the link<span style=""font-weight: normal;"">. </span></span></p> <p><span style=""font-size: 12pt;""><span style=""font-weight: normal;"">OR copy it from here: </span><em><span style=""text-decoration: underline;"">[screen_result_url]</span></em></span></p> <p> </p> <p><span style=""font-size: 12pt;""><span style=""font-weight: normal;"">2) Researchers will try to review your responses </span><em>within 1 business day<span style=""font-weight: normal;""> (or sooner) to ensure eligibility.</span></em><span style=""font-weight: normal;""> </span></span></p> <p> </p> <p><span style=""font-size: 12pt;""><span style=""font-weight: normal;"">3) If you provided your email at the start and </span>indicate a preference below for us to email you<span style=""font-weight: normal;"">, <em>you will receive an emailed link allowing you to continue </em>from <a href=""mailto:maximillian.greenwald@yale.edu"">maximillian.greenwald@yale.edu</a> or <a href=""mailto:powers.lab@yale.edu"">powers.lab@yale.edu</a></span></span><span style=""font-size: 12pt;""><span style=""font-weight: normal;"">.</span></span></p> <p> </p> <p><span style=""font-size: 12pt;""><span style=""font-weight: normal;"">4) If you requested </span>not to be emailed<span style=""font-weight: normal;"">, <em>please open your link </em></span><em>in 24 hours and 48 hours<span style=""font-weight: normal;"">. </span></em><span style=""font-weight: normal;"">If you are still unable to proceed at 48 hours, you are not eligibile. </span></span></p></div>","1, Please email me ASAP if I am eligible. | 2, Please do not email me -- I will check back tomorrow and the day after.",,,,,,"[age_v2] < 65 and [age_v2] > 17 and [cognition_screener_v2]='0' and [seizure_hx_v2]='0' and [intox_screen_v2] = '0' and [sp_naiive]='1' and [no_computer]='0'  and [geo_crit]<>"""" and [interested_spstudy]<>""""
// and [atypical_ro]<1 and [cb_eligibility]<>'1'",y,LV,,,,
email_notify_only,screening_result,,text,What email should we send your notification to?,,,email,,,,"([email_addtl_contact]="""") and ([submit_screen_v3]='1')",y,,,,,
submitscreen_url,screening_result,,text,Instrument URL,,,,,,,,,,,,," @CALCTEXT([form-url:instrument])
@HIDDEN-SURVEY"
eligible_click,eligibile,,radio,"<div class=""rich-text-field-label""><p><span style=""font-weight: normal;"">Click to continue!</span></p> <p><span style=""text-decoration: underline; font-size: 12pt;"">WARNING:</span><span style=""font-weight: normal; font-size: 12pt;""> You have only <em><span style=""text-decoration: underline;"">72 hours to finish</span></em> once you start the next questionnaire! Please only click once you are ready</span></p> <p> </p> <p><span style=""font-weight: normal;""><em>If you do not want to start now, you can click ""Save and Submit Later"" and either copy the link to this page or email it to yourself. </em></span></p></div>","1, Click here!",,,,,,,y,,,,,
eligibile_url,eligibile,,text,,,,,,,,,,,,,," @HIDDEN-SURVEY
@CALCTEXT([survey-url:instrument])"
wants_notification,eligibile,,yesno,"<div class=""rich-text-field-label""><p><span style=""font-weight: normal;"">Would you like to receive an </span>email reminder <span style=""font-weight: normal;"">every </span>12 hours<span style=""font-weight: normal;""> reminding you to finish this study? </span></p> <p><span style=""font-weight: normal;"">(that stops after you finish :)) </span></p></div>",,We recommend this! It's easy to forget to finish the study in 3 days! :) ,,,,,,y,,,,,
wants_links,eligibile,,yesno,"<div class=""rich-text-field-label""><p><span style=""text-decoration: underline;""><span style=""font-size: 14pt;"">REMEMBER</span></span><span style=""font-weight: normal;"">:  you need to hit </span>""save and submit later""<span style=""font-weight: normal;""> to keep a link to each game's survey so you can pick up where you leave off if you take a break, your computer shuts down, or the game has a glitch and boots you out! </span></p> <p> </p> <p><span style=""text-decoration: underline; font-size: 14pt;"">Do you want links to each game's survey to be emailed to you? </span></p></div>",,We recommend this -- it sucks when you forget your link!,,,,,,y,,,,,
fraud_1,eligibile,,radio,"<div class=""rich-text-field-label""><p>Your responses have been determined to be fraudulent, and your study participation ends here. Your data will be deleted.</p></div>","1, Checkbox disabled.",,,,,,[qc_passed]='0',y,,,,, @READONLY
timestamp_survey_bl,survey_perception_substance_use,"<div class=""rich-text-field-label""><p><span style=""font-weight: normal;"">Module: Sensory Impairment Questionnaire</span><br><br>Please answer the following questions based on any hearing or visual difficulties or impairments you may have.</p> <p> </p> <p><em>Your Questionnaires Progress:</em></p> <div class=""progress"" style=""height: 15px; width: 50%;""><br>  <div class=""progress-bar"" style=""width: 0%;"" role=""progressbar"">0%</div> </div> <p> </p> <div style=""font-size: 8pt; font-family: cursive;""> </div> <p> </p></div>",text,,,,datetime_seconds_mdy,,,,,,,,,, @HIDDEN-SURVEY @NOW
timestamp_survey_bl_2,survey_perception_substance_use,,text,,,,date_mdy,,,,,,,,,, @HIDDEN-SURVEY @NOW
today_survey_bl,survey_perception_substance_use,,text,,,,date_mdy,,,,,,,,,, @HIDDEN @TODAY
survey1_url,survey_perception_substance_use,,text,Instrument URL,,,,,,,,,,,,," @CALCTEXT([form-url:instrument])
@HIDDEN-SURVEY"
fraud_2,survey_perception_substance_use,,radio,"<div class=""rich-text-field-label""><p>Your responses have been determined to be fraudulent, and your study participation ends here. Your data will be deleted.</p></div>","1, Checkbox disabled.",,,,,,[qc_passed]='0',y,,,,, @READONLY
si_1_v2,survey_perception_substance_use,,yesno,Do you have difficulty hearing?,,,,,,,,y,,,,,
si_2_v2,survey_perception_substance_use,,yesno,Do you need a hearing aid?,,,,,,,,y,,,,,
si_3_v2,survey_perception_substance_use,,yesno,Do you have one in now?,,,,,,,[si_2_v2]='1',y,,,,,
si_4_v2,survey_perception_substance_use,,yesno,Is there impairment without a hearing aid?,,,,,,,,y,,,,,
si_5_v2,survey_perception_substance_use,,yesno,Do you have difficulty with your vision?,,,,,,,,y,,,,,
si_6_v2,survey_perception_substance_use,,yesno,Do you need glasses or contacts for reading?,,,,,,,,y,,,,,
si_7_v2,survey_perception_substance_use,,yesno,Do you need glasses or contacts for distance?,,,,,,,,y,,,,,
si_8_v2,survey_perception_substance_use,,yesno,Are you color blind?,,,,,,,,y,,,,,
chat_ah1_v2,survey_perception_substance_use,"<div class=""rich-text-field-label""><p>Auditory Experiences Questionnaire</p> <p><span style=""font-weight: normal;"">The following questions will be about your</span> experiences hearing things that other people cannot/do not, <span style=""font-weight: normal;"">which </span>we will now refer to as AEs (auditory experiences). </p> <p> </p> <p><span style=""font-size: 14pt;"">We are asking about experiences you've had <em><span style=""text-decoration: underline;""><span style=""font-size: 18pt;"">NOT</span></span></em> while under the influence of any psychoactive, spiritual, or ceremonial drug. </span></p> <p><br><br><span style=""font-weight: normal;"">REMINDER:</span><br><span style=""font-weight: normal;"">We understand that the phrase ""the voices"" or ""my voices"" can seem stigmatizing or lead to labeling. We also understand that for many, ""the voices"" or ""my voices"" really means ""Spirit,"" ""My Higher Power,"" ""My Higher Self,"" ""My Guides,"" ""the Universe,"" ""My Inner Guidance,"" ""Aspects"" and so much more. </span></p> <p><br><span style=""font-weight: normal;"">Because we have so many different groups participating in this study, we had to use the most general term of ""voices."" However, we encourage you to replace the phrase ""my voices"" or ""the voices"" in your mind while reading the question to whatever phrase reflects your beliefs.</span></p></div>",yesno,"Have you ever thought you heard someone call your name, but then realized you must have been mistaken?",,,,,,,,y,,,,,
chat_ah_freq1_v2,survey_perception_substance_use,,dropdown,How often has this happened?,"0, A handful of times throughout my life|1, A few times a year|2, Monthly|3, Weekly|4, Daily",,,,,,[chat_ah1_v2] = '1',y,,,,,
chat_ah_exp1_v2,survey_perception_substance_use,,dropdown,When was the last time this happened?,"0, Unsure|1, Over 10 years ago|2, 5-10 years ago|3, 1-5 years ago|4, Recently",,,,,,[chat_ah1_v2] = '1',y,,,,,
chat_ah2_v2,survey_perception_substance_use,,yesno,"Have you ever heard your phone ringing, but then realized the phone hadn't actually rung?",,,,,,,,y,,,,,
chat_ah_freq2_v2,survey_perception_substance_use,,dropdown,How often has this happened?,"0, A handful of times throughout my life|1, A few times a year|2, Monthly|3, Weekly|4, Daily",,,,,,[chat_ah2_v2] = '1',y,,,,,
chat_ah_exp2_v2,survey_perception_substance_use,,dropdown,When was the last time this happened?,"0, Unsure|1, Over 10 years ago|2, 5-10 years ago|3, 1-5 years ago|4, Recently",,,,,,[chat_ah2_v2] = '1',y,,,,,
chat_ah3_v2,survey_perception_substance_use,,yesno,Do you ever hear strange noises when you are falling asleep or waking up in the morning?,,,,,,,,y,,,,,
chat_ah_freq3_v2,survey_perception_substance_use,,dropdown,How often has this happened?,"0, A handful of times throughout my life|1, A few times a year|2, Monthly|3, Weekly|4, Daily",,,,,,[chat_ah3_v2]='1',y,,,,,
chat_ah_exp3_v2,survey_perception_substance_use,,dropdown,When was the last time this happened?,"0, Unsure|1, Over 10 years ago|2, 5-10 years ago|3, 1-5 years ago|4, Recently",,,,,,[chat_ah3_v2]='1',y,,,,,
chat_ah4_v2,survey_perception_substance_use,,yesno,"What about hearing music or other noises that other people around you did not seem to hear? 
",,,,,,,,y,,,,,
chat_ah_freq4_v2,survey_perception_substance_use,,dropdown,How often has this happened?,"0, A handful of times throughout my life|1, A few times a year|2, Monthly|3, Weekly|4, Daily",,,,,,[chat_ah4_v2] = '1',y,,,,,
chat_ah_exp4_v2,survey_perception_substance_use,,dropdown,When was the last time this happened?,"0, Unsure|1, Over 10 years ago|2, 5-10 years ago|3, 1-5 years ago|4, Recently",,,,,,[chat_ah4_v2] = '1',y,,,,,
qualify_ah1_v2,survey_perception_substance_use,,calc,"<div class=""rich-text-field-label""><p>Qualify?</p></div>","if([chat_ah_freq4_v2]>=2,1,0)",,,,,,,,,,,, @HIDDEN-SURVEY
chat_ah5_v2,survey_perception_substance_use,,yesno,"Have you ever had an experience where you heard things, such as loud noises, voices talking, or people whispering, that other people could not hear? 
",,,,,,,,y,,,,,
chat_ah_freq5_v2,survey_perception_substance_use,,dropdown,How often has this happened?,"0, A handful of times throughout my life|1, A few times a year|2, Monthly|3, Weekly|4, Daily",,,,,,[chat_ah5_v2] = '1',y,,,,,
chat_ah_exp5_v2,survey_perception_substance_use,,dropdown,When was the last time this happened?,"0, Unsure|1, Over 10 years ago|2, 5-10 years ago|3, 1-5 years ago|4, Recently",,,,,,[chat_ah5_v2] = '1',y,,,,,
qualify_ah2_v2,survey_perception_substance_use,,calc,"<div class=""rich-text-field-label""><p>Qualify?</p></div>","if([chat_ah_freq5_v2]>= 2,1,0)",,,,,,,,,,,, @HIDDEN-SURVEY
extra_chat_ahfu_v2,survey_perception_substance_use,,yesno,"To be more specific, did these experience(s) involve hearing voices talking (or whispering) that others couldn't hear?",,,,,,,[chat_ah5_v2]='1',y,,,,,
chat_ah_freq6_v2,survey_perception_substance_use,,dropdown,How often has this happened?,"0, A handful of times throughout my life|1, A few times a year|2, Monthly|3, Weekly|4, Daily",,,,,,[extra_chat_ahfu_v2] = '1',y,,,,,
chat_ah_exp6_v2,survey_perception_substance_use,,dropdown,When was the last time this happened?,"0, Unsure|1, Over 10 years ago|2, 5-10 years ago|3, 1-5 years ago|4, Recently",,,,,,[extra_chat_ahfu_v2] = '1',y,,,,,
qualify_ah3_v2,survey_perception_substance_use,,calc,"<div class=""rich-text-field-label""><p>Qualify?</p></div>","if([chat_ah_freq6_v2]>= 2,1,0)",,,,,,,,,,,, @HIDDEN-SURVEY
chat_ah6_v2,survey_perception_substance_use,,yesno,Have you ever been told that you are hearing things that are not real or are not really there? ,,,,,,,,y,,,,,
chat_ah_freq7_v2,survey_perception_substance_use,,dropdown,How often has this happened?,"0, A handful of times throughout my life|1, A few times a year|2, Monthly|3, Weekly|4, Daily",,,,,,[chat_ah6_v2] = '1',y,,,,,
chat_ah_exp7_v2,survey_perception_substance_use,,dropdown,When was the last time this happened?,"0, Unsure|1, Over 10 years ago|2, 5-10 years ago|3, 1-5 years ago|4, Recently",,,,,,[chat_ah6_v2] = '1',y,,,,,
qualify_ah4_v2,survey_perception_substance_use,,calc,"<div class=""rich-text-field-label""><p>Qualify?</p></div>","if([chat_ah_freq7_v2]>=2,1,0)",,,,,,,,,,,, @HIDDEN-SURVEY
chat_ah7_v2,survey_perception_substance_use,,yesno,Have you ever had an auditory hallucination? ,,,,,,,,y,,,,,
qualify_ah_5_v2,survey_perception_substance_use,,calc,"<div class=""rich-text-field-label""><p>Qualify?</p></div>","if([voice_frequency_2_v2]>=3,1,0)",,,,,,,,,,,, @HIDDEN
voice_frequency_2_v2,survey_perception_substance_use,,dropdown,How often do you have auditory hallucinations?,"1, Daily | 2, Weekly | 3, Monthly | 4, Once or twice a year | 5, Rarely | 6, Never",,,,,,[chat_ah7_v2]='1',y,,,,,
chat_ah8_v2,survey_perception_substance_use,,yesno,Has a doctor or family member ever told you that you have had an auditory hallucination? ,,,,,,,,y,,,,,
qualify_ah6_v2,survey_perception_substance_use,,calc,"<div class=""rich-text-field-label""><p>Qualify?</p></div>","if([chat_ah8_v2]=1,1,0)",,,,,,,,,,,, @HIDDEN
ah8followup_v2,survey_perception_substance_use,,notes,"<div class=""rich-text-field-label""><p>When did a doctor, family member or friend tell you this?</p></div>",,,,,,,[chat_ah8_v2]='1',y,,,,,
chat_ah_results_v2,survey_perception_substance_use,,calc,"<div class=""rich-text-field-label""><p>CHAT AH Score</p></div>",[chat_ah4_v2]+[chat_ah5_v2]+[chat_ah6_v2]+[chat_ah7_v2]+[chat_ah8_v2],,,,,,,,,,,, @HIDDEN-SURVEY
qualify_ah_final_v2,survey_perception_substance_use,,calc,"<div class=""rich-text-field-label""><p>CHAT AH Qualifier </p></div>",[qualify_ah1_v2] + [qualify_ah2_v2] + [qualify_ah3_v2] + [qualify_ah4_v2] + [qualify_ah_5_v2] + [qualify_ah6_v2],,,,,,,,,,,, @HIDDEN-SURVEY
voice_recency_v2,survey_perception_substance_use,,dropdown,When was the last time you heard a voice? ,"1, Within the last month|2, Within the last 6 months|3, Within the last year|4, Within the last 5 years|5, Over 5 years ago|6, Never",,,,,,[extra_chat_ahfu_v2]='1',y,,,,,
voice_frequency_v2,survey_perception_substance_use,,dropdown,How often do you hear voices?,"1, Daily|2, Weekly|3, Monthly|4, Once or twice a year|5, Rarely|6, Never",,,,,,[extra_chat_ahfu_v2]='1',y,,,,,
make_experience_v2,survey_perception_substance_use,,yesno,"<div class=""rich-text-field-label""><p>Do you try to make your auditory experiences happen?</p></div>",,,,,,,[chat_ah1_v2]='1' or [chat_ah2_v2]='1' or [chat_ah3_v2]='1' or [chat_ah4_v2]='1' or [chat_ah5_v2]='1' or [chat_ah6_v2]='1' or [chat_ah7_v2]='1' or [chat_ah8_v2]='1',y,,,,,
auditory_experience_v2,survey_perception_substance_use,,yesno,"<div class=""rich-text-field-label""><p>Prior to trying to make them happen, did these auditory experiences ever happen spontaneously? </p></div>",,,,,,,[make_experience_v2]='1',y,,,,,
spontaneously_v2,survey_perception_substance_use,,text,"<div class=""rich-text-field-label""><p>How often did they happen spontaneously?</p></div>",,,,,,,[auditory_experience_v2] ='1',y,,,,,
chat_vh1_v2,survey_perception_substance_use,"<div class=""rich-text-field-label""><p>Visual Experiences Questionnaire</p> <p><span style=""font-weight: normal;"">The following questions will be about your</span> experiences <em>seeing </em>things that other people cannot/do not<span style=""font-weight: normal;"">, which</span> we will now refer to as VEs (visual experiences). </p> <p> </p> <p><span style=""font-size: 14pt;"">We are asking about experiences you've had <span style=""text-decoration: underline; font-size: 18pt;""><em>NOT</em></span> while under the influence of any psychoactive, spiritual, or ceremonial drug. </span></p> <p> </p> <p><span style=""font-weight: normal;"">We understand that the phrase ""the visions"" can seem stigmatizing or lead to labeling. We also understand that for many, ""visions"" really means ""Spirit,"" ""My Higher Power,"" ""My Higher Self,"" ""My Guides,"" ""the Universe,"" ""My Inner Guidance,"" ""Aspects"" and so much more. </span></p> <p><span style=""font-weight: normal;"">Because we have so many different groups participating in this study, we had to use the most general term of ""visions."" However, we encourage you to replace the phrase ""visions"" in your mind while reading the question to whatever phrase reflects your beliefs.</span></p> <p><span style=""font-weight: normal;""> </span></p></div>",yesno,"Have you ever had an experience in which you thought you saw something, but when you looked, nothing was there? ",,,,,,,,y,,,,,
chat_vh_freq1_v2,survey_perception_substance_use,,dropdown,How often has this happened?,"0, A handful of times throughout my life|1, A few times a year|2, Monthly|3, Weekly|4, Daily",,,,,,[chat_vh1_v2] = '1',y,,,,,
chat_vh_exp1_v2,survey_perception_substance_use,,dropdown,When was the last time this happened?,"0, Unsure|1, Over 10 years ago|2, 5-10 years ago|3, 1-5 years ago|4, Recently",,,,,,[chat_vh1_v2]='1',y,,,,,
chat_vh2_v2,survey_perception_substance_use,,yesno,"When you are falling asleep, do you ever see things? ",,,,,,,,y,,,,,
chat_vh_freq2_v2,survey_perception_substance_use,,dropdown,How often has this happened?,"0, A handful of times throughout my life|1, A few times a year|2, Monthly|3, Weekly|4, Daily",,,,,,[chat_vh2_v2]='1',y,,,,,
chat_vh_exp2_v2,survey_perception_substance_use,,dropdown,When was the last time this happened?,"0, Unsure|1, Over 10 years ago|2, 5-10 years ago|3, 1-5 years ago|4, Recently",,,,,,[chat_vh2_v2]='1',y,,,,,
chat_vh3_v2,survey_perception_substance_use,,yesno,"Have you ever seen things move, but then realized that your eyes were playing tricks on you? ",,,,,,,,y,,,,,
chat_vh_freq3_v2,survey_perception_substance_use,,dropdown,How often has this happened?,"0, A handful of times throughout my life|1, A few times a year|2, Monthly|3, Weekly|4, Daily",,,,,,[chat_vh3_v2]='1',y,,,,,
chat_vh_exp3_v2,survey_perception_substance_use,,dropdown,When was the last time this happened?,"0, Unsure|1, Over 10 years ago|2, 5-10 years ago|3, 1-5 years ago|4, Recently",,,,,,[chat_vh3_v2]='1',y,,,,,
qualify_vh2_v2,survey_perception_substance_use,,calc,"<div class=""rich-text-field-label""><p>Qualify?</p></div>","if([chat_vh_freq3_v2]>=2,1,0)",,,,,,,,,,,, @HIDDEN-SURVEY
chat_vh4_v2,survey_perception_substance_use,,yesno,"Have you ever seen things that other people could not see, such as flashes of light, or figures that were people or animals or other objects? ",,,,,,,,y,,,,,
chat_vh_freq4_v2,survey_perception_substance_use,,dropdown,How often has this happened?,"0, A handful of times throughout my life|1, A few times a year|2, Monthly|3, Weekly|4, Daily",,,,,,[chat_vh4_v2] = '1',y,,,,,
chat_vh_exp4_v2,survey_perception_substance_use,,dropdown,When was the last time this happened?,"0, Unsure|1, Over 10 years ago|2, 5-10 years ago|3, 1-5 years ago|4, Recently",,,,,,[chat_vh4_v2]='1',y,,,,,
qualify_vh1_v2,survey_perception_substance_use,,calc,"<div class=""rich-text-field-label""><p>Qualify?</p></div>","if([chat_vh_freq4_v2]>=2,1,0)",,,,,,,,,,,, @HIDDEN-SURVEY
chat_vh5_v2,survey_perception_substance_use,,yesno,Have you ever had a visual hallucination? ,,,,,,,,y,,,,,
qualify_vh3_v2,survey_perception_substance_use,,calc,"<div class=""rich-text-field-label""><p>Qualify?</p></div>","if([chat_vh5_v2]=1,1,0)",,,,,,,,,,,, @HIDDEN
vision_frequency_v2,survey_perception_substance_use,,dropdown,How often do you have visual hallucinations?,"1, Daily | 2, Weekly | 3, Monthly | 4, Once or twice a year | 5, Rarely | 6, Never",,,,,,[chat_vh5_v2]='1',y,,,,,
chat_vh6_v2,survey_perception_substance_use,,yesno,Have you ever been told that you are seeing things that are not real or are not really there? ,,,,,,,,y,,,,,
qualify_chat4_v2,survey_perception_substance_use,,calc,"<div class=""rich-text-field-label""><p>Qualify?</p></div>","if([chat_vh6_v2]=1,1,0)",,,,,,,,,,,, @HIDDEN
chat_vh7_v2,survey_perception_substance_use,,yesno,"Has a friend, family member, or doctor ever told you that you have had a visual hallucination?",,,,,,,,y,,,,,
qualify_vh6_v2,survey_perception_substance_use,,calc,"<div class=""rich-text-field-label""><p>Qualify?</p></div>","if([chat_vh7_v2]=1,1,0)",,,,,,,,,,,, @HIDDEN
vh7followup_v2,survey_perception_substance_use,,notes,"<div class=""rich-text-field-label""><p>When did a doctor, family member or friend tell you this?</p></div>",,,,,,,[chat_vh7_v2]='1',y,,,,,
chat_vh_results_v2,survey_perception_substance_use,,calc,"<div class=""rich-text-field-label""><p>CHAT VH Responses</p></div>",[chat_vh4_v2] + [chat_vh5_v2] +[chat_vh6_v2] + [chat_vh7_v2],,,,,,,,,,,, @HIDDEN-SURVEY
qualify_vh_final_v2,survey_perception_substance_use,,calc,"<div class=""rich-text-field-label""><p>Total VH Qualifier </p></div>",[qualify_vh1_v2] + [qualify_vh2_v2] + [qualify_chat4_v2] + [qualify_vh6_v2] + [qualify_vh3_v2],,,,,,,,,,,, @HIDDEN-SURVEY
chat_distress,survey_perception_substance_use,,yesno,Have any of the above auditory or visual experiences been causing you any distress? ,,,,,,,"[student_yn]='1' and [task_data_prltask] <> """"",y,,,,,
ah_1,survey_perception_substance_use,"<div class=""rich-text-field-label""><p>Module: Auditory Experiences Follow Up</p> <p>The following questions will be about your experiences hearing things that other people cannot/do not, which we will now refer to as AEs (auditory experiences). </p> <p><span style=""font-weight: normal;"">REMINDER:</span></p> <p><span style=""font-weight: normal;"">We understand that the phrase ""the voices"" or ""my voices"" can seem stigmatizing or lead to labeling. We also understand that for many, ""the voices"" or ""my voices"" really means ""Spirit,"" ""My Higher Power,"" ""My Higher Self,"" ""My Guides,"" ""the Universe,"" ""My Inner Guidance,"" ""Aspects"" and so much more. </span></p> <p> </p> <p><span style=""font-weight: normal;"">Because we have so many different groups participating in this study, we had to use the most general term of ""voices."" However, we encourage you to replace the phrase ""my voices"" or ""the voices"" in your mind while reading the question to whatever phrase reflects your beliefs if that is more helpful to you.</span></p></div>",yesno,"When you had your AE, had you been using drugs or alcohol at the time?",,,,,,,"[chat_ah_results_v2] > '1' and [student_yn] = '0' and [cope_pw]=""do ah & vh qs""",y,,,,,
ah_2,survey_perception_substance_use,,yesno,Do you ever have AE when you are sober?,,,,,,,"[chat_ah_results_v2] > '1' and [student_yn] = '0' and [cope_pw]=""do ah & vh qs""",y,,,,,
ah_7,survey_perception_substance_use,,notes,When was that?,,,,,,,"[ah_6]='1' and [student_yn] = '0' and [cope_pw]=""do ah & vh qs""",y,,,,,
ah_sober,survey_perception_substance_use,,descriptive,"<div class=""rich-text-field-label""><p>The following questions pertain to AEs you experienced while <em>sober</em></p></div>",,,,,,,"[ah_2] = '1' and [student_yn] = '0' and [cope_pw]=""do ah & vh qs""",,,,,,
ah_3,survey_perception_substance_use,,dropdown,How would you describe your AE?,"1, Voices | 2, Ringing | 3, Music | 4, Voices & Ringing | 5, Voices & Music | 6, Music & Ringing | 7, Voices, Music & Ringing | 8, Other",,,,,,"[ah_2] = '1' and [chat_ah_results_v2] > '1' and [student_yn] = '0' and [cope_pw]=""do ah & vh qs""",y,,,,,
ah_4,survey_perception_substance_use,,text,"You selected ""other,"" can you briefly describe your auditory experience?",,,,,,,"[ah_3]='8' and [student_yn] = '0' and [cope_pw]=""do ah & vh qs""",y,,,,,
ah_5,survey_perception_substance_use,,notes,When did you first have an AE? How old were you?,,,,,,,"[ah_2] = '1' and [chat_ah_results_v2] > '1' and [student_yn] = '0' and [cope_pw]=""do ah & vh qs""",y,,,,,
ah_6,survey_perception_substance_use,,yesno,Did you ever have similar experiences hearing things before that?,,,,,,,"[ah_2] = '1' and [chat_ah_results_v2] > '1' and [student_yn] = '0' and [cope_pw]=""do ah & vh qs""",y,,,,,
ah_8,survey_perception_substance_use,,yesno,Any others?,,,,,,,"[ah_6]='1' and [student_yn] = '0' and [cope_pw]=""do ah & vh qs""",y,,,,,
ah_9,survey_perception_substance_use,,notes,When was that?,,,,,,,"[ah_8]='1' and [student_yn] = '0' and [cope_pw]=""do ah & vh qs""",y,,,,,
ah_10,survey_perception_substance_use,,dropdown,When was the last time you heard any of the above described experiences?,"0, Today | 1, Yesterday | 2, This week | 3, Last week | 4, This month | 5, Last month | 6, Within the last 6 months | 7, Within the last Year | 8, Over a year go",,,,,,"[ah_6]='1' and [student_yn] = '0' and [cope_pw]=""do ah & vh qs""",y,,,,,
ah_11,survey_perception_substance_use,,notes,"When were these experiences at their worst, whatever that may mean to you? 

Please note, we recognize that not everyone has had a negative experience with their AE or a ""worst"" time. So for this question, please answer based on the times when the AE was most frequent, most distressing, most intense, or most prominent in your life. ",,,,,,,"[ah_2] = '1' and [chat_ah_results_v2] > '1' and [student_yn] = '0' and [cope_pw]=""do ah & vh qs""",y,,,,,
ah_12,survey_perception_substance_use,,text,"How long was the experience as you described above (the ""worst time""?)",,,,,,,[ah_2] = '1' and [chat_ah_results_v2] > '1',y,,,,,
ah_13,survey_perception_substance_use,,yesno,Were you receiving medication during this time period?,,,,,,,[ah_2] = '1' and [chat_ah_results_v2] > '1',y,,,,,
ah_14,survey_perception_substance_use,"<div class=""rich-text-field-label""><p>Please answer the following questions considering your experience with AE during your ""worst time.""</p></div>",dropdown,"How often did these experiences happen, on average? ","0, AE not present | 1, Occurred less than once a week | 2, Occurred at least once a week | 3, Occurred at least once a day | 4, Occurred continuously or almost continuously (once an hour or more; stops for only a few minutes at most)",,,,,,[ah_2] = '1' and [chat_ah_results_v2] > '1',y,,,,,
ah_15,survey_perception_substance_use,,dropdown,"Once it started, how long did these experiences typically last?","1, AE not present | 2, Last for a few seconds | 3, Last for several minutes | 4, Last for at least one hour | 5, Last for hours at a time",,,,,,[ah_2] = '1' and [chat_ah_results_v2] > '1',y,,,,,
ah_16,survey_perception_substance_use,,dropdown,How loud were these experiences for you?,"1, AE not present | 2, Quieter than my own voice (e.g. whispers) | 3, About same loudness as my voice | 4, Somewhat louder than my voice | 5, Extremely loud (e.g. shouting)",,,,,,[ah_2] = '1' and [chat_ah_results_v2] > '1',y,,,,,
ah_17,survey_perception_substance_use,,dropdown,What were the AE like for you?,"1, AE not present | 2, Simple, meaningless sounds (e.g. pure tones, white noise, or other unidentified non-human sounds) | 3, Word-like sounds, a simple melody, or wordless but meaningful sounds (e.g. crying, unintelligible murmuring, laughter, etc.), or may be a coherent but isolated nonhuman sound like a whistle | 4, Words, short phrases, short parts of songs | 5, Complete sentences, songs, or multiple voices conversing",,,,,,[ah_2] = '1' and [chat_ah_results_v2] > '1',y,,,,,
ah_18,survey_perception_substance_use,,dropdown,How much did these experiences interfere with your ability to hear other sounds?,"1, AE not present | 2, No interference with other sounds | 3, Mild: Can hear most but not all other sounds during AE (e.g. might not hear the phone ringing) | 4, Moderate: Difficult to hear other sounds during AE (e.g. might miss large parts of a conversation due to AE interruption) | 5, Severe: Unable to hear all or almost all other sounds during AE (e.g. is unable to follow a TV show, conversation, etc.)",,,,,,[ah_2] = '1' and [chat_ah_results_v2] > '1',y,,,,,
ah_19,survey_perception_substance_use,,dropdown,"How much did these experiences interfere with your ability to concentrate?
","1, AE not present | 2, No concentration difficulties during AE | 3, Mild difficulty concentrating on other tasks during AE | 4, Moderate difficulty concentrating on other tasks during AE | 5, Unable to concentrate on anything else during AE",,,,,,"[ah_2] = '1' and [chat_ah_results_v2] > '1' and [student_yn] = '0' and [cope_pw]=""do ah & vh qs""",y,,,,,
ah_20,survey_perception_substance_use,,dropdown,How much of the time did you feel you could control these experiences?,"1, AE not present | 2, Always felt some type of control over AE | 3, More than half of the time, I was able to control AE | 4, Less than half of the time, I was able to control AE | 5, I was never able to control AE",,,,,,"[ah_2] = '1' and [chat_ah_results_v2] > '1' and [student_yn] = '0' and [cope_pw]=""do ah & vh qs""",y,,,,,
ah_21,survey_perception_substance_use,,dropdown,What about the experience did you feel you could control?,"1, Frequency | 2, Duration | 3, Intensity | 4, Frequency & Duration | 5, Frequency & Intensity | 6, Duration & Intensity | 7, Frequency, Duration & Intensity | 8, Other | 9, Nothing/NA",,,,,,"[ah_20] = '2' or [ah_20] = '3' or [ah_20] = '4' and [student_yn] = '0' and [cope_pw]=""do ah & vh qs""",y,,,,,
ah_22,survey_perception_substance_use,,notes,Was there anything you did to cope with these experiences?,,,,,,,"[ah_2] = '1' and [chat_ah_results_v2] > '1' and [student_yn] = '0' and [cope_pw]=""do ah & vh qs""",y,,,,,
ah_23,survey_perception_substance_use,,dropdown,How easily were you able to ignore these experiences? ,"1, AE not present | 2, Easy: Able to ignore AE with no effort | 3, Moderately: Able to ignore AE but takes some effort | 4, Difficult: Ignoring AE takes lots of effort | 5, Unable to ignore AE",,,,,,"[ah_2] = '1' and [chat_ah_results_v2] > '1' and [student_yn] = '0' and [cope_pw]=""do ah & vh qs""",y,,,,,
ah_24,survey_perception_substance_use,,dropdown,"Regardless of how they made you feel, how often did these experiences have an unpleasant (angry, frightening, sad) quality?","1, AE not present | 2, No unpleasant or negative content; positive or neutral content | 3, Minority of contents are unpleasant or negative (less than half of the time) | 4, Majority but not all of contents are unpleasant or negative (more than half of the time) | 5, All of contents are unpleasant or negative",,,,,,"[ah_2] = '1' and [chat_ah_results_v2] > '1' and [student_yn] = '0' and [cope_pw]=""do ah & vh qs""",y,,,,,
ah_25,survey_perception_substance_use,,dropdown,How often were you distressed/worried/frightened by these experiences?,"1, AE not present | 2, I was never distressed by AE | 3, Less than half of the time, I was distressed by AE | 4, More than half of the time, I was distressed by AE | 5, I was always distressed by AE",,,,,,"[ah_2] = '1' and [chat_ah_results_v2] > '1' and [student_yn] = '0' and [cope_pw]=""do ah & vh qs""",y,,,,,
ah_26,survey_perception_substance_use,,dropdown,How distressing were these experiences for you?,"1, AE not present | 2, Not distressing | 3, Somewhat distressing | 4, Very distressing, although I could have felt worse | 5, Extremely distressing, felt the worst I could possibly feel",,,,,,"[ah_2] = '1' and [chat_ah_results_v2] > '1' and [student_yn] = '0' and [cope_pw]=""do ah & vh qs""",y,,,,,
ah_27,survey_perception_substance_use,"<div class=""rich-text-field-label""><p>Please answer the following about any AE you've experienced in the past TWO DAYS.</p></div>",dropdown,"How often do these experiences happen, on average? ","0, AE not present | 1, Occur less than once a week | 2, Occur at least once a week | 3, Occur at least once a day | 4, Occur continuously or almost continuously (once an hour or more; stops for only a few minutes at most)",,,,,,"[ah_2] = '1' and [chat_ah_results_v2] > '1' and [student_yn] = '0' and [cope_pw]=""do ah & vh qs""",y,,,,,
ah_28,survey_perception_substance_use,,dropdown,"Once it starts, how long do these experiences typically last?","1, AE not present | 2, Last for a few seconds | 3, Last for several minutes | 4, Last for at least one hour | 5, Last for hours at a time",,,,,,"[ah_2] = '1' and [chat_ah_results_v2] > '1' and [student_yn] = '0' and [cope_pw]=""do ah & vh qs""",y,,,,,
ah_29,survey_perception_substance_use,,dropdown,How loud are these experiences for you?,"1, AE not present | 2, Quieter than my own voice (e.g. whispers) | 3, About same loudness as my voice | 4, Somewhat louder than my voice | 5, Extremely loud (e.g. shouting)",,,,,,"[ah_2] = '1' and [chat_ah_results_v2] > '1' and [student_yn] = '0' and [cope_pw]=""do ah & vh qs""",y,,,,,
ah_30,survey_perception_substance_use,,dropdown,Which of the following best matches what you usually hear?,"1, AE not present | 2, Simple, meaningless sounds (e.g. pure tones, white noise, or other unidentified non-human sounds) | 3, Word-like sounds, a simple melody, or wordless but meaningful sounds (e.g. crying, unintelligible murmuring, laughter, etc.), or may be a coherent but isolated nonhuman sound like a whistle | 4, Words, short phrases, short parts of songs | 5, Complete sentences, songs, or multiple voices conversing | 6, None of these are similar at all to what I hear",,,,,,"[ah_2] = '1' and [chat_ah_results_v2] > '1' and [student_yn] = '0' and [cope_pw]=""do ah & vh qs""",y,,,,,
ah_30_description,survey_perception_substance_use,,text,Please describe what you usually hear,,,,,,,"[ah_30] = '6' and [student_yn] = '0' and [cope_pw]=""do ah & vh qs""",y,,,,,
ah_31,survey_perception_substance_use,,dropdown,How much do these experiences interfere with your ability to hear other sounds?,"1, AE not present | 2, No interference with other sounds | 3, Mild: Can hear most but not all other sounds during AE (e.g. might not hear the phone ringing) | 4, Moderate: Difficult to hear other sounds during AE (e.g. might miss large parts of a conversation due to AE interruption) | 5, Severe: Unable to hear all or almost all other sounds during AE (e.g. is unable to follow a TV show, conversation, etc.)",,,,,,"[ah_2] = '1' and [chat_ah_results_v2] > '1' and [student_yn] = '0' and [cope_pw]=""do ah & vh qs""",y,,,,,
ah_32,survey_perception_substance_use,,dropdown,"How much do these experiences interfere with your ability to concentrate?
","1, AE not present | 2, No concentration difficulties during AE | 3, Mild difficulty concentrating on other tasks during AE | 4, Moderate difficulty concentrating on other tasks during AE | 5, Unable to concentrate on anything else during AE",,,,,,"[ah_2] = '1' and [chat_ah_results_v2] > '1' and [student_yn] = '0' and [cope_pw]=""do ah & vh qs""",y,,,,,
ah_33,survey_perception_substance_use,,dropdown,How much of the time do you feel you can control these experiences?,"1, AE not present | 2, Always feels some type of control over AE | 3, More than half of the time, I am able to control AE | 4, Less than half of the time, I am able to control AE | 5, I am never able to control AE",,,,,,"[ah_2] = '1' and [chat_ah_results_v2] > '1' and [student_yn] = '0' and [cope_pw]=""do ah & vh qs""",y,,,,,
ah_34,survey_perception_substance_use,,dropdown,What about the experience do you feel you could control?,"1, Frequency | 2, Duration | 3, Intensity | 4, Frequency & Duration | 5, Frequency & Intensity | 6, Duration & Intensity | 7, Frequency, Duration & Intensity | 8, Other | 9, Nothing/NA",,,,,,"[ah_33]='2' or [ah_33]='3' or [ah_33]='4' and [student_yn] = '0' and [cope_pw]=""do ah & vh qs""",y,,,,,
ah_35,survey_perception_substance_use,,notes,Is there anything you do to cope with these experiences?,,,,,,,"[ah_2] = '1' and [chat_ah_results_v2] > '1' and [student_yn] = '0' and [cope_pw]=""do ah & vh qs""",y,,,,,
ah_36,survey_perception_substance_use,,dropdown,How easily are you able to ignore these experiences? ,"1, AE not present | 2, Easy: Able to ignore AE with no effort | 3, Moderately: Able to ignore AE but takes some effort | 4, Difficult: Ignoring AE takes lots of effort | 5, Unable to ignore AE",,,,,,"[ah_2] = '1' and [chat_ah_results_v2] > '1' and [student_yn] = '0' and [cope_pw]=""do ah & vh qs""",y,,,,,
ah_38,survey_perception_substance_use,,dropdown,"Regardless of how they make you feel, how often do these experiences have an unpleasant (angry, frightening, sad) quality?","1, AE not present | 2, No unpleasant or negative content; positive or neutral content | 3, Minority of contents are unpleasant or negative (less than half of the time) | 4, Majority but not all of contents are unpleasant or negative (more than half of the time) | 5, All of contents are unpleasant or negative",,,,,,"[ah_2] = '1' and [chat_ah_results_v2] > '1' and [student_yn] = '0' and [cope_pw]=""do ah & vh qs""",y,,,,,
ah_37,survey_perception_substance_use,,dropdown,How often are you distressed/worried/frightened by these experiences?,"1, AE not present | 2, I am never distressed by AE | 3, Less than half of the time, I am distressed by AE | 4, More than half of the time, I am distressed by AE | 5, I am always distressed by AE",,,,,,"[ah_2] = '1' and [chat_ah_results_v2] > '1' and [student_yn] = '0' and [cope_pw]=""do ah & vh qs""",y,,,,,
ah_39,survey_perception_substance_use,,dropdown,How distressing are these experiences for you?,"1, AE not present | 2, Not distressing | 3, Somewhat distressing | 4, Very distressing, although I could feel worse | 5, Extremely distressing, feel the worst I could possibly feel",,,,,,"[ah_2] = '1' and [chat_ah_results_v2] > '1' and [student_yn] = '0' and [cope_pw]=""do ah & vh qs""",y,,,,,
ah_40,survey_perception_substance_use,"<div class=""rich-text-field-label""><p>The following questions are about your experience in general with AE. </p></div>",yesno,"Did you ever try a medication that somehow improved, reduced, or stopped your experiences?",,,,,,,"[ah_2] = '1' and [chat_ah_results_v2] > '1' and [student_yn] = '0' and [cope_pw]=""do ah & vh qs""",y,,,,,
ah_41,survey_perception_substance_use,,checkbox,"Thinking of the time that it seemed to be most improved, what about it improved? ","1, Reduced frequency (number of occurrences)|2, Shorter duration (length of time each occurrence lasted)|3, Reduced intensity (loudness)",,,,,,"[ah_40]='1' and [student_yn] = '0' and [cope_pw]=""do ah & vh qs""",y,,,,,
ah_42,survey_perception_substance_use,,yesno,Any other ways that it improved?,,,,,,,"[ah_40]='1' and [student_yn] = '0' and [cope_pw]=""do ah & vh qs""",y,,,,,
ah_othera,survey_perception_substance_use,,notes,What other ways did it improve?,,,,,,,"[ah_42]='1' and [student_yn] = '0' and [cope_pw]=""do ah & vh qs""",y,,,,,
ah_meds_lifetime,survey_perception_substance_use,,dropdown,How well did those antipsychotic medications help you?,"0, Prior or current antipsychotics have reduced AE substantially and AE are nearly gone or minimal and do not interfere with functioning. | 1, Prior or current antipsychotics have reduced AE a significant amount and functioning is somewhat improved. | 2, Prior or current antipsychotics have reduced AE only minimally/slightly. Functioning and need for care/treatment have changed very little. | 3, Prior or current antipsychotics have resulted in no change in AE or improvement in functioning. | 4, No history of trying antipsychotic medication at all/while experiencing AE.",,,,,,"[ah_40] = '1' and [student_yn] = '0' and [cope_pw]=""do ah & vh qs""",,,,,,
medfollowup,survey_perception_substance_use,,notes,"<div class=""rich-text-field-label""><p>You answered that medications helped improve your experiences, but that the medications were not antipsychotics. What type of medications were they?</p></div>",,,,,,,"[ah_meds_lifetime]='4' and [student_yn] = '0' and [cope_pw]=""do ah & vh qs""",y,,,,,
ah_43,survey_perception_substance_use,,yesno,"Are you currently taking medication that has (reduced, improved) your AE experiences? ",,,,,,,"[ah_2] = '1' and [chat_ah_results_v2] > '1' and [student_yn] = '0' and [cope_pw]=""do ah & vh qs""",y,,,,,
ah_44,survey_perception_substance_use,,yesno,Have you continued to have these experiences while taking medication?,,,,,,,"[ah_40]='yes' and [student_yn] = '0' and [cope_pw]=""do ah & vh qs""",y,,,,,
ah_45,survey_perception_substance_use,,yesno,"Even if you are not concerned about continuing to have AE, is a family member or doctor concerned?",,,,,,,"[ah_2] = '1' and [chat_ah_results_v2] > '1' and [student_yn] = '0' and [cope_pw]=""do ah & vh qs""",y,,,,,
ah_meds_current,survey_perception_substance_use,,dropdown,How well have the current antipsychotic medications helped you?,"0, AE are nearly gone or minimal and do not interfere with functioning. | 1, Current antipsychotics have reduced AE a significant amount and functioning is somewhat improved. | 2, Current antipsychotics have reduced AE only minimally/slightly. Functioning and need for care/treatment have changed very little. | 3, Current antipsychotics have resulted in no change in AE or improvement in functioning. | 4, Not currently taking an antipsychotic that has reduced AE.",,,,,,"[ah_43] = '1' and [student_yn] = '0' and [cope_pw]=""do ah & vh qs""",,,,,,
medfollowup2,survey_perception_substance_use,,notes,"<div class=""rich-text-field-label""><p>You answered that medications help improve your experiences, but that the medications are not antipsychotics. What type of medications are they?</p></div>",,,,,,,"[ah_meds_current]='4' and [student_yn] = '0' and [cope_pw]=""do ah & vh qs""",y,,,,,
ah_46,survey_perception_substance_use,,dropdown,Is it more common during a particular time of day?,"1, Yes - Morning | 2, Yes - Afternoon | 3, Yes - Evening | 4, Yes - Morning & Afternoon | 5, Yes - Morning & Evening | 6, Yes - Afternoon & Evening | 8, No",,,,,,"[ah_2] = '1' and [chat_ah_results_v2] > '1' and [student_yn] = '0' and [cope_pw]=""do ah & vh qs""",y,,,,,
ah_47,survey_perception_substance_use,,dropdown,Is it familiar or unfamiliar in content?,"1, Familiar | 2, Sometimes familiar, sometimes unfamiliar | 0, Unfamiliar",,,,,,"[ah_2] = '1' and [chat_ah_results_v2] > '1' and [student_yn] = '0' and [cope_pw]=""do ah & vh qs""",y,,,,,
ah_48,survey_perception_substance_use,,dropdown,"If voices are heard, does it sound like anyone you know?","1, Yes | 2, Sometimes | 0, No",,,,,,"[ah_2] = '1' and [chat_ah_results_v2] > '1' and [student_yn] = '0' and [cope_pw]=""do ah & vh qs""",y,,,,,
ah_49,survey_perception_substance_use,,dropdown,"If voices are heard, how many voices are talking at a time usually?","1, 1|2, 2|3, 3|4, 4|5, More than 4",,,,,,"[ah_2] = '1' and [chat_ah_results_v2] > '1' and [student_yn] = '0' and [cope_pw]=""do ah & vh qs""",y,,,,,
ah_50,survey_perception_substance_use,,yesno,Does anything trigger the AE?,,,,,,,"[ah_2] = '1' and [chat_ah_results_v2] > '1' and [student_yn] = '0' and [cope_pw]=""do ah & vh qs""",y,,,,,
ah_51,survey_perception_substance_use,,notes,What triggers the AE?,,,,,,,"[ah_50] = '1' and [student_yn] = '0' and [cope_pw]=""do ah & vh qs""",y,,,,,
ah_52,survey_perception_substance_use,,yesno,Are AE present at a social setting or during social interactions?,,,,,,,"[ah_2] = '1' and [chat_ah_results_v2] > '1' and [student_yn] = '0' and [cope_pw]=""do ah & vh qs""",y,,,,,
feedback_8,survey_perception_substance_use,,yesno,Do you want to leave a comment or feedback on this part of the survey?,,,,,,,"[ah_2] = '1' and [chat_ah_results_v2] > '1' and [student_yn] = '0' and [cope_pw]=""do ah & vh qs""",y,,,,,
feedback_8a,survey_perception_substance_use,,notes,Please leave your comments or feedback here. ,,,,,,,"[feedback_8]='1' and [student_yn] = '0' and [cope_pw]=""do ah & vh qs""",y,,,,,
vh_1,survey_perception_substance_use,"<div class=""rich-text-field-label""><p>Module: Visual Experiences Follow Up</p> <p>The following questions are based on experiences you have had seeing things that others were not seeing. We will refer to these as VE (Visual Experiences) going forward.</p> <p> </p> <p><span style=""font-weight: normal;"">REMINDER:</span></p> <p><span style=""font-weight: normal;"">We understand that the phrase ""the visions"" can seem stigmatizing or lead to labeling. We also understand that for many, ""visions"" really means ""Spirit,"" ""My Higher Power,"" ""My Higher Self,"" ""My Guides,"" ""the Universe,"" ""My Inner Guidance,"" ""Aspects"" and so much more. </span></p> <p><span style=""font-weight: normal;"">Because we have so many different groups participating in this study, we had to use the most general term of ""visions."" However, we encourage you to replace the phrase ""visions"" in your mind while reading the question to whatever phrase reflects your beliefs.</span></p> <p> </p></div>",yesno,"
When you had VE, had you been using drugs or alcohol at the time?",,,,,,,"[chat_vh_results_v2] > '1' and [student_yn] = '0' and [cope_pw]=""do ah & vh qs""",y,,,,,
vh_2,survey_perception_substance_use,,yesno,Does it ever happen when you are sober?,,,,,,,"[chat_vh_results_v2] > '1' and [student_yn] = '0' and [cope_pw]=""do ah & vh qs""",y,,,,,
vh_sober,survey_perception_substance_use,,descriptive,"<div class=""rich-text-field-label""><p>The following questions pertain to Visual Experiences you experienced while <em>sober</em></p></div>",,,,,,,"[vh_2] = '1' and [student_yn] = '0' and [cope_pw]=""do ah & vh qs""",,,,,,
vh_3,survey_perception_substance_use,,notes,"Please describe your VE (shadows, human figures, etc.).",,,,,,,"[vh_2] = '1' and [chat_vh_results_v2] > '1' and [student_yn] = '0' and [cope_pw]=""do ah & vh qs""",y,,,,,
vh_4,survey_perception_substance_use,,notes,When did you first see these?,,,,,,,"[vh_2] = '1' and [chat_vh_results_v2] > '1' and [student_yn] = '0' and [cope_pw]=""do ah & vh qs""",y,,,,,
vh_5,survey_perception_substance_use,,yesno,Did you have any other similar experiences seeing things before that?,,,,,,,"[vh_2] = '1' and [chat_vh_results_v2] > '1' and [student_yn] = '0' and [cope_pw]=""do ah & vh qs""",y,,,,,
vh_6,survey_perception_substance_use,,notes,When was that?,,,,,,,"[vh_5] = '1' and [student_yn] = '0' and [cope_pw]=""do ah & vh qs""",y,,,,,
vh_7,survey_perception_substance_use,,yesno,Any others?,,,,,,,"[vh_2] = '1' and [chat_vh_results_v2] > '1' and [student_yn] = '0' and [cope_pw]=""do ah & vh qs""",y,,,,,
vh_8,survey_perception_substance_use,,notes,When was that?,,,,,,,"[vh_7] = '1' and [student_yn] = '0' and [cope_pw]=""do ah & vh qs""",y,,,,,
vh_9,survey_perception_substance_use,,dropdown,When was the last time you had a VE?,"0, Today | 1, Yesterday | 2, This week | 3, Last week | 4, This month | 5, Last month | 6, Within the last 6 months | 7, Within the last year | 8, Over a year ago",,,,,,"[vh_2] = '1' and [chat_vh_results_v2] > '1' and [student_yn] = '0' and [cope_pw]=""do ah & vh qs""",y,,,,,
vh_10,survey_perception_substance_use,,notes,"When were these experiences at their worst, whatever that may mean to you? 

Please note, we recognize that not everyone has had a negative experience with their VE or a ""worst"" time. So for this question, please answer based on the times when the VE was most frequent, most distressing, or most intense, most prominent in your life. ",,,,,,,"[vh_2] = '1' and [chat_vh_results_v2] > '1' and [student_yn] = '0' and [cope_pw]=""do ah & vh qs""",y,,,,,
vh_11,survey_perception_substance_use,,dropdown,For how long was it like that?,"0, A few moments | 1, A few minutes | 2, Less than an hour | 3, More than an hour | 4, Days | 5, Weeks | 6, Months | 7, Years",,,,,,"[vh_2] = '1' and [chat_vh_results_v2] > '1' and [student_yn] = '0' and [cope_pw]=""do ah & vh qs""",y,,,,,
vh_13,survey_perception_substance_use,"<div class=""rich-text-field-label""><p>Please answer the following questions about your VE during the ""worst time.""</p></div>",dropdown,How often did these experiences happen on average? ,"1, VE not present | 2, Occurred less than once a week | 3, Occurred at least once a week | 4, Occurred at least once a day | 5, Occurred continuously or almost continuously (once an hour or more; stops for only a few minutes at most)",,,,,,"[vh_2] = '1' and [chat_vh_results_v2] > '1' and [student_yn] = '0' and [cope_pw]=""do ah & vh qs""",y,,,,,
vh_12,survey_perception_substance_use,,yesno,Were you receiving medication during this time period?,,,,,,,"[vh_2] = '1' and [chat_vh_results_v2] > '1' and [student_yn] = '0' and [cope_pw]=""do ah & vh qs""",y,,,,,
vh_14,survey_perception_substance_use,,dropdown,"Once it started, how long did these experiences typically last?","1, VE not present | 2, Lasted for a few seconds | 3, Lasted for several minutes | 4, Lasted for at least one hour | 5, Lasted for hours at a time",,,,,,"[vh_2] = '1' and [chat_vh_results_v2] > '1' and [student_yn] = '0' and [cope_pw]=""do ah & vh qs""",y,,,,,
vh_15,survey_perception_substance_use,,dropdown,How solid did these visions appear to be?,"1, VE not present | 2, Transparent, similar to shadows, occurring only in dim light/darkness | 3, Transparent or similar to shadows but did not occur exclusively in dim light/darkness | 4, Mixed or intermediate between opaque and shadowlike/transparent | 5, Always opaque",,,,,,"[vh_2] = '1' and [chat_vh_results_v2] > '1' and [student_yn] = '0' and [cope_pw]=""do ah & vh qs""",y,,,,,
vh_16,survey_perception_substance_use,,dropdown,How bright were these VE for you? ,"1, VE not present | 2, Dimmer than other objects | 3, Equally as bright as other objects | 4, Brighter than other objects | 5, Extremely bright",,,,,,"[vh_2] = '1' and [chat_vh_results_v2] > '1' and [student_yn] = '0' and [cope_pw]=""do ah & vh qs""",y,,,,,
vh_17,survey_perception_substance_use,,dropdown,How did these visions/images appear to you?,"1, VE not present | 2, Formless, may only consist of spots of light or color | 3, Simple forms, shapes, or lines (e.g. abstract forms) | 4, Somewhat resemble objects or human-like figures but not fully formed | 5, Fully formed detailed humans, animals, or other objects",,,,,,"[vh_2] = '1' and [chat_vh_results_v2] > '1' and [student_yn] = '0' and [cope_pw]=""do ah & vh qs""",y,,,,,
vh_18,survey_perception_substance_use,,dropdown,How large was the image/object? ,"1, VE not present | 2, Small: Subsumed a small part of the visual field (small animal, insect) | 3, Medium: Took up about half of visual field, still able to perceive the environment (e.g. human, furniture, or medium sized animals) | 4, Large: Took up a large portion of perceived environment (e.g. a wall of color or elephant) but not a total distortion or loss of visual field | 5, Entire environment was altered (e.g. as if you entered a different place)",,,,,,"[vh_2] = '1' and [chat_vh_results_v2] > '1' and [student_yn] = '0' and [cope_pw]=""do ah & vh qs""",y,,,,,
vh_19,survey_perception_substance_use,,dropdown,"How much did these experiences interfere with your ability to concentrate?
","1, VE not present | 2, No concentration difficulties during VE | 3, Mild: Minimal difficulty concentrating on other tasks during VE | 4, Moderate: Difficult to concentrate during VE | 5, Severe: Unable to concentrate during VE",,,,,,"[vh_2] = '1' and [chat_vh_results_v2] > '1' and [student_yn] = '0' and [cope_pw]=""do ah & vh qs""",y,,,,,
vh_20,survey_perception_substance_use,,dropdown,How much of the time did you feel you could control these experiences? ,"1, VE not present|2, I always felt some type of control over VE|3, More than half of the time, I was able to control VE|4, Less than half of the time, I was able to control VE|5, I was never able to control VE",,,,,,"[vh_2] = '1' and [chat_vh_results_v2] > '1' and [student_yn] = '0' and [cope_pw]=""do ah & vh qs""",y,,,,,
vh_21,survey_perception_substance_use,,dropdown,What about the experience did you feel you could control? ,"1, Frequency|2, Duration|3, Intensity|4, Other",,,,,,"[vh_20] = '2' or [vh_20] = '3' or [vh_20] = '4' and [student_yn] = '0' and [cope_pw]=""do ah & vh qs""",y,,,,,
vh_22,survey_perception_substance_use,,yesno,Was there anything you did to cope with these experiences?,,,,,,,"[vh_2] = '1' and [chat_vh_results_v2] > '1' and [student_yn] = '0' and [cope_pw]=""do ah & vh qs""",y,,,,,
vh_23,survey_perception_substance_use,,text,How did you cope with these experiences?,,,,,,,"[vh_22] = '1' and [student_yn] = '0' and [cope_pw]=""do ah & vh qs""",y,,,,,
vh_24,survey_perception_substance_use,,dropdown,How easily were you able to ignore these experiences? ,"1, VE not present | 2, Easy: Able to ignore VE with no effort | 3, Moderate: Able to ignore VE with effort | 4, Difficult: Ignoring VE takes lots of effort | 5, Not able to ignore VE",,,,,,"[vh_2] = '1' and [chat_vh_results_v2] > '1' and [student_yn] = '0' and [cope_pw]=""do ah & vh qs""",y,,,,,
vh_25,survey_perception_substance_use,,dropdown,"Regardless of how they made you feel, how often did these experiences have an unpleasant (angry, frightening, sad) quality?","1, VE not present | 2, No unpleasant or negative content; positive or neutral content | 3, Minority of contents were unpleasant or negative (less than half of the time) | 4, Majority but not all of contents were unpleasant or negative (more than half of the time) | 5, All of contents were unpleasant or negative",,,,,,"[vh_2] = '1' and [chat_vh_results_v2] > '1' and [student_yn] = '0' and [cope_pw]=""do ah & vh qs""",y,,,,,
vh_26,survey_perception_substance_use,,dropdown,How often were you distressed/worried/frightened by these experiences?,"1, VE not present | 2, I was never distressed by VE | 3, Less than half of the time, I was distressed by VE | 4, More than half of the time, I was distressed by VE | 5, I was always distressed by VE",,,,,,"[vh_2] = '1' and [chat_vh_results_v2] > '1' and [student_yn] = '0' and [cope_pw]=""do ah & vh qs""",y,,,,,
vh_27,survey_perception_substance_use,,dropdown,How distressing were these experiences for you?,"1, VE not present | 2, Not distressing | 3, Somewhat distressing | 4, Very distressing, although I could have felt worse | 5, Extremely distressing, feel the worst I could possibly feel",,,,,,"[vh_2] = '1' and [chat_vh_results_v2] > '1' and [student_yn] = '0' and [cope_pw]=""do ah & vh qs""",y,,,,,
vh_28,survey_perception_substance_use,"<div class=""rich-text-field-label""><p>Please answer the following questions about your VE in the past TWO DAYS.</p></div>",dropdown,How often do these experiences happen on average? ,"1, VE not present | 2, Occur less than once a week | 3, Occur at least once a week | 4, Occur at least once a day | 5, Occur continuously or almost continuously (once an hour or more; stops for only a few minutes at most)",,,,,,"[vh_2] = '1' and [chat_vh_results_v2] > '1' and [student_yn] = '0' and [cope_pw]=""do ah & vh qs""",y,,,,,
vh_29,survey_perception_substance_use,,dropdown,"Once it starts, how long do these experiences typically last?","1, VE not present | 2, Last for a few seconds | 3, Last for several minutes | 4, Last for at least one hour | 5, Last for hours at a time",,,,,,"[vh_2] = '1' and [chat_vh_results_v2] > '1' and [student_yn] = '0' and [cope_pw]=""do ah & vh qs""",y,,,,,
vh_30,survey_perception_substance_use,,dropdown,How solid did these visions appear to be?,"1, VE not present | 2, Transparent, similar to shadows, occurring only in dim light/darkness | 3, Transparent or similar to shadows but did not occur exclusively in dim light/darkness | 4, Mixed or intermediate between opaque and shadowlike/transparent | 5, Always opaque",,,,,,"[vh_2] = '1' and [chat_vh_results_v2] > '1' and [student_yn] = '0' and [cope_pw]=""do ah & vh qs""",y,,,,,
vh_31,survey_perception_substance_use,,dropdown,How bright are these visions for you? ,"1, VE not present | 2, Dimmer than other objects | 3, Equally as bright as other objects | 4, Brighter than other objects | 5, Extremely bright",,,,,,"[vh_2] = '1' and [chat_vh_results_v2] > '1' and [student_yn] = '0' and [cope_pw]=""do ah & vh qs""",y,,,,,
vh_32,survey_perception_substance_use,,dropdown,How did these visions/images appear to you?,"1, VE not present | 2, Formless, may only consist of spots of light or color | 3, Simple forms, shapes, or lines (e.g. abstract forms) | 4, Somewhat resemble objects or human-like figures but not fully formed | 5, Fully formed detailed humans, animals, or other objects",,,,,,"[vh_2] = '1' and [chat_vh_results_v2] > '1' and [student_yn] = '0' and [cope_pw]=""do ah & vh qs""",y,,,,,
vh_33,survey_perception_substance_use,,dropdown,How large is the image/object? ,"1, VE not present | 2, Small: Subsumes a small part of the visual field (small animal, insect) | 3, Medium: Takes up about half of visual field, still able to perceive the environment (e.g. human, furniture, or medium sized animals) | 4, Large: Takes up a large portion of perceived environment (e.g. a wall of color or elephant) but not a total distortion or loss of visual field | 5, Entire environment is altered (e.g. as if you entered a different place)",,,,,,"[vh_2] = '1' and [chat_vh_results_v2] > '1' and [student_yn] = '0' and [cope_pw]=""do ah & vh qs""",y,,,,,
vh_34,survey_perception_substance_use,,dropdown,"How much do these experiences interfere with your ability to concentrate?
","1, VE not present | 2, No concentration difficulties during VE | 3, Mild: Minimal difficulty concentrating on other tasks during VE | 4, Moderate: Difficult to concentrate during VE | 5, Severe: Unable to concentrate during VE",,,,,,"[vh_2] = '1' and [chat_vh_results_v2] > '1' and [student_yn] = '0' and [cope_pw]=""do ah & vh qs""",y,,,,,
vh_35,survey_perception_substance_use,,dropdown,How much of the time do you feel you can control these experiences? ,"1, VE not present | 2, I always feel some type of control over VE | 3, More than half of the time, I am able to control VE | 4, Less than half of the time, I am able to control VE | 5, I am never able to control VE",,,,,,"[vh_2] = '1' and [chat_vh_results_v2] > '1' and [student_yn] = '0' and [cope_pw]=""do ah & vh qs""",y,,,,,
vh_36,survey_perception_substance_use,,dropdown,What about the experience do you feel you could control? ,"1, Frequency|2, Duration|3, Intensity|4, Other",,,,,,"[vh_35] = '2' or [vh_35] = '3' or [vh_35] = '4' and [student_yn] = '0' and [cope_pw]=""do ah & vh qs""",y,,,,,
vh_37,survey_perception_substance_use,,yesno,Is there anything you do to cope with these experiences?,,,,,,,"[vh_2] = '1' and [chat_vh_results_v2] > '1' and [student_yn] = '0' and [cope_pw]=""do ah & vh qs""",y,,,,,
vh_38,survey_perception_substance_use,,text,How do you cope with these experiences?,,,,,,,"[vh_37] = '1' and [student_yn] = '0' and [cope_pw]=""do ah & vh qs""",y,,,,,
vh_39,survey_perception_substance_use,,dropdown,How easily are you able to ignore these experiences? ,"1, VE not present | 2, Easy: Able to ignore VE with no effort | 3, Moderate: Able to ignore VE with effort | 4, Difficult: Ignoring VE takes lots of effort | 5, Not able to ignore VE",,,,,,"[vh_2] = '1' and [chat_vh_results_v2] > '1' and [student_yn] = '0' and [cope_pw]=""do ah & vh qs""",y,,,,,
vh_40,survey_perception_substance_use,,dropdown,"Regardless of how they make you feel, how often do these experiences have an unpleasant (angry, frightening, sad) quality?","1, VE not present | 2, No unpleasant or negative content; positive or neutral content | 3, Minority of contents are unpleasant or negative (less than half of the time) | 4, Majority but not all of contents are unpleasant or negative (more than half of the time) | 5, All of contents are unpleasant or negative",,,,,,"[vh_2] = '1' and [chat_vh_results_v2] > '1' and [student_yn] = '0' and [cope_pw]=""do ah & vh qs""",y,,,,,
vh_41,survey_perception_substance_use,,dropdown,How often are you distressed/worried/frightened by these experiences?,"1, VE not present | 2, I am never distressed by VE | 3, Less than half of the time, I am distressed by VE | 4, More than half of the time, I am distressed by VE | 5, I am always distressed by VE",,,,,,"[vh_2] = '1' and [chat_vh_results_v2] > '1' and [student_yn] = '0' and [cope_pw]=""do ah & vh qs""",y,,,,,
vh_42,survey_perception_substance_use,,dropdown,How distressing are these experiences for you?,"1, VE not present | 2, Not distressing | 3, Somewhat distressing | 4, Very distressing, although I could feel worse | 5, Extremely distressing, feel the worst I could possibly feel",,,,,,"[vh_2] = '1' and [chat_vh_results_v2] > '1' and [student_yn] = '0' and [cope_pw]=""do ah & vh qs""",y,,,,,
vh_43,survey_perception_substance_use,"<div class=""rich-text-field-label""><p style=""text-align: left;"">The following questions are about your VE generally.</p></div>",yesno,"Did you ever try a medication that somehow improved, reduced, or stopped your experiences?",,,,,,,"[vh_2] = '1' and [chat_vh_results_v2] > '1' and [student_yn] = '0' and [cope_pw]=""do ah & vh qs""",y,,,,,
vh_44,survey_perception_substance_use,,checkbox,"Thinking of the time that it seemed to be most improved, what about it improved? ","1, Reduced frequency (number of occurrences)|2, Shorter duration (length of time each occurrence lasted)|3, Reduced intensity (vividness/clarity)|4, Other",,,,,,"[vh_43] = '1' and [student_yn] = '0' and [cope_pw]=""do ah & vh qs""",y,,,,,
vh_60,survey_perception_substance_use,,dropdown,How well did the antipsychotic medications work for you?,"0, Prior or current antipsychotics have reduced VE substantially and VE are nearly gone or minimal and do not interfere with functioning. | 1, Prior or current antipsychotics have reduced VE a significant amount and functioning is somewhat improved. | 2, Prior or current antipsychotics have reduced VE only minimally/slightly and functioning and need for care/treatment have changed very little. | 3, Prior or current antipsychotics have resulted in no change in symptoms or improvement in functioning. | 4, No history of trying antipsychotic medication at all/while experiencing VE.",,,,,,"[vh_43] = '1' and [student_yn] = '0' and [cope_pw]=""do ah & vh qs""",,,,,,
medfollowup3,survey_perception_substance_use,,notes,"<div class=""rich-text-field-label""><p>You answered that medications helped improve your experiences, but that the medications were not antipsychotics. What type of medications were they?</p></div>",,,,,,,"[vh_60]='4' and [student_yn] = '0' and [cope_pw]=""do ah & vh qs""",y,,,,,
vh_45,survey_perception_substance_use,,yesno,"Are you currently taking medication that has (reduced, improved) these experiences? ",,,,,,,"[vh_2] = '1' and [chat_vh_results_v2] > '1' and [student_yn] = '0' and [cope_pw]=""do ah & vh qs""",y,,,,,
vh_64,survey_perception_substance_use,,dropdown,How well do the antipsychotic medications work for you?,"0, Current antipsychotics have reduced VE substantially and VE are nearly gone or minimal and do not interfere with functioning. | 1, Current antipsychotics have reduced VE a significant amount and functioning is somewhat improved. | 2, Current antipsychotics have reduced VE only minimally/slightly and functioning and need for care/treatment have changed very little. | 3, Current antipsychotics have resulted in no change in symptoms or improvement in functioning. | 4, No history of trying antipsychotic medication at all/while experiencing VE.",,,,,,"[vh_45] = '1' and [student_yn] = '0' and [cope_pw]=""do ah & vh qs""",,,,,,
medfollowup4,survey_perception_substance_use,,notes,"<div class=""rich-text-field-label""><p>You answered that medications help improve your experiences, but that the medications are not antipsychotics. What type of medications are they?</p></div>",,,,,,,"[vh_64]='4' and [student_yn] = '0' and [cope_pw]=""do ah & vh qs""",y,,,,,
vh_46,survey_perception_substance_use,,yesno,Have you continued to have these experiences while taking medication? ,,,,,,,"[vh_45]='1' and [student_yn] = '0' and [cope_pw]=""do ah & vh qs""",y,,,,,
vh_47,survey_perception_substance_use,,yesno,Even if you are not concerned about continuing to experience VE is a family member or doctor concerned?,,,,,,,"[vh_2] = '1' and [chat_vh_results_v2] > '1' and [student_yn] = '0' and [cope_pw]=""do ah & vh qs""",y,,,,,
vh_48,survey_perception_substance_use,,dropdown,Is it more common during a particular time of day?,"1, Yes - Morning | 2, Yes - Afternoon | 3, Yes - Evening | 4, Yes - Morning & Afternoon | 5, Yes - Morning & Evening | 6, Yes - Afternoon & Evening | 7, No",,,,,,"[vh_2] = '1' and [chat_vh_results_v2] > '1' and [student_yn] = '0' and [cope_pw]=""do ah & vh qs""",y,,,,,
vh_49,survey_perception_substance_use,,radio,"Does this occur right in front of you, or is it more like in the corner of your eye?","1, Front|2, Periphery|3, Both|4, Neither",,,,,,"[vh_2] = '1' and [chat_vh_results_v2] > '1' and [student_yn] = '0' and [cope_pw]=""do ah & vh qs""",y,,,,,
vh_50,survey_perception_substance_use,,radio,Do you usually see this more in your left or right field of vision?,"1, Left|2, Right|3, Center|4, Neither",,,,,,"[vh_2] = '1' and [chat_vh_results_v2] > '1' and [student_yn] = '0' and [cope_pw]=""do ah & vh qs""",y,,,,,
vh_51,survey_perception_substance_use,,radio,Does it look close by or far away?,"1, Close|2, Far|3, Both (depends)",,,,,,"[vh_2] = '1' and [chat_vh_results_v2] > '1' and [student_yn] = '0' and [cope_pw]=""do ah & vh qs""",y,,,,,
vh_52,survey_perception_substance_use,,radio,Does it seem close enough to touch?,"0, Yes|1, No|2, Sometimes",,,,,,"[vh_2] = '1' and [chat_vh_results_v2] > '1' and [student_yn] = '0' and [cope_pw]=""do ah & vh qs""",y,,,,,
vh_53,survey_perception_substance_use,,yesno,Does the image move when you turn your head?,,,,,,,"[vh_2] = '1' and [chat_vh_results_v2] > '1' and [student_yn] = '0' and [cope_pw]=""do ah & vh qs""",y,,,,,
vh_54,survey_perception_substance_use,,yesno,"If human, did it talk or make noise?",,,,,,,"[vh_2] = '1' and [chat_vh_results_v2] > '1' and [student_yn] = '0' and [cope_pw]=""do ah & vh qs""",y,,,,,
vh_55,survey_perception_substance_use,,dropdown,Is it familiar or unfamiliar in content?,"1, Familiar | 2, Sometimes familiar, sometimes unfamiliar | 3, Unfamiliar",,,,,,"[vh_2] = '1' and [chat_vh_results_v2] > '1' and [student_yn] = '0' and [cope_pw]=""do ah & vh qs""",y,,,,,
vh_56,survey_perception_substance_use,,yesno,Does it look like anyone you know?,,,,,,,"[vh_2] = '1' and [chat_vh_results_v2] > '1' and [student_yn] = '0' and [cope_pw]=""do ah & vh qs""",y,,,,,
vh_57,survey_perception_substance_use,,checkbox,"Did it seem to be black and white, one color, or many colors?","1, Black and white|2, One color|3, Many colors",,,,,,"[vh_2] = '1' and [chat_vh_results_v2] > '1' and [student_yn] = '0' and [cope_pw]=""do ah & vh qs""",y,,,,,
vh_58,survey_perception_substance_use,,yesno,Does anything trigger the VE?,,,,,,,"[vh_2] = '1' and [chat_vh_results_v2] > '1' and [student_yn] = '0' and [cope_pw]=""do ah & vh qs""",y,,,,,
vh_59,survey_perception_substance_use,,text,What triggers the VE?,,,,,,,"[vh_58]='1' and [student_yn] = '0' and [cope_pw]=""do ah & vh qs"" and [cope_pw]=""do ah & vh qs""",y,,,,,
feedback_9,survey_perception_substance_use,,yesno,Would you like to leave a comment or feedback on this part of the survey?,,,,,,,"[vh_2] = '1' and [chat_vh_results_v2] > '1' and [student_yn] = '0' and [cope_pw]=""do ah & vh qs""",y,,,,,
feedback_9a,survey_perception_substance_use,,notes,Please leave your comments or feedback here. ,,,,,,,"[feedback_9]='1' and [student_yn] = '0' and [cope_pw]=""do ah & vh qs""",y,,,,, @NOW
ahrs_1,survey_perception_substance_use, ,dropdown,"<div class=""rich-text-field-label""><p>How many times have you experienced voices in the last <em>24 hours?</em></p></div>","0, None | 1, 1-5x per day | 2, 5-10x per day | 3, 1-2x per hour | 4, 3-6x per hour | 5, 7-10x per hour | 6, 11-20x per hour | 7, 21-50x per hour | 8, Greater than or equal to 1 per minute | 9, Relatively uninterrupted",,,,,,[extra_chat_ahfu_v2] = '1' and [student_yn] = '0',y,,,,,
ahrs_2,survey_perception_substance_use,,dropdown,How real do the voices sound when you hear them?,"0, Undistinguishable from my own thoughts | 1, Imaginary | 2, Vague | 3, Dream-like | 4, Somewhat real | 5, Very real: like actual speech",,,,,,[extra_chat_ahfu_v2] = '1' and [student_yn] = '0',y,,,,,
ahrs_3,survey_perception_substance_use,,dropdown,"On average, how loud is the predominant voice?","0, Too faint to be heard properly | 1, Whispered but clear | 2, Soft | 3, Normal speaking voice | 4, Loud | 5, Yelling/screaming",,,,,,[extra_chat_ahfu_v2] = '1' and [student_yn] = '0',y,,,,,
ahrs_4,survey_perception_substance_use,,dropdown,How many different voices do you hear whose words you can make out?,"0, No voices | 1, 1 | 2, 2 | 3, 3 | 4, 4 | 5, 5 | 6, More than 5",,,,,,[extra_chat_ahfu_v2] = '1' and [student_yn] = '0',y,,,,,
ahrs_5,survey_perception_substance_use,,dropdown,How extended was the most recent content of individual instances of the predominant voice?,"0, No voices or mumbles only | 1, Single word | 2, Phrases | 3, Whole sentences | 4, Multiple sentences | 5, It goes on for longer than 30 seconds",,,,,,[extra_chat_ahfu_v2] = '1' and [student_yn] = '0',y,,,,,
ahrs_6,survey_perception_substance_use,,dropdown,"To what degree do the voices alter what you think, feel, and do?","0, No voices | 1, Doesn't affect me at all | 2, Distracts me occasionally | 3, I am briefly distracted by the voice when it occurs | 4, I mostly have to pay attention to the voice when I hear it | 5, When I hear a voice, it often alters what I do, say and think | 6, When I hear a voice, it completely alters what I do, say and think (talking back, laughing, etc.) | 7, The only thing that is important and I pay attention to is my voices.",,,,,,[extra_chat_ahfu_v2] = '1' and [student_yn] = '0',y,,,,,
ahrs_7,survey_perception_substance_use,,dropdown,How distressing are the voice experiences?,"0, No voices | 1, Not distressing, maybe enjoyable | 2, Mildly distressing | 3, Moderately distressing | 4, Sometimes produces fear or anxiety | 5, Often produces significant fear or anxiety",,,,,,[extra_chat_ahfu_v2] = '1' and [student_yn] = '0',y,,,,,
lshs_1,survey_perception_substance_use,"<div class=""rich-text-field-label""><p>Module: Thoughts on Voices & Experiences</p> <p> </p> <p>REMINDER:</p> <p>We understand that the phrase ""the voices"" or ""my voices"" can seem stigmatizing or lead to labeling. We also understand that for many, ""the voices"" or ""my voices"" really means ""Spirit,"" ""My Higher Power,"" ""My Higher Self,"" ""My Guides,"" ""the Universe,"" ""My Inner Guidance,"" ""Aspects"" and so much more. </p> <p>Because we have so many different groups participating in this study, we had to use the most general term of ""voices."" However, we encourage you to replace the phrase ""my voices"" or ""the voices"" in your mind while reading the question to whatever phrase reflects your beliefs.</p> <p> </p></div>

For each item, please answer how true each statement is for you. 
<em>Your Questionnaires Progress:</em></p> <div class=""progress"" style=""height: 15px; width: 50%;""><br>  <div class=""progress-bar"" style=""width: 7%;"" role=""progressbar"">7%</div> </div> <p> </p> <div style=""font-size: 8pt; font-family: cursive;""> </div> <p> </p></div>",radio,Sometimes a passing thought seems so real that it frightens me.,"0, 0 - Never true at all | 1, 1 | 2, 2 | 3, 3 | 4, 4 - Always true",,,,,,,y,,,lshs,,
lshs_2,survey_perception_substance_use,,radio,Sometimes my thoughts seem as real as actual events in my life.,"0, 0 - Never true at all | 1, 1 | 2, 2 | 3, 3 | 4, 4 - Always true",,,,,,,y,,,lshs,,
lshs_3,survey_perception_substance_use,,radio,"No matter how much I try to concentrate on my work, unrelated thoughts always creep into my mind.","0, 0 - Never true at all | 1, 1 | 2, 2 | 3, 3 | 4, 4 - Always true",,,,,,,y,,,lshs,,
lshs_4,survey_perception_substance_use,,radio,In the past I have had the experience of hearing a person's voice and then found that there was no one there.,"0, 0 - Never true at all | 1, 1 | 2, 2 | 3, 3 | 4, 4 - Always true",,,,,,,y,,,lshs,,
lshs_5,survey_perception_substance_use,,radio,The sounds I hear in my daydreams are generally clear and distinct.,"0, 0 - Never true at all | 1, 1 | 2, 2 | 3, 3 | 4, 4 - Always true",,,,,,,y,,,lshs,,
lshs_6,survey_perception_substance_use,,radio,The people in my daydreams seem so true to life that I sometimes think they are.,"0, 0 - Never true at all | 1, 1 | 2, 2 | 3, 3 | 4, 4 - Always true",,,,,,,y,,,lshs,,
lshs_7,survey_perception_substance_use,,radio,"In my daydreams, I can hear the sound of a tune almost as clearly as if I were actually listening to it.","0, 0 - Never true at all | 1, 1 | 2, 2 | 3, 3 | 4, 4 - Always true",,,,,,,y,,,lshs,,
lshs_8,survey_perception_substance_use,,radio,I often hear a voice speaking my thoughts aloud.,"0, 0 - Never true at all | 1, 1 | 2, 2 | 3, 3 | 4, 4 - Always true",,,,,,,y,,,lshs,,
lshs_9,survey_perception_substance_use,,radio,I have been troubled by hearing voices in my head.,"0, 0 - Never true at all | 1, 1 | 2, 2 | 3, 3 | 4, 4 - Always true",,,,,,,y,,,lshs,,
lshs_10,survey_perception_substance_use,,radio,"On occasion, I have seen a person's face in front of me when no one was in fact there.","0, 0 - Never true at all | 1, 1 | 2, 2 | 3, 3 | 4, 4 - Always true",,,,,,,y,,,lshs,,
lshs_11,survey_perception_substance_use,,radio,I have heard the voice of the devil.,"0, 0 - Never true at all | 1, 1 | 2, 2 | 3, 3 | 4, 4 - Always true",,,,,,,y,,,lshs,,
lshs_12,survey_perception_substance_use,,radio,In the past I have heard the voice of my Higher Power speaking to me.,"0, 0 - Never true at all | 1, 1 | 2, 2 | 3, 3 | 4, 4 - Always true",,,,,,,y,,,lshs,,
caps_bl_1,survey_perception_substance_use,"<div class=""rich-text-field-label""><p>Module: Experienced Perceptions and Sensations.</p> <p><span style=""font-size: 14pt; font-weight: normal;"">Please</span><span style=""font-size: 14pt;""> do <em>NOT</em> include experiences</span><span style=""font-size: 14pt; font-weight: normal;""> you've had while under the influence of any psychoactive, spiritual, or ceremonial drug. </span></p> <p><br><span style=""font-weight: normal;"">Please think about your experiences in the</span><span style=""font-size: 14pt;""> past MONTH </span><span style=""font-weight: normal;"">when answering these questions!</span></p></div>",yesno,Do you ever notice that sounds are much louder than they normally would be?,,,,,,,,y,,,,,
caps_bl_1a,survey_perception_substance_use,,radio,How distressing is this for you? ,"1, Not at all distressing | 2, Slightly distressing | 3, Somewhat distressing | 4, Regularly distressing | 5, Very distressing",,,,,,[caps_bl_1]='1',y,,,,,
caps_bl_1b,survey_perception_substance_use,,radio,How distracting is this for you? ,"1, Not at all distracting | 2, Slightly distracting | 3, Somewhat distracting | 4, Regularly distracting | 5, Very distracting",,,,,,[caps_bl_1]='1',y,,,,,
caps_bl_1c,survey_perception_substance_use,,radio,How often does this happen? ,"1, Hardly happens at all | 2, Does not happen often | 3, Happens sometimes | 4, Happens regularly | 5, Happens all the time",,,,,,[caps_bl_1]='1',y,,,,,
caps_bl_2,survey_perception_substance_use,,yesno,"Do you ever sense the presence of another being, despite being unable to see any evidence? ",,,,,,,,y,,,,,
caps_bl_2a,survey_perception_substance_use,,radio,How distressing is this for you? ,"1, Not at all distressing | 2, Slightly distressing | 3, Somewhat distressing | 4, Regularly distressing | 5, Very distressing",,,,,,[caps_bl_2]='1',y,,,,,
caps_bl_2b,survey_perception_substance_use,,radio,How distracting is this for you? ,"1, Not at all distracting | 2, Slightly distracting | 3, Somewhat distracting | 4, Regularly distracting | 5, Very distracting",,,,,,[caps_bl_2]='1',y,,,,,
caps_bl_2c,survey_perception_substance_use,,radio,How often does this happen? ,"1, Hardly happens at all | 2, Does not happen often | 3, Happens sometimes | 4, Happens regularly | 5, Happens all the time",,,,,,[caps_bl_2]='1',y,,,,,
caps_bl_3,survey_perception_substance_use,,yesno,Do you ever hear your own thoughts repeated or echoed? ,,,,,,,,y,,,,,
caps_bl_3a,survey_perception_substance_use,,radio,How distressing is this for you? ,"1, Not at all distressing | 2, Slightly distressing | 3, Somewhat distressing | 4, Regularly distressing | 5, Very distressing",,,,,,[caps_bl_3]='1',y,,,,,
caps_bl_3b,survey_perception_substance_use,,radio,How distracting is this for you? ,"1, Not at all distracting | 2, Slightly distracting | 3, Somewhat distracting | 4, Regularly distracting | 5, Very distracting",,,,,,[caps_bl_3]='1',y,,,,,
caps_bl_3c,survey_perception_substance_use,,radio,How often does this happen?,"1, Hardly happens at all | 2, Does not happen often | 3, Happens sometimes | 4, Happens regularly | 5, Happens all the time",,,,,,[caps_bl_3]='1',y,,,,,
caps_bl_4,survey_perception_substance_use,,yesno,"Do you ever see shapes, lights or colors even though there is nothing really there? ",,,,,,,,y,,,,,
caps_bl_4a,survey_perception_substance_use,,radio,How distressing is this for you? ,"1, Not at all distressing | 2, Slightly distressing | 3, Somewhat distressing | 4, Regularly distressing | 5, Very distressing",,,,,,[caps_bl_4]='1',y,,,,,
caps_bl_4b,survey_perception_substance_use,,radio,How distracting is this for you? ,"1, Not at all distracting | 2, Slightly distracting | 3, Somewhat distracting | 4, Regularly distracting | 5, Very distracting",,,,,,[caps_bl_4]='1',y,,,,,
caps_bl_4c,survey_perception_substance_use,,radio,How often does this happen? ,"1, Hardly happens at all | 2, Does not happen often | 3, Happens sometimes | 4, Happens regularly | 5, Happens all the time",,,,,,[caps_bl_4]='1',y,,,,,
caps_bl_5,survey_perception_substance_use,,yesno,Do you ever experience unusual burning sensations or other strange feelings in or on your body? ,,,,,,,,y,,,,,
caps_bl_5a,survey_perception_substance_use,,radio,How distressing is this for you? ,"1, Not at all distressing | 2, Slightly distressing | 3, Somewhat distressing | 4, Regularly distressing | 5, Very distressing",,,,,,[caps_bl_5]='1',y,,,,,
caps_bl_5b,survey_perception_substance_use,,radio,How distracting is this for you? ,"1, Not at all distracting | 2, Slightly distracting | 3, Somewhat distracting | 4, Regularly distracting | 5, Very distracting",,,,,,[caps_bl_5]='1',y,,,,,
caps_bl_5c,survey_perception_substance_use,,radio,How often does this happen? ,"1, Hardly happens at all | 2, Does not happen often | 3, Happens sometimes | 4, Happens regularly | 5, Happens all the time",,,,,,[caps_bl_5]='1',y,,,,,
caps_bl_6,survey_perception_substance_use,,yesno,Do you ever hear noises or sounds when there is nothing about to explain them? ,,,,,,,,y,,,,,
caps_bl_6a,survey_perception_substance_use,,radio,How distressing is this for you?,"1, Not at all distressing | 2, Slightly distressing | 3, Somewhat distressing | 4, Regularly distressing | 5, Very distressing",,,,,,[caps_bl_6]='1',y,,,,,
caps_bl_6b,survey_perception_substance_use,,radio,How distracting is this for you? ,"1, Not at all distracting | 2, Slightly distracting | 3, Somewhat distracting | 4, Regularly distracting | 5, Very distracting",,,,,,[caps_bl_6]='1',y,,,,,
caps_bl_6c,survey_perception_substance_use,,radio,How often does this happen? ,"1, Hardly happens at all | 2, Does not happen often | 3, Happens sometimes | 4, Happens regularly | 5, Happens all the time",,,,,,[caps_bl_6]='1',y,,,,,
caps_bl_7,survey_perception_substance_use,,yesno,"Do you ever hear your own thoughts spoken aloud in your head, so that someone near might be able to hear them? ",,,,,,,,y,,,,,
caps_bl_7a,survey_perception_substance_use,,radio,How distressing is this for you? ,"1, Not at all distressing | 2, Slightly distressing | 3, Somewhat distressing | 4, Regularly distressing | 5, Very distressing",,,,,,[caps_bl_7]='1',y,,,,,
caps_bl_7b,survey_perception_substance_use,,radio,How distracting is this for you? ,"1, Not at all distracting | 2, Slightly distracting | 3, Somewhat distracting | 4, Regularly distracting | 5, Very distracting",,,,,,[caps_bl_7]='1',y,,,,,
caps_bl_7c,survey_perception_substance_use,,radio,How often does this happen? ,"1, Hardly happens at all | 2, Does not happen often | 3, Happens sometimes | 4, Happens regularly | 5, Happens all the time",,,,,,[caps_bl_7]='1',y,,,,,
caps_bl_8,survey_perception_substance_use,,yesno,Do you ever detect smells which don't seem to come from your surroundings? ,,,,,,,,y,,,,,
caps_bl_8a,survey_perception_substance_use,,radio,How distressing is this for you? ,"1, Not at all distressing | 2, Slightly distressing | 3, Somewhat distressing | 4, Regularly distressing | 5, Very distressing",,,,,,[caps_bl_8]='1',y,,,,,
caps_bl_8b,survey_perception_substance_use,,radio,How distracting is this for you? ,"1, Not at all distracting | 2, Slightly distracting | 3, Somewhat distracting | 4, Regularly distracting | 5, Very distracting",,,,,,[caps_bl_8]='1',y,,,,,
caps_bl_8c,survey_perception_substance_use,,radio,How often does this happen? ,"1, Hardly happens at all | 2, Does not happen often | 3, Happens sometimes | 4, Happens regularly | 5, Happens all the time",,,,,,[caps_bl_8]='1',y,,,,,
caps_bl_9,survey_perception_substance_use,,yesno,"Do you ever have the sensation that your body, or a part of it, is changing or has changed shape? ",,,,,,,,y,,,,,
caps_bl_9a,survey_perception_substance_use,,radio,How distressing is this for you? ,"1, Not at all distressing | 2, Slightly distressing | 3, Somewhat distressing | 4, Regularly distressing | 5, Very distressing",,,,,,[caps_bl_9]='1',y,,,,,
caps_bl_9b,survey_perception_substance_use,,radio,How distracting is this for you? ,"1, Not at all distracting | 2, Slightly distracting | 3, Somewhat distracting | 4, Regularly distracting | 5, Very distracting",,,,,,[caps_bl_9]='1',y,,,,,
caps_bl_9c,survey_perception_substance_use,,radio,How often does this happen? ,"1, Hardly happens at all | 2, Does not happen often | 3, Happens sometimes | 4, Happens regularly | 5, Happens all the time",,,,,,[caps_bl_9]='1',y,,,,,
caps_bl_10,survey_perception_substance_use,,yesno,Do you ever have the sensation that your limbs might not be your own or might not be properly connected to your body? ,,,,,,,,y,,,,,
caps_bl_10a,survey_perception_substance_use,,radio,How distressing is this for you? ,"1, Not at all distressing | 2, Slightly distressing | 3, Somewhat distressing | 4, Regularly distressing | 5, Very distressing",,,,,,[caps_bl_10]='1',y,,,,,
caps_bl_10b,survey_perception_substance_use,,radio,How distracting is this for you? ,"1, Not at all distracting | 2, Slightly distracting | 3, Somewhat distracting | 4, Regularly distracting | 5, Very distracting",,,,,,[caps_bl_10]='1',y,,,,,
caps_bl_10c,survey_perception_substance_use,,radio,How often does this happen? ,"1, Hardly happens at all | 2, Does not happen often | 3, Happens sometimes | 4, Happens regularly | 5, Happens all the time",,,,,,[caps_bl_10]='1',y,,,,,
caps_bl_11,survey_perception_substance_use,,yesno,Do you ever hear voices commenting on what you are thinking or doing? ,,,,,,,,y,,,,,
caps_bl_11a,survey_perception_substance_use,,radio,How distressing is this for you? ,"1, Not at all distressing | 2, Slightly distressing | 3, Somewhat distressing | 4, Regularly distressing | 5, Very distressing",,,,,,[caps_bl_11]='1',y,,,,,
caps_bl_11b,survey_perception_substance_use,,radio,How distracting is this for you? ,"1, Not at all distracting | 2, Slightly distracting | 3, Somewhat distracting | 4, Regularly distracting | 5, Very distracting",,,,,,[caps_bl_11]='1',y,,,,,
caps_bl_11c,survey_perception_substance_use,,radio,How often does this happen? ,"1, Hardly happens at all | 2, Does not happen often | 3, Happens sometimes | 4, Happens regularly | 5, Happens all the time",,,,,,[caps_bl_11]='1',y,,,,,
caps_bl_12,survey_perception_substance_use,,yesno,"Do you ever feel that someone is touching you, but when you look nobody is there? ",,,,,,,,y,,,,,
caps_bl_12a,survey_perception_substance_use,,radio,How distressing is this for you? ,"1, Not at all distressing | 2, Slightly distressing | 3, Somewhat distressing | 4, Regularly distressing | 5, Very distressing",,,,,,[caps_bl_12]='1',y,,,,,
caps_bl_12b,survey_perception_substance_use,,radio,How distracting is this for you? ,"1, Not at all distracting | 2, Slightly distracting | 3, Somewhat distracting | 4, Regularly distracting | 5, Very distracting",,,,,,[caps_bl_12]='1',y,,,,,
caps_bl_12c,survey_perception_substance_use,,radio,How often does this happen? ,"1, Hardly happens at all | 2, Does not happen often | 3, Happens sometimes | 4, Happens regularly | 5, Happens all the time",,,,,,[caps_bl_12]='1',y,,,,,
caps_bl_13,survey_perception_substance_use,,yesno,Do you ever hear voices saying words or sentences when there is no-one around that might account for it? ,,,,,,,,y,,,,,
caps_bl_13a,survey_perception_substance_use,,radio,How distressing is this for you? ,"1, Not at all distressing | 2, Slightly distressing | 3, Somewhat distressing | 4, Regularly distressing | 5, Very distressing",,,,,,[caps_bl_13]='1',y,,,,,
caps_bl_13b,survey_perception_substance_use,,radio,How distracting is this for you? ,"1, Not at all distracting | 2, Slightly distracting | 3, Somewhat distracting | 4, Regularly distracting | 5, Very distracting",,,,,,[caps_bl_13]='1',y,,,,,
caps_bl_13c,survey_perception_substance_use,,radio,How often does this happen? ,"1, Hardly happens at all | 2, Does not happen often | 3, Happens sometimes | 4, Happens regularly | 5, Happens all the time",,,,,,[caps_bl_13]='1',y,,,,,
caps_bl_14,survey_perception_substance_use,,yesno,Do you ever experience unexplained tastes in your mouth? ,,,,,,,,y,,,,,
caps_bl_14a,survey_perception_substance_use,,radio,How distressing is this for you? ,"1, Not at all distressing | 2, Slightly distressing | 3, Somewhat distressing | 4, Regularly distressing | 5, Very distressing",,,,,,[caps_bl_14]='1',y,,,,,
caps_bl_14b,survey_perception_substance_use,,radio,How distracting is this for you? ,"1, Not at all distracting | 2, Slightly distracting | 3, Somewhat distracting | 4, Regularly distracting | 5, Very distracting",,,,,,[caps_bl_14]='1',y,,,,,
caps_bl_14c,survey_perception_substance_use,,radio,How often does this happen? ,"1, Hardly happens at all | 2, Does not happen often | 3, Happens sometimes | 4, Happens regularly | 5, Happens all the time",,,,,,[caps_bl_14]='1',y,,,,,
caps_bl_15,survey_perception_substance_use,,yesno,Do you ever find that sensations happen all at once and flood you with information? ,,,,,,,,y,,,,,
caps_bl_15a,survey_perception_substance_use,,radio,How distressing is this for you? ,"1, Not at all distressing | 2, Slightly distressing | 3, Somewhat distressing | 4, Regularly distressing | 5, Very distressing",,,,,,[caps_bl_15]='1',y,,,,,
caps_bl_15b,survey_perception_substance_use,,radio,How distracting is this for you? ,"1, Not at all distracting | 2, Slightly distracting | 3, Somewhat distracting | 4, Regularly distracting | 5, Very distracting",,,,,,[caps_bl_15]='1',y,,,,,
caps_bl_15c,survey_perception_substance_use,,radio,How often does this happen? ,"1, Hardly happens at all | 2, Does not happen often | 3, Happens sometimes | 4, Happens regularly | 5, Happens all the time",,,,,,[caps_bl_15]='1',y,,,,,
caps_bl_16,survey_perception_substance_use,,yesno,Do you ever find that sounds are disoriented in strange or unusual ways? ,,,,,,,,y,,,,,
caps_bl_16a,survey_perception_substance_use,,radio,How distressing is this for you? ,"1, Not at all distressing | 2, Slightly distressing | 3, Somewhat distressing | 4, Regularly distressing | 5, Very distressing",,,,,,[caps_bl_16]='1',y,,,,,
caps_bl_16b,survey_perception_substance_use,,radio,How distracting is this for you? ,"1, Not at all distracting | 2, Slightly distracting | 3, Somewhat distracting | 4, Regularly distracting | 5, Very distracting",,,,,,[caps_bl_16]='1',y,,,,,
caps_bl_16c,survey_perception_substance_use,,radio,How often does this happen? ,"1, Hardly happens at all | 2, Does not happen often | 3, Happens sometimes | 4, Happens regularly | 5, Happens all the time",,,,,,[caps_bl_16]='1',y,,,,,
caps_bl_17,survey_perception_substance_use,,yesno,Do you ever have difficulty distinguishing one sensation from another? ,,,,,,,,y,,,,,
caps_bl_17a,survey_perception_substance_use,,radio,How distressing is this for you? ,"1, Not at all distressing | 2, Slightly distressing | 3, Somewhat distressing | 4, Regularly distressing | 5, Very distressing",,,,,,[caps_bl_17]='1',y,,,,,
caps_bl_17b,survey_perception_substance_use,,radio,How distracting is this for you? ,"1, Not at all distracting | 2, Slightly distracting | 3, Somewhat distracting | 4, Regularly distracting | 5, Very distracting",,,,,,[caps_bl_17]='1',y,,,,,
caps_bl_17c,survey_perception_substance_use,,radio,How often does this happen? ,"1, Hardly happens at all | 2, Does not happen often | 3, Happens sometimes | 4, Happens regularly | 5, Happens all the time",,,,,,[caps_bl_17]='1',y,,,,,
caps_bl_18,survey_perception_substance_use,,yesno,Do you ever smell everyday odors and think that they are unusually strong? ,,,,,,,,y,,,,,
caps_bl_18a,survey_perception_substance_use,,radio,How distressing is this for you? ,"1, Not at all distressing | 2, Slightly distressing | 3, Somewhat distressing | 4, Regularly distressing | 5, Very distressing",,,,,,[caps_bl_18]='1',y,,,,,
caps_bl_18b,survey_perception_substance_use,,radio,How distracting is this for you? ,"1, Not at all distracting | 2, Slightly distracting | 3, Somewhat distracting | 4, Regularly distracting | 5, Very distracting",,,,,,[caps_bl_18]='1',y,,,,,
caps_bl_18c,survey_perception_substance_use,,radio,How often does this happen? ,"1, Hardly happens at all | 2, Does not happen often | 3, Happens sometimes | 4, Happens regularly | 5, Happens all the time",,,,,,[caps_bl_18]='1',y,,,,,
caps_bl_19,survey_perception_substance_use,,yesno,"Do you ever find the appearance of things or people seems to change in a puzzling way, e.g. distorted shapes or sizes or color? ",,,,,,,,y,,,,,
caps_bl_19a,survey_perception_substance_use,,radio,How distressing is this for you? ,"1, Not at all distressing | 2, Slightly distressing | 3, Somewhat distressing | 4, Regularly distressing | 5, Very distressing",,,,,,[caps_bl_19]='1',y,,,,,
caps_bl_19b,survey_perception_substance_use,,radio,How distracting is this for you? ,"1, Not at all distracting | 2, Slightly distracting | 3, Somewhat distracting | 4, Regularly distracting | 5, Very distracting",,,,,,[caps_bl_19]='1',y,,,,,
caps_bl_19c,survey_perception_substance_use,,radio,How often does this happen? ,"1, Hardly happens at all | 2, Does not happen often | 3, Happens sometimes | 4, Happens regularly | 5, Happens all the time",,,,,,[caps_bl_19]='1',y,,,,,
caps_bl_20,survey_perception_substance_use,,yesno,"Do you ever find that your skin is more sensitive to touch, heat, or cold than usual? ",,,,,,,,y,,,,,
caps_bl_20a,survey_perception_substance_use,,radio,How distressing is this for you? ,"1, Not at all distressing | 2, Slightly distressing | 3, Somewhat distressing | 4, Regularly distressing | 5, Very distressing",,,,,,[caps_bl_20]='1',y,,,,,
caps_bl_20b,survey_perception_substance_use,,radio,How distracting is this for you? ,"1, Not at all distracting | 2, Slightly distracting | 3, Somewhat distracting | 4, Regularly distracting | 5, Very distracting",,,,,,[caps_bl_20]='1',y,,,,,
caps_bl_20c,survey_perception_substance_use,,radio,How often does this happen? ,"1, Hardly happens at all | 2, Does not happen often | 3, Happens sometimes | 4, Happens regularly | 5, Happens all the time",,,,,,[caps_bl_20]='1',y,,,,,
caps_bl_21,survey_perception_substance_use,,yesno,Do you ever think that food or drinks taste much stronger than they normally would?,,,,,,,,y,,,,,
caps_bl_21a,survey_perception_substance_use,,radio,How distressing is this for you? ,"1, Not at all distressing | 2, Slightly distressing | 3, Somewhat distressing | 4, Regularly distressing | 5, Very distressing",,,,,,[caps_bl_21]='1',y,,,,,
caps_bl_21b,survey_perception_substance_use,,radio,How distracting is this for you? ,"1, Not at all distracting | 2, Slightly distracting | 3, Somewhat distracting | 4, Regularly distracting | 5, Very distracting",,,,,,[caps_bl_21]='1',y,,,,,
caps_bl_21c,survey_perception_substance_use,,radio,How often does this happen? ,"1, Hardly happens at all | 2, Does not happen often | 3, Happens sometimes | 4, Happens regularly | 5, Happens all the time",,,,,,[caps_bl_21]='1',y,,,,,
caps_bl_22,survey_perception_substance_use,,yesno,Do you ever look in the mirror and think that your face seems different from usual? ,,,,,,,,y,,,,,
caps_bl_22a,survey_perception_substance_use,,radio,How distressing is this for you? ,"1, Not at all distressing | 2, Slightly distressing | 3, Somewhat distressing | 4, Regularly distressing | 5, Very distressing",,,,,,[caps_bl_22]='1',y,,,,,
caps_bl_22b,survey_perception_substance_use,,radio,How distracting is this for you? ,"1, Not at all distracting | 2, Slightly distracting | 3, Somewhat distracting | 4, Regularly distracting | 5, Very distracting",,,,,,[caps_bl_22]='1',y,,,,,
caps_bl_22c,survey_perception_substance_use,,radio,How often does this happen? ,"1, Hardly happens at all | 2, Does not happen often | 3, Happens sometimes | 4, Happens regularly | 5, Happens all the time",,,,,,[caps_bl_22]='1',y,,,,,
caps_bl_23,survey_perception_substance_use,,yesno,Do you ever have days where lights or colors seem brighter or more intense than usual? ,,,,,,,,y,,,,,
caps_bl_23a,survey_perception_substance_use,,radio,How distressing is this for you? ,"1, Not at all distressing | 2, Slightly distressing | 3, Somewhat distressing | 4, Regularly distressing | 5, Very distressing",,,,,,[caps_bl_23]='1',y,,,,,
caps_bl_23b,survey_perception_substance_use,,radio,How distracting is this for you? ,"1, Not at all distracting | 2, Slightly distracting | 3, Somewhat distracting | 4, Regularly distracting | 5, Very distracting",,,,,,[caps_bl_23]='1',y,,,,,
caps_bl_23c,survey_perception_substance_use,,radio,How often does this happen? ,"1, Hardly happens at all | 2, Does not happen often | 3, Happens sometimes | 4, Happens regularly | 5, Happens all the time",,,,,,[caps_bl_23]='1',y,,,,,
caps_bl_24,survey_perception_substance_use,,yesno,"Do you ever have the feeling that of being uplifted, as if driving or rolling over a road while sitting quietly? ",,,,,,,,y,,,,,
caps_bl_24a,survey_perception_substance_use,,radio,How distressing is this for you? ,"1, Not at all distressing | 2, Slightly distressing | 3, Somewhat distressing | 4, Regularly distressing | 5, Very distressing",,,,,,[caps_bl_24]='1',y,,,,,
caps_bl_24b,survey_perception_substance_use,,radio,How distracting is this for you? ,"1, Not at all distracting | 2, Slightly distracting | 3, Somewhat distracting | 4, Regularly distracting | 5, Very distracting",,,,,,[caps_bl_24]='1',y,,,,,
caps_bl_24c,survey_perception_substance_use,,radio,How often does this happen? ,"1, Hardly happens at all | 2, Does not happen often | 3, Happens sometimes | 4, Happens regularly | 5, Happens all the time",,,,,,[caps_bl_24]='1',y,,,,,
caps_bl_25,survey_perception_substance_use,,yesno,Do you ever find that common smells sometimes seem unusually different? ,,,,,,,,y,,,,,
caps_bl_25a,survey_perception_substance_use,,radio,How distressing is this for you? ,"1, Not at all distressing | 2, Slightly distressing | 3, Somewhat distressing | 4, Regularly distressing | 5, Very distressing",,,,,,[caps_bl_25]='1',y,,,,,
caps_bl_25b,survey_perception_substance_use,,radio,How distracting is this for you? ,"1, Not at all distracting | 2, Slightly distracting | 3, Somewhat distracting | 4, Regularly distracting | 5, Very distracting",,,,,,[caps_bl_25]='1',y,,,,,
caps_bl_25c,survey_perception_substance_use,,radio,How often does this happen? ,"1, Hardly happens at all | 2, Does not happen often | 3, Happens sometimes | 4, Happens regularly | 5, Happens all the time",,,,,,[caps_bl_25]='1',y,,,,,
caps_bl_26,survey_perception_substance_use,,yesno,Do you ever think that everyday things look abnormal to you? ,,,,,,,,y,,,,,
caps_bl_26a,survey_perception_substance_use,,radio,How distressing is this for you? ,"1, Not at all distressing | 2, Slightly distressing | 3, Somewhat distressing | 4, Regularly distressing | 5, Very distressing",,,,,,[caps_bl_26]='1',y,,,,,
caps_bl_26b,survey_perception_substance_use,,radio,How distracting is this for you? ,"1, Not at all distracting | 2, Slightly distracting | 3, Somewhat distracting | 4, Regularly distracting | 5, Very distracting",,,,,,[caps_bl_26]='1',y,,,,,
caps_bl_26c,survey_perception_substance_use,,radio,How often does this happen? ,"1, Hardly happens at all | 2, Does not happen often | 3, Happens sometimes | 4, Happens regularly | 5, Happens all the time",,,,,,[caps_bl_26]='1',y,,,,,
caps_bl_27,survey_perception_substance_use,,yesno,Do you ever find that your experience of time changes dramatically? ,,,,,,,,y,,,,,
caps_bl_27a,survey_perception_substance_use,,radio,How distressing is this for you? ,"1, Not at all distressing | 2, Slightly distressing | 3, Somewhat distressing | 4, Regularly distressing | 5, Very distressing",,,,,,[caps_bl_27]='1',y,,,,,
caps_bl_27b,survey_perception_substance_use,,radio,How distracting is this for you? ,"1, Not at all distracting | 2, Slightly distracting | 3, Somewhat distracting | 4, Regularly distracting | 5, Very distracting",,,,,,[caps_bl_27]='1',y,,,,,
caps_bl_27c,survey_perception_substance_use,,radio,How often does this happen? ,"1, Hardly happens at all | 2, Does not happen often | 3, Happens sometimes | 4, Happens regularly | 5, Happens all the time",,,,,,[caps_bl_27]='1',y,,,,,
caps_bl_28,survey_perception_substance_use,,yesno,Have you ever heard two or more unexplained voices talking with each other? ,,,,,,,,y,,,,,
caps_bl_28a,survey_perception_substance_use,,radio,How distressing is this for you? ,"1, Not at all distressing | 2, Slightly distressing | 3, Somewhat distressing | 4, Regularly distressing | 5, Very distressing",,,,,,[caps_bl_28]='1',y,,,,,
caps_bl_28b,survey_perception_substance_use,,radio,How distracting is this for you? ,"1, Not at all distracting | 2, Slightly distracting | 3, Somewhat distracting | 4, Regularly distracting | 5, Very distracting",,,,,,[caps_bl_28]='1',y,,,,,
caps_bl_28c,survey_perception_substance_use,,radio,How often does this happen? ,"1, Hardly happens at all | 2, Does not happen often | 3, Happens sometimes | 4, Happens regularly | 5, Happens all the time",,,,,,[caps_bl_28]='1',y,,,,,
caps_bl_29,survey_perception_substance_use,,yesno,Do you ever notice smells or odors that people next to you seem unaware of? ,,,,,,,,y,,,,,
caps_bl_29a,survey_perception_substance_use,,radio,How distressing is this for you? ,"1, Not at all distressing | 2, Slightly distressing | 3, Somewhat distressing | 4, Regularly distressing | 5, Very distressing",,,,,,[caps_bl_29]='1',y,,,,,
caps_bl_29b,survey_perception_substance_use,,radio,How distracting is this for you? ,"1, Not at all distracting | 2, Slightly distracting | 3, Somewhat distracting | 4, Regularly distracting | 5, Very distracting",,,,,,[caps_bl_29]='1',y,,,,,
caps_bl_29c,survey_perception_substance_use,,radio,How often does this happen? ,"1, Hardly happens at all | 2, Does not happen often | 3, Happens sometimes | 4, Happens regularly | 5, Happens all the time",,,,,,[caps_bl_29]='1',y,,,,,
caps_bl_30,survey_perception_substance_use,,yesno,Do you ever notice that food or drinks seem to have an unusual taste? ,,,,,,,,y,,,,,
caps_bl_30a,survey_perception_substance_use,,radio,How distressing is this for you? ,"1, Not at all distressing | 2, Slightly distressing | 3, Somewhat distressing | 4, Regularly distressing | 5, Very distressing",,,,,,[caps_bl_30]='1',y,,,,,
caps_bl_30b,survey_perception_substance_use,,radio,"<div class=""rich-text-field-label""><p>How distracting is this for you?</p></div>","1, Not at all distracting | 2, Slightly distracting | 3, Somewhat distracting | 4, Regularly distracting | 5, Very distracting",,,,,,[caps_bl_30]='1',y,,,,,
caps_bl_30c,survey_perception_substance_use,,radio,How often does this happen? ,"1, Hardly happens at all | 2, Does not happen often | 3, Happens sometimes | 4, Happens regularly | 5, Happens all the time",,,,,,[caps_bl_30]='1',y,,,,,
caps_bl_31,survey_perception_substance_use,,yesno,Do you ever see things that other people cannot? ,,,,,,,,y,,,,,
caps_bl_31a,survey_perception_substance_use,,radio,How distressing is this for you? ,"1, Not at all distressing | 2, Slightly distressing | 3, Somewhat distressing | 4, Regularly distressing | 5, Very distressing",,,,,,[caps_bl_31]='1',y,,,,,
caps_bl_31b,survey_perception_substance_use,,radio,<p>How distracting is this for you?</p>,"1, Not at all distracting | 2, Slightly distracting | 3, Somewhat distracting | 4, Regularly distracting | 5, Very distracting",,,,,,[caps_bl_31]='1',y,,,,,
caps_bl_31c,survey_perception_substance_use,,radio,How often does this happen? ,"1, Hardly happens at all | 2, Does not happen often | 3, Happens sometimes | 4, Happens regularly | 5, Happens all the time",,,,,,[caps_bl_31]='1',y,,,,,
caps_bl_32,survey_perception_substance_use,,yesno,Do you ever hear sound or music that people near you don't hear?,,,,,,,,y,,,,,
caps_bl_32a,survey_perception_substance_use,,radio,How distressing is this for you? ,"1, Not at all distressing | 2, Slightly distressing | 3, Somewhat distressing | 4, Regularly distressing | 5, Very distressing",,,,,,[caps_bl_32]='1',y,,,,,
caps_bl_32b,survey_perception_substance_use,,radio,<p>How distracting is this for you?</p>,"1, Not at all distracting | 2, Slightly distracting | 3, Somewhat distracting | 4, Regularly distracting | 5, Very distracting",,,,,,[caps_bl_32]='1',y,,,,,
caps_bl_32c,survey_perception_substance_use,,radio,How often does this happen? ,"1, Hardly happens at all | 2, Does not happen often | 3, Happens sometimes | 4, Happens regularly | 5, Happens all the time",,,,,,[caps_bl_32]='1',y,,,,,
substancesectioninfo,survey_perception_substance_use,"<div class=""rich-text-field-label""><p>Module: <a href=""https://en.wikipedia.org/wiki/List_of_psychedelic_drugs"">Serotonergic Psychedelic</a> Use</p></div>",descriptive,"<div class=""rich-text-field-label""><p><span style=""font-weight: normal;"">In this section, you will be asked about your substance use history.</span></p> <p><span style=""font-weight: normal;"">Some questions may seem repetitive at times. Please pay close attention and </span>make sure your responses are consistent across different questions<span style=""font-weight: normal;"">. Although this is the survey is focused on  <a href=""https://en.wikipedia.org/wiki/List_of_psychedelic_drugs"">serotonergic psychedelics</a>, we also need to asses people's lifetime history with other substances to understand the effect of just <a href=""https://en.wikipedia.org/wiki/List_of_psychedelic_drugs"">serotonergic psychedelics</a>.</span></p> <p><span style=""font-weight: normal;"">Please respond truthfully, as your answers will be kept strictly </span>confidential<span style=""font-weight: normal;""> and will not be shared with anyone outside of the research team.</span></p></div>",,,,,,,,,,,,,
psychedelicuse_lifetimetot,survey_perception_substance_use,"<em>Your Questionnaires Progress:</em></p> <div class=""progress"" style=""height: 15px; width: 50%;""><br>  <div class=""progress-bar"" style=""width: 20%;"" role=""progressbar"">20%</div> </div> <p> </p> <div style=""font-size: 8pt; font-family: cursive;""> </div> <p> </p></div>",text,"<div class=""rich-text-field-label""><p>How many times in your <span style=""font-size: 14pt;"">life</span> have you used <span style=""font-size: 12pt;""><a href=""https://en.wikipedia.org/wiki/List_of_psychedelic_drugs"">serotonergic psychedelics</a></span>? (LSD/acid, psilocybin/shrooms/magic mushrooms, mescaline/peyote, DOI, Ayahuasca, DMT, 5-MeO-DMT, etc see link for complete list) --</p> <p><em><span style=""font-weight: normal;"">This does </span><span style=""font-size: 12pt;"">NOT</span><span style=""font-weight: normal;""> include ibogaine, cannabis, salvia, MDMA/molly, ketamine, PCP, scopolamine or DXM/dextromethorphan!!!!!!</span></em></p></div>",,,number,,10000,,,y,,,,,
psyched_percent_vheavy,survey_perception_substance_use,,text,"<div class=""rich-text-field-label""><p><span style=""font-weight: normal;"">Of all the times you have used psychedelics, what </span>percent <span style=""font-weight: normal;"">of uses would you consider --<em> based on subjective criteria below</em> --</span> ""very heavy""<span style=""font-weight: normal;"">?</span><br /><br /><span style=""font-weight: normal;"">To help determine approximate strength, we have included LSD micrograms ""ug"" for different subjective experiences based on the following webpage below ""LSD dosages"": <a href=""https://healingmaps.com/lsd-dosage-guide/"" target=""_blank"" rel=""noopener"">https://healingmaps.com/lsd-dosage-guide/</a></span></p> <p><span style=""font-weight: normal;"">You may visit the page for a more detailed description of each dose effect. </span><br /><br /><br />Microdose <span style=""font-weight: normal;"">(20-30ug; barely detectable or ""threshold"" drug effect)</span><br />Low dose<span style=""font-weight: normal;""> (40-60ug; detectable but very mild drug effect; hallucinations barely present)</span><br />Medium dose<span style=""font-weight: normal;""> (90-250ug; full psychedelic effect; many hallucinations)</span><br />Heavy dose <span style=""font-weight: normal;"">(300-500ug; strong psychedelic effect)</span><br />Very heavy dose<span style=""font-weight: normal;""> (700ug+; out-of-body experiences and beyond)</span></p></div>",,,number,0,100,,[psychedelicuse_lifetimetot]>0,y,,,,,
psyched_percent_heavy,survey_perception_substance_use,,text,"<div class=""rich-text-field-label""><p><span style=""font-weight: normal;"">Of all the times you have used psychedelics, what </span>percent <span style=""font-weight: normal;"">of uses would you consider -- <em>based on subjective criteria below</em> -- ""</span>heavy<span style=""font-weight: normal;"">""?</span><br /><br /></p> <p><span style=""font-weight: normal;"">To help determine approximate strength, we have included LSD micrograms ""ug"" for different subjective experiences based on the following webpage below ""LSD dosages"": <a href=""https://healingmaps.com/lsd-dosage-guide/"" target=""_blank"" rel=""noopener"">https://healingmaps.com/lsd-dosage-guide/</a></span></p> <p><span style=""font-weight: normal;"">You may visit the page for a more detailed description of each dose effect.</span></p> <p><br /><br />Microdose <span style=""font-weight: normal;"">(20-30ug; barely detectable or ""threshold"" drug effect)</span><br />Low dose <span style=""font-weight: normal;"">(40-60ug; detectable but very mild drug effect; hallucinations barely present)</span><br />Medium dose<span style=""font-weight: normal;""> (90-250ug; full psychedelic effect; many hallucinations)</span><br />Heavy dose<span style=""font-weight: normal;""> (300-500ug; strong psychedelic effect)</span><br />Very heavy dose<span style=""font-weight: normal;""> (700ug+; out-of-body experiences and beyond)</span></p></div>",,,number,0,100,,[psychedelicuse_lifetimetot]>0,y,,,,,
psyched_percent_medium,survey_perception_substance_use,,text,"<div class=""rich-text-field-label""><p><span style=""font-weight: normal;"">Of all the times you have used psychedelics, what </span>percent <span style=""font-weight: normal;"">of uses would you consider --<em> based on subjective criteria below</em> -- ""</span>medium<span style=""font-weight: normal;"">""?</span><br /><br /><span style=""font-weight: normal;"">To help determine approximate strength, we have included LSD micrograms ""ug"" for different subjective experiences based on the following webpage below ""LSD dosages"": https://healingmaps.com/lsd-dosage-guide/</span><br /><br /><span style=""font-weight: normal;"">You may visit the page for a more detailed description of each dose effect. </span><br /><br />Microdose <span style=""font-weight: normal;"">(20-30ug; barely detectable or ""threshold"" drug effect)</span><br />Low dose<span style=""font-weight: normal;""> (40-60ug; detectable but very mild drug effect; hallucinations barely present)</span><br />Medium dose<span style=""font-weight: normal;""> (90-250ug; full psychedelic effect; many hallucinations)</span><br />Heavy dose<span style=""font-weight: normal;""> (300-500ug; strong psychedelic effect)</span><br />Very heavy dose<span style=""font-weight: normal;""> (700ug+; out-of-body experiences and beyond)</span></p></div>",,,number,0,100,,[psychedelicuse_lifetimetot]>0,y,,,,,
psyched_percent_low,survey_perception_substance_use,,text,"<div class=""rich-text-field-label""><p><span style=""font-weight: normal;"">Of all the times you have used psychedelics, what </span>percent <span style=""font-weight: normal;"">of uses would you consider --<em> based on subjective criteria below</em> -- ""</span>low<span style=""font-weight: normal;"">""?</span><br /><br /><span style=""font-weight: normal;"">To help determine approximate strength, we have included LSD micrograms ""ug"" for different subjective experiences based on the following webpage below ""LSD dosages"": https://healingmaps.com/lsd-dosage-guide/</span><br /><br /><span style=""font-weight: normal;"">You may visit the page for a more detailed description of each dose effect. </span><br /><br />Microdose <span style=""font-weight: normal;"">(20-30ug; barely detectable or ""threshold"" drug effect)</span><br />Low dose <span style=""font-weight: normal;"">(40-60ug; detectable but very mild drug effect; hallucinations barely present)</span><br />Medium dose<span style=""font-weight: normal;""> (90-250ug; full psychedelic effect; many hallucinations)</span><br />Heavy dose<span style=""font-weight: normal;""> (300-500ug; strong psychedelic effect)</span><br />Very heavy dose <span style=""font-weight: normal;"">(700ug+; out-of-body experiences and beyond)</span></p></div>",,,number,0,100,,[psychedelicuse_lifetimetot]>0,y,,,,,
psyched_percent_micro,survey_perception_substance_use,,text,"<div class=""rich-text-field-label""><p><span style=""font-weight: normal;"">Of all the times you have used psychedelics, what </span>percent <span style=""font-weight: normal;"">of uses would you consider to be -- <em>based on subjective criteria below</em> -- ""a </span>microdose<span style=""font-weight: normal;"">""?</span><br /><br /><span style=""font-weight: normal;"">To help determine approximate strength, we have included LSD micrograms ""ug"" for different subjective experiences based on the following webpage below ""LSD dosages"": https://healingmaps.com/lsd-dosage-guide/</span><br /><br /><span style=""font-weight: normal;"">You may visit the page for a more detailed description of each dose effect. </span><br /><br />Microdose <span style=""font-weight: normal;"">(20-30ug; barely detectable or ""threshold"" drug effect)</span><br />Low dose<span style=""font-weight: normal;""> (40-60ug; detectable but very mild drug effect; hallucinations barely present)</span><br />Medium dose<span style=""font-weight: normal;""> (90-250ug; full psychedelic effect; many hallucinations)</span><br />Heavy dose<span style=""font-weight: normal;""> (300-500ug; strong psychedelic effect)</span><br />Very heavy dose<span style=""font-weight: normal;""> (700ug+; out-of-body experiences and beyond)</span></p></div>",,,number,0,100,,[psychedelicuse_lifetimetot]>0,y,,,,,"##if the % of uses of each dose doesn't add to 100...
if ([psyched_percent_micro] + [psyched_percent_low] + [psyched_percent_medium] + [psyched_percent_heavy] + [psyched_percent_vheavy]) != 100
    
    #return i think you made an error
    Please dobule check your last few answers; the percentages must add up to 100"
doses_correct,survey_perception_substance_use,,calc,Do the above percentages add to 100?,"if(([psyched_percent_micro]+[psyched_percent_low]+[psyched_percent_medium]+[psyched_percent_heavy]+[psyched_percent_vheavy])=100,1,0)",,,,,,,,,,,, @HIDDEN
doses_not_100,survey_perception_substance_use,,checkbox,It looks like you may have made an error in the above answers; please make sure the percents of each subjective dose add up to 100! :) ,"1, Checkbox disabled; please review your answers above for subjective dose percentages (microdose, heavy, etc.) and make sure they add up to 100 : )",,,,,,[doses_correct] = '0' and [psychedelicuse_lifetimetot]>0,y,,,,, @READONLY
psyched_lastuse_dose,survey_perception_substance_use,,radio,"<div class=""rich-text-field-label""><p>What subjective strength would you consider your <span style=""text-decoration: underline;"">last  <a href=""https://en.wikipedia.org/wiki/List_of_psychedelic_drugs"">serotonergic psychedelic</a></span> dose to be?<br><br>To help determine approximate strength, we have included LSD micrograms ""ug"" based on the following webpage below ""LSD dosages"": https://healingmaps.com/lsd-dosage-guide/</p></div>","1, Microdose (20-30ug; barely detectable or ""threshold"" drug effect) | 2, Low dose (40-60ug; detectable but very mild drug effect; hallucinations barely present) | 3, Medium dose (90-250ug; full psychedelic effect; many hallucinations) | 4, Heavy dose (300-500ug; strong psychedelic effect) | 5, Very heavy dose (700ug+; out-of-body experiences and beyond)",,,,,,[psychedelicuse_lifetimetot]>0,y,,,,,
vasdose_bl,survey_perception_substance_use,,slider,"<div class=""rich-text-field-label""><p>Now based on your own subjective rating of dose strength, how strong would you consider your l<span style=""text-decoration: underline;"">ast psychedelic dose</span> to be, using this slider scale on a scale of 0 to 100?</p></div>",Microdose (undetectable) | Common Psychedelic Effect | Strongest Possible Effect,,number,0,100,,[psychedelicuse_lifetimetot]>0,y,LH,,,,
psycheduse_life_nomic,survey_perception_substance_use,,text,"<div class=""rich-text-field-label""><p><span style=""text-decoration: underline;"">NOT</span><span style=""font-weight: normal;""> including microdoses(!) -- How many times in your </span>life <span style=""font-weight: normal;"">have you used serotonergic psychedelics</span><span style=""font-weight: normal;"">?</span></p></div>",,NON microdoses! Should match above answer if you have never microdosed,number,0,1000,,,y,,,,,
sp_days_choice,survey_perception_substance_use,,radio,"<div class=""rich-text-field-label""><p><span style=""font-weight: normal;"">We need to know </span>when<span style=""font-weight: normal;""> your last </span><span style=""text-decoration: underline;"">non</span>-microdose <span style=""font-weight: normal;"">psychedelic use was. </span></p> <p> </p> <p><span style=""text-decoration: underline;"">Would you rather give us a <em>date</em> or the<em> number of days since</em>?</span></p></div>","1, Date of last use | 2, Days since last use",,,,,,[psycheduse_life_nomic]>0,y,,,,,
sp_dayslastuse_date,survey_perception_substance_use,,text,"<div class=""rich-text-field-label""><p><span style=""font-weight: normal;"">Please enter the </span>date<span style=""font-weight: normal;""> of the last </span><span style=""text-decoration: underline;"">non</span>-microdose Psychedelic experience<span style=""font-weight: normal;""> you had. </span></p> <p><span style=""font-weight: normal;"">(<em>You can click the little calendar icon and then input the date</em>)</span></p></div>",,,date_mdy,,,,[psycheduse_life_nomic]>0 and [sp_days_choice] = '1',y,,,,,
psych_dayslastuse_nomicro,survey_perception_substance_use,,text,"<div class=""rich-text-field-label""><p><span style=""font-weight: normal;"">About how many </span> days <span style=""font-weight: normal;""> has it been since you </span>last <span style=""font-weight: normal;""> used a serotonergic psychedelic </span><span style=""text-decoration: underline;"">NOT</span><span style=""font-weight: normal;""> including</span> <span style=""font-weight: normal;"">microdoses?</span></p> <p> </p> <p><em><span style=""font-weight: normal;"">To help you get started: On </span>[timestamp_screen_day]<span style=""font-weight: normal;""> you said it had been </span>[sp_lastuse_days_screen] days since your last use<span style=""font-weight: normal;"">)</span></em></p></div>",,1 year = 365 days; 1 month = 30 days; 1 week = 7 days,integer,0,,,[psycheduse_life_nomic]>0 and [sp_days_choice] = '2',y,,,,,
sp_dayslastuse_calc,survey_perception_substance_use,,calc,Calculates the days since last use if they gave a date for last use ,"datediff([sp_dayslastuse_date], [timestamp_survey_bl], 'd', 'mdy')",,,,,,,,RH,,,, @HIDDEN-SURVEY
sp_dayslastuse,survey_perception_substance_use,,calc,Returns days since last psychedelic use; calculates the days between dates if they gave a date for last use and directly copies days since use if user gives that,"if([sp_dayslastuse_calc]<>"""",[sp_dayslastuse_calc],[psych_dayslastuse_nomicro])",,,,,,,,RH,,,, @HIDDEN-SURVEY
psycheduse_month_nomic,survey_perception_substance_use,,text,"<div class=""rich-text-field-label""><p><span style=""font-weight: normal;"">Approximately how many times in the past </span>month (30 days) <span style=""font-weight: normal;"">did you use a <a href=""https://en.wikipedia.org/wiki/List_of_psychedelic_drugs"">serotonergic psychedelic</a> </span><span style=""text-decoration: underline;"">NOT</span> including <span style=""font-weight: normal;"">microdosing?</span></p></div>",,,integer,0,32,,[psycheduse_life_nomic]>0,y,,,,,
wrong_usetime_month,survey_perception_substance_use,,descriptive,"<div class=""rich-text-field-label""><p><span style=""font-size: 18pt;""><span style=""font-weight: normal;"">It looks like you may have made an </span>error<span style=""font-weight: normal;""> in the above answers; you are saying your </span>last psychedelic use was <em>more than 30 days ago</em><span style=""font-weight: normal;"">, but have </span><em>more than 0 uses</em> in the past month (30 days)<span style=""font-weight: normal;"">!</span></span></p> <p> </p></div>",,,,,,,([sp_dayslastuse]>30) and ([psycheduse_month_nomic]>0),,,,,,
wrong_timeuse_month,survey_perception_substance_use,,descriptive,"<div class=""rich-text-field-label""><p><span style=""font-size: 18pt;""><span style=""font-weight: normal;"">It looks like you may have made an </span>error<span style=""font-weight: normal;""> in the above answers; you are saying your </span>last psychedelic use was <em>less than 30 days ago</em><span style=""font-weight: normal;"">, but have </span><em> 0 uses</em> in the past month (30 days)<span style=""font-weight: normal;"">!</span></span></p> <p> </p></div>",,,,,,,([sp_dayslastuse]<30) and ([psycheduse_month_nomic]<1) and ([psycheduse_life_nomic]>0),,,,,,
psycheduse_6month_nomic,survey_perception_substance_use,,text,"<div class=""rich-text-field-label""><p><span style=""font-weight: normal;"">Approximately how many times in the past</span> 6 months (180 days)<span style=""font-weight: normal;""> did you use a <a href=""https://en.wikipedia.org/wiki/List_of_psychedelic_drugs"">serotonergic psychedelic</a> </span><span style=""text-decoration: underline;"">NOT</span> <span style=""font-weight: normal;"">including</span> <span style=""font-weight: normal;"">microdosing?</span></p></div>",,,integer,0,65,,[psycheduse_life_nomic]>0,y,,,,,
wrong_usetime_6month,survey_perception_substance_use,,descriptive,"<div class=""rich-text-field-label""><p><span style=""font-size: 18pt;""><span style=""font-weight: normal;"">It looks like you may have made an </span>error<span style=""font-weight: normal;""> in the above answers; you are saying your </span>last psychedelic use was <em>more than 180 days ago</em><span style=""font-weight: normal;"">, but have </span><em>more than 0 uses</em> in the past 6 months (180 days)<span style=""font-weight: normal;"">!</span></span></p> <p> </p></div>",,,,,,,([sp_dayslastuse]>180) and ([psycheduse_6month_nomic]>0),,,,,,
wrong_timeuse_6month,survey_perception_substance_use,,descriptive,"<div class=""rich-text-field-label""><p><span style=""font-size: 18pt;""><span style=""font-weight: normal;"">It looks like you may have made an </span>error<span style=""font-weight: normal;""> in the above answers; you are saying your </span>last psychedelic use was <em>within the past 6 months (less than 180 days ago) </em><span style=""font-weight: normal;"">, but have </span><em> 0 uses</em> in the past 6 months (180 days)<span style=""font-weight: normal;"">!</span></span></p> <p> </p></div>",,,,,,,([sp_dayslastuse]<180) and ([psycheduse_6month_nomic]<1) and ([psycheduse_life_nomic]>0),,,,,,
psycheduse_year_nomic,survey_perception_substance_use,,text,"<div class=""rich-text-field-label""><p><span style=""font-weight: normal;"">Approximately how many times in the past </span>year <span style=""font-weight: normal;"">did you use a <a href=""https://en.wikipedia.org/wiki/List_of_psychedelic_drugs"">serotonergic psychedelic</a> </span><span style=""text-decoration: underline;"">NOT</span><span style=""font-weight: normal;""> including</span> <span style=""font-weight: normal;"">microdosing?</span></p></div>",,,integer,0,750,,[psycheduse_life_nomic]>0,y,,,,,
wrong_usetime_year,survey_perception_substance_use,,descriptive,"<div class=""rich-text-field-label""><p><span style=""font-size: 18pt;""><span style=""font-weight: normal;"">It looks like you may have made an </span>error<span style=""font-weight: normal;""> in the above answers; you are saying your </span>last psychedelic use was <em>more than a year (365 days) ago</em><span style=""font-weight: normal;"">, but have </span><em>more than 0 uses</em> in the past year (365 days)<span style=""font-weight: normal;"">!</span></span></p> <p> </p></div>",,,,,,,([sp_dayslastuse]>365) and ([psycheduse_year_nomic]>0),,,,,,
wrong_timeuse_year,survey_perception_substance_use,,descriptive,"<div class=""rich-text-field-label""><p><span style=""font-size: 18pt;""><span style=""font-weight: normal;"">It looks like you may have made an </span>error<span style=""font-weight: normal;""> in the above answers; you are saying your </span>last psychedelic use was <em>within the past year (less than 365 days ago) </em><span style=""font-weight: normal;"">, but have </span><em> 0 uses</em> in the past year (365 days)<span style=""font-weight: normal;"">!</span></span></p> <p> </p></div>",,,,,,,([sp_dayslastuse]<365) and ([psycheduse_year_nomic]<1)  and ([psycheduse_life_nomic]>0),,,,,,
microdose_yn,survey_perception_substance_use,,yesno,"<div class=""rich-text-field-label""><p><span style=""font-weight: normal;"">Have you </span><em>ever</em><span style=""font-weight: normal;""> </span>microdosed<span style=""font-weight: normal;""> <a href=""https://en.wikipedia.org/wiki/List_of_psychedelic_drugs"">serotonergic psychedelic</a>s?</span><br><br><span style=""font-weight: normal;"">(microdose = take doses so low you do not feel a subjective high)</span></p></div>",,,,,,,,y,,,,,
psycheduse_life_micro,survey_perception_substance_use,,text,"<div class=""rich-text-field-label""><p><span style=""font-weight: normal;"">Approximately how many times in your </span>life <span style=""font-weight: normal;"">have you </span>microdosed <a href=""https://en.wikipedia.org/wiki/List_of_psychedelic_drugs"">serotonergic psychedelics</a><span style=""font-weight: normal;"">?</span></p></div>",,,integer,0,,,[microdose_yn]='1',y,,,,,
psych_dayslastuse_micro,survey_perception_substance_use,,text,"<div class=""rich-text-field-label""><p><span style=""font-weight: normal;"">About how many </span> days <span style=""font-weight: normal;""> has it been since you LAST </span>microdosed <span style=""font-weight: normal;"">a <a href=""https://en.wikipedia.org/wiki/List_of_psychedelic_drugs"">serotonergic psychedelics</a>?</span></p></div>",,1 year = 365 days; 1 month = 30 days; 1 week = 7 days,integer,0,,,[microdose_yn]='1',y,,,,,
psycheduse_month,survey_perception_substance_use,,text,"<div class=""rich-text-field-label""><p><span style=""font-weight: normal;"">Approximately how many times in the past </span>month <span style=""font-weight: normal;"">did you </span>microdose <a href=""https://en.wikipedia.org/wiki/List_of_psychedelic_drugs"">serotonergic psychedelics</a><span style=""font-weight: normal;"">?</span></p></div>",,,integer,0,100,,[microdose_yn]='1',y,,,,,
psycheduse_6month,survey_perception_substance_use,,text,"<div class=""rich-text-field-label""><p><span style=""font-weight: normal;"">Approximately how many times in the past </span>6 months did<span style=""font-weight: normal;""> you </span>microdose<span style=""font-weight: normal;""> <a href=""https://en.wikipedia.org/wiki/List_of_psychedelic_drugs"">serotonergic psychedelics</a></span><span style=""font-weight: normal;"">?</span></p></div>",,,integer,0,100,,[microdose_yn]='1',y,,,,,
psycheduse_year,survey_perception_substance_use,,text,"<div class=""rich-text-field-label""><p><span style=""font-weight: normal;"">Approximately how many times in the past </span>year <span style=""font-weight: normal;"">did you </span>microdose<span style=""font-weight: normal;""> <a href=""https://en.wikipedia.org/wiki/List_of_psychedelic_drugs"">serotonergic psychedelics</a></span><span style=""font-weight: normal;"">?</span></p></div>",,,integer,0,,,[microdose_yn]='1',y,,,,,
answer_check1,survey_perception_substance_use,,calc,Returns a 0 if they claim to have used more psychedelics in last month than last 6 months,"if([psycheduse_6month_nomic]>[psycheduse_month_nomic],1,0)",,,,,,,,RH,,,, @HIDDEN-SURVEY
answer_check2,survey_perception_substance_use,,calc,Returns a 0 if they claim to have used more psychedelics (including  microdoses) in last month than last 6 months,"if([psycheduse_6month]>[psycheduse_month],1,0)",,,,,,,,RH,,,, @HIDDEN-SURVEY
answer_check3,survey_perception_substance_use,,calc,Returns a 0 if they claim to have used more psychedelics (including  microdoses) in last 6 months than their entire life,"if([psychedelicuse_lifetimetot]>[psycheduse_6month],1,0)",,,,,,,,RH,,,, @HIDDEN-SURVEY
answer_check4,survey_perception_substance_use,,calc,Returns a 0 if they claim to have used more psychedelics (including  microdoses) in last month than their entire life,"if([psychedelicuse_lifetimetot]>[psycheduse_month],1,0)",,,,,,,,RH,,,, @HIDDEN-SURVEY
psychedelic_primary,survey_perception_substance_use,,radio,"<div class=""rich-text-field-label""><p>What psychedelic do you most often use?</p></div>","1, Psilocybin (magic mushrooms) | 2, LSD | 3, Mescaline (peyote, san pedro) | 4, DMT (Ayahuasca, smoked) | 5, 5-MeO-DMT (bufo, toads) | 6, Other",,,,,,[psychedelicuse_lifetimetot]>0,y,,,,,
psyched_primary_other,survey_perception_substance_use,,text,What psychedelic is that?,,,,,,,[psychedelic_primary] = '6',y,,,,,
sp_fraud_psi,survey_perception_substance_use,,radio,What is your preferred method of use of the above psychedelic?,"1, Smoked | 2, Vaporized | 3, Snorted | 4, Injected | 5, Blotter/tab | 6, Other",,,,,,[psychedelic_primary] = '1',y,,,,,
sp_fraud_lsd,survey_perception_substance_use,,radio,What is your preferred method of use of the above psychedelic?,"1, Smoked | 2, Vaporized | 3, Snorted | 4, Injected | 5, Other",,,,,,[psychedelic_primary] = '2',y,,,,,
sp_fraud_mesc,survey_perception_substance_use,,radio,What is your preferred method of use of the above psychedelic?,"1, Smoked | 2, Snorted | 3, Injected | 4, Lozenge | 5, Other",,,,,,[psychedelic_primary] = '3',y,,,,,
sp_fraud_dmt,survey_perception_substance_use,,radio,What is your preferred method of use of the above psychedelic?,"1, Pill + Monoamine oxidase inhibitor (MAOI; eg. Harmine) | 2, Pill (pure DMT) | 3, Injected | 4, Lozenge | 5, Blotter/tab | 6, Other",,,,,,[psychedelic_primary] = '4',y,,,,,
sp_fraud_5meo,survey_perception_substance_use,,radio,What is your preferred method of use of the above psychedelic?,"1, Injected | 2, Blotter/tab | 3, Pill | 4, Suppository | 5, Other",,,,,,[psychedelic_primary] = '5',y,,,,,
sp_type_recent,survey_perception_substance_use,,radio,"<div class=""rich-text-field-label""><p><span style=""font-weight: normal;"">Which <a href=""https://en.wikipedia.org/wiki/List_of_psychedelic_drugs"">serotonergic psychedelic</a> did you use</span> most recently<span style=""font-weight: normal;"">?</span></p></div>","1, Psilocybin (magic mushrooms) | 2, LSD | 3, Mescaline (peyote, san pedro) | 4, DMT (Ayahuasca, smoked) | 5, 5-MeO-DMT (bufo, toads) | 6, Other",,,,,,[psychedelicuse_lifetimetot]>0,y,,,,,
sp_type_recent_other,survey_perception_substance_use,,text,"<div class=""rich-text-field-label""><p><span style=""font-weight: normal;"">What <a href=""https://en.wikipedia.org/wiki/List_of_psychedelic_drugs"">serotonergic psychedelic</a> was it?</span></p></div>",,,,,,,[sp_type_recent] = '6',y,,,,,
psychedelic_age,survey_perception_substance_use,,text,"<div class=""rich-text-field-label""><p><span style=""font-weight: normal;"">At what </span>age <span style=""font-weight: normal;"">did you </span>first <span style=""font-weight: normal;"">use a <a href=""https://en.wikipedia.org/wiki/List_of_psychedelic_drugs"">serotonergic psychedelic</a>?</span></p></div>",,,integer,0,100,,[psychedelicuse_lifetimetot]>0,y,,,,,
psyched_yearsofuse,survey_perception_substance_use,,text,"<div class=""rich-text-field-label""><p><span style=""font-weight: normal;"">How many </span>years <span style=""font-weight: normal;"">in </span>total <span style=""font-weight: normal;"">have you used <a href=""https://en.wikipedia.org/wiki/List_of_psychedelic_drugs"">serotonergic psychedelic</a> (</span>EXCLUDING<span style=""font-weight: normal;""> microdoses)?</span></p></div>",,years,integer,0,90,,[psychedelicuse_lifetimetot]>0,y,,,,,
motivation,survey_perception_substance_use,,radio,"<div class=""rich-text-field-label""><p><span style=""font-weight: normal;"">Do you </span><em>mainly</em><span style=""font-weight: normal;""> use <a href=""https://en.wikipedia.org/wiki/List_of_psychedelic_drugs"">serotonergic psychedelic</a>s for </span>recreational<span style=""font-weight: normal;"">, </span>therapeutic,<span style=""font-weight: normal;""> or </span>spiritual <span style=""font-weight: normal;"">purposes?</span></p></div>","1, Recreational | 2, Therapeutic | 3, Both (neither more than the other) | 4, I do not use psychedelics | 5, Spiritual or Religious | 6, All Three (no one more than the others)",,,,,,[psychedelicuse_lifetimetot]>0,y,,,,,
perceived_benefit,survey_perception_substance_use,,slider,"<div class=""rich-text-field-label""><p><span style=""font-weight: normal;"">On a scale of 0 to 100, with 50 being no effect, </span>how has your psychedelic use affected your life/wellbeing?</p></div>",Harmful | No Effect | Beneficial,,number,0,100,,[psychedelicuse_lifetimetot]>0,y,LH,,,,
halos,survey_perception_substance_use,"Not counting times when (1) you were under the influence of another psychoactive drug or (2) you were in a trance, falling asleep, waking up, or had not slept in a long time, or (3) you were experiencing known symptoms of a psychotic spectrum disorder (schizophrenia, bipolar disorder, schizoaffective disorder, schizophreniform disorder, etc.) have you had a period in your life when -- FOLLOWING USE OF A SEROTONERGIC PSYCHEDELIC, AFTER YOU WERE NO LONGER HIGH -- you NEWLY experienced any of the following visual effects? (if you have not used a psychedelic, you may ignore this text)",radio,Halos or auras around things,"1, Yes | 0, No",,,,,,[psychedelicuse_lifetimetot]>0,y,,,persistingvisuals,,
moving,survey_perception_substance_use,,radio,"Stationary things appearing to move, breathe, grow, or shrink","1, Yes | 0, No",,,,,,[psychedelicuse_lifetimetot]>0,y,,,persistingvisuals,,
still,survey_perception_substance_use,,radio,Moving objects appear  to not be moving,"1, Yes | 0, No",,,,,,[psychedelicuse_lifetimetot]>0,y,,,persistingvisuals,,
trails,survey_perception_substance_use,,radio,Afterimages left behind moving objects,"1, Yes | 0, No",,,,,,[psychedelicuse_lifetimetot]>0,y,,,persistingvisuals,,
colors,survey_perception_substance_use,,radio,Brighter or more intense colors,"1, Yes | 0, No",,,,,,[psychedelicuse_lifetimetot]>0,y,,,persistingvisuals,,
pattern_open,survey_perception_substance_use,,radio,Seeing patterns or textures that aren't there with eyes open,"1, Yes | 0, No",,,,,,[psychedelicuse_lifetimetot]>0,y,,,persistingvisuals,,
pattern_closed,survey_perception_substance_use,,radio,Seeing patterns or textures with eyes closed,"1, Yes | 0, No",,,,,,[psychedelicuse_lifetimetot]>0,y,,,persistingvisuals,,
objects,survey_perception_substance_use,,radio,Seeing objects that aren't really there,"1, Yes | 0, No",,,,,,[psychedelicuse_lifetimetot]>0,y,,,persistingvisuals,,
oscillating,survey_perception_substance_use,,radio,"Increased intensity in oscillating or flashing lights (TV, light bulbs, etc.)","1, Yes | 0, No",,,,,,[psychedelicuse_lifetimetot]>0,y,,,persistingvisuals,,
grids,survey_perception_substance_use,,radio,"Distortion, movement, or patterns in grids, gratings, or closely spaced lines","1, Yes | 0, No",,,,,,[psychedelicuse_lifetimetot]>0,y,,,persistingvisuals,,
attention,survey_perception_substance_use,,radio,Noticing more things in your surrounding,"1, Yes | 0, No",,,,,,[psychedelicuse_lifetimetot]>0,y,,,persistingvisuals,,
different,survey_perception_substance_use,,radio,Things just looked/seemed different,"1, Yes | 0, No",,,,,,[psychedelicuse_lifetimetot]>0,y,,,persistingvisuals,,
different_description,survey_perception_substance_use,,notes,Can you please describe what  you mean by things looking different? ,,,,,,,[different] = '1',y,,,,,
persistvis_most,survey_perception_substance_use,,radio,Which effect was the most vivid/intense?,"13, I have never experienced any of the above visual effects | 1, Halos or auras around things | 2, Stationary things appearing to move, breathe, grow, or shrink | 3, Moving objects appear to not be moving | 4, Afterimages left behind moving objects | 5, Brighter or more intense colors | 6, Seeing patterns or textures that aren't there with eyes open | 7, Seeing patterns or textures that aren't there with eyes closed | 8, Seeing objects that aren't really there | 9, Increased intensity in oscillating or flashing lights (TV, lightbulbs, etc.) | 10, Distortion, movement, or patterns in grids, gratings, or closely spaced lines | 11, Noticing more things in your environment | 12, Things just looked different",,,,,,([psychedelicuse_lifetimetot]>0) and ([baggot_total]>0),y,,,,,
hppd_ever,survey_perception_substance_use,,yesno,"<div class=""rich-text-field-label""><p><span style=""font-weight: normal;"">Have you </span>ever<span style=""font-weight: normal;""> been diagnosed with </span><a href=""https://www.webmd.com/mental-health/hallucinogen-persisting-perception-disorder"">Hallucinogen Persisting Perception Disorder (HPPD)</a><span style=""font-weight: normal;"">? </span></p></div>",,,,,,,,y,,,,,
hppd_current,survey_perception_substance_use,,yesno,"<div class=""rich-text-field-label""><p><span style=""font-weight: normal;"">Are you </span>currently<span style=""font-weight: normal;""> living with </span><a href=""https://www.webmd.com/mental-health/hallucinogen-persisting-perception-disorder"">Hallucinogen Persisting Perception Disorder (HPPD)</a><span style=""font-weight: normal;"">? </span></p></div>",,,,,,,[hppd_ever]='   ',y,,,,,
baggot_total,survey_perception_substance_use,,calc,How many persisting visual symptoms were reported? ,[grids]+[moving]+[different]+[oscillating]+[halos]+[still]+[trails]+[colors]+[objects]+[pattern_open]+[pattern_closed],,,,,,,,,,,, @HIDDEN-SURVEY
persistvis_time,survey_perception_substance_use,,radio,What is the longest you experienced any of these visual effects after a serotonergic psychedelic?,"1, I've never experienced any visual effect the day after taking a psychedelic | 2, < 1 day | 3, 1 - 3 days | 4, 3 days - 1 week | 5, 1 week - 1 month | 6, 1 - 6 months | 7, 6 months - 1 year | 8, >1 year | 9, I still experience these effects",,,,,,([psychedelicuse_lifetimetot]>0) and ([baggot_total]>0),y,,,,,
persistvis_duration,survey_perception_substance_use,,radio,"Were these visual effects constant, present for brief spurts (minutes or seconds), or came and went in longer periods (hours to days)?","0, I have never had visual effects starting the day after taking a psychedelic | 1, Brief spurts (seconds to minutes) | 2, Longer periods (hours to days) | 3, Constant",,,,,,([psychedelicuse_lifetimetot]>0) and ([baggot_total]>0),y,,,,,
persistvis_vividness,survey_perception_substance_use,,slider,"<div class=""rich-text-field-label""><p><span style=""font-weight: normal;"">About how </span>vivid<span style=""font-weight: normal;""> would you describe your most vivid</span> <em>ABOVE </em><span style=""font-weight: normal;"">persisting visual</span> <span style=""font-weight: normal;"">experience? </span></p></div>","Unsure if there really was a visual effect |  | Indistinguishable from my normal vision (eg. even though you know the table is not breathing, it looks like the walls are genuinely breathing)",,number,0,100,,([psychedelicuse_lifetimetot]>0) and ([baggot_total]>0),y,LH,,,,
persistvis_psychdoses,survey_perception_substance_use,,text,"<div class=""rich-text-field-label""><p><span style=""font-weight: normal;"">About </span>how many times had you taken psychedelics<span style=""font-weight: normal;""> before you</span> first noticed <span style=""font-weight: normal;"">any of these visual effects?</span></p></div>",,,integer,1,1000,,([psychedelicuse_lifetimetot]>0) and ([baggot_total]>0),y,,,,,
persistvis_distress,survey_perception_substance_use,,radio,"Did these visual effects ever cause you any distress or make it hard to go about your life? (work, relationships, etc.)","1, Yes | 2, No | 3, NA",,,,,,([psychedelicuse_lifetimetot]>0) and ([baggot_total]>0),y,,,,,
persistvis_txseek,survey_perception_substance_use,,radio,Did you ever seek help for these visual effects?,"1, Yes | 2, No | 3, NA",,,,,,([psychedelicuse_lifetimetot]>0) and ([baggot_total]>0),y,,,,,
persist_hear_yn,survey_perception_substance_use,,yesno,"<div class=""rich-text-field-label""><p><span style=""font-weight: normal;"">Participants who have used psychedelics have reported fascinating, non-distressing hallucination-like visual experiences after using psychedelics (eg. breathing objects, moving patterns, more visual intensity, etc.). </span><br><span style=""font-weight: normal;"">We want to know about other sensory experiences people may have after using psychedelics outside just what they see. </span><br>Have you ever noted NEW unusual experiences in your <span style=""text-decoration: underline;""><span style=""font-size: 12pt;"">HEARING</span></span> (sounds, noises, audition, etc.) that started AFTER a psychedelic experience, when you were NO LONGER high?<span style=""font-weight: normal;""> </span><br><em><span style=""font-weight: normal;"">This does NOT count times when (1) you were under the influence of another psychoactive drug or (2) you were in a trance, falling asleep, waking up, or had not slept in a long time, or (3) you were experiencing known symptoms of a psychotic spectrum disorder (schizophrenia, bipolar disorder, schizoaffective disorder, schizophreniform disorder, etc.)</span> </em></p></div>",,,,,,,[psychedelicuse_lifetimetot]>0,y,,,,,
persist_hear_sxlist,survey_perception_substance_use,,notes,"Please list, in a numbered list, any changes you've had in your HEARING (sounds, noises, audition, etc.) in the days, weeks, or years after psychedelic use. Please provide as much detail surroudning the experience as you are willing to offer with regard to what the experience was, what triggered it, how long it lasted, how frequent it was, and how long you've had experiences like it since psychedelic use. You may also include additional details that you think may be worth noting. Please just include each on its own numbered line. 
    For example: 
    1. Processed foods tasted worse. This started after LSD when I was 22 and is present now. It is constant. 
    2. I randomly tasted metal three times after one DMT experience at 45. The last time this happened was 4 days after the DMT. It came out of the blue and lasted for 1-5 seconds...
    3. Etc.",,,,,,,[persist_hear_yn]='1',y,,,,,
persist_hear_most,survey_perception_substance_use,,text,Which effect was the most vivid/intense?,,,,,,,[persist_hear_yn] = '1',y,,,,,
persist_hear_time,survey_perception_substance_use,,radio,"What is the longest you experienced any of these unusual experiences with your HEARING (sounds, noises, audition, etc.) after a psychedelic?","1, I've never experienced any hearing effect the day after taking a psychedelic | 2, < 1 day | 3, 1 - 3 days | 4, 3 days - 1 week | 5, 1 week - 1 month | 6, 1 - 6 months | 7, 6 months - 1 year | 8, >1 year | 9, I still experience these effects",,,,,,[persist_hear_yn] = '1',y,,,,,
persist_hear_duration,survey_perception_substance_use,,radio,"Were these unusual experiences with your HEARING (sounds, noises, audition, etc.) constant, present for brief spurts (minutes or seconds), or came and went in longer periods (hours to days)?","1, Brief spurts (seconds to minutes) | 2, Longer periods (hours to days) | 3, Constant | 0, I have never had unusual experiences with my HEARING (sounds, noises, audition, etc.) starting the day after taking a psychedelic",,,,,,[persist_hear_yn] = '1',y,,,,,
persist_hear_psychdoses,survey_perception_substance_use,,text,"<div class=""rich-text-field-label""><p><span style=""font-weight: normal;"">About </span>how many times had you taken psychedelics<span style=""font-weight: normal;""> before you</span> first noticed <span style=""font-weight: normal;"">any of these unusual experiences with your HEARING (sounds, noises, audition, etc.)? </span><br>If you've never had this effect<span style=""font-weight: normal;""> or used psychedelics, please </span>type ""Na""</p></div>",,,integer,1,1000,,[persist_hear_yn] = '1',y,,,,,
persist_hear_distress,survey_perception_substance_use,,radio,"Did these unusual experiences with your HEARING (sounds, noises, audition, etc.) ever cause you any distress or make it hard to go about your life? (work, relationships, etc.)","1, Yes | 2, No | 3, NA",,,,,,[persist_hear_yn] = '1',y,,,,,
persist_hear_txseek,survey_perception_substance_use,,radio,"Did you ever seek help for these unusual experiences with your HEARING (sounds, noises, audition, etc.)?","1, Yes | 2, No | 3, NA",,,,,,[persist_hear_yn] = '1',y,,,,,
persist_touch_yn,survey_perception_substance_use,,yesno,"<div class=""rich-text-field-label""><p><span style=""font-weight: normal;"">Participants who have used psychedelics have reported fascinating, non-distressing hallucination-like visual experiences after using psychedelics (eg. breathing objects, moving patterns, more visual intensity, etc.). </span><br><span style=""font-weight: normal;"">We want to know about other sensory experiences people may have after using psychedelics outside just what they see. </span><br>Have you ever noted NEW unusual experiences in your <span style=""text-decoration: underline; font-size: 12pt;"">TOUCH</span> (physical feelings on skin/outside of your body, tactile sensations, etc.) that started AFTER a psychedelic experience, when you were NO LONGER high?<span style=""font-weight: normal;""> </span><br><em><span style=""font-weight: normal;"">This does NOT count times when (1) you were under the influence of another psychoactive drug or (2) you were in a trance, falling asleep, waking up, or had not slept in a long time, or (3) you were experiencing known symptoms of a psychotic spectrum disorder (schizophrenia, bipolar disorder, schizoaffective disorder, schizophreniform disorder, etc.) </span></em></p></div>",,,,,,,[psychedelicuse_lifetimetot]>0,y,,,,,
persist_touch_sxlist,survey_perception_substance_use,,notes,"Please list, in a numbered list, any changes you've had in your TOUCH (physical feelings on skin/outside of your body, tactile sensations, etc.) in the days, weeks, or years after psychedelic use. Please provide as much detail surroudning the experience as you are willing to offer with regard to what the experience was, what triggered it, how long it lasted, how frequent it was, and how long you've had experiences like it since psychedelic use. You may also include additional details that you think may be worth noting. Please just include each on its own numbered line. 
    For example: 
    1. Processed foods tasted worse. This started after LSD when I was 22 and is present now. It is constant. 
    2. I randomly tasted metal three times after one DMT experience at 45. The last time this happened was 4 days after the DMT. It came out of the blue and lasted for 1-5 seconds...
    3. Etc.",,,,,,,[persist_touch_yn] = '1',y,,,,,
persist_touch_most,survey_perception_substance_use,,text,Which effect was the most vivid/intense?,,,,,,,[persist_touch_yn] = '1',y,,,,,
persist_touch_time,survey_perception_substance_use,,radio,"What is the longest you experienced any of these unusual experiences with your TOUCH (physical feelings on skin/outside of your body, tactile sensations, etc.) after a psychedelic?","1, I've never experienced any tactile effect the day after taking a psychedelic | 2, < 1 day | 3, 1 - 3 days | 4, 3 days - 1 week | 5, 1 week - 1 month | 6, 1 - 6 months | 7, 6 months - 1 year | 8, >1 year | 9, I still experience these effects",,,,,,[persist_touch_yn] = '1',y,,,,,
persist_touch_duration,survey_perception_substance_use,,radio,"Were these unusual experiences with your TOUCH (physical feelings on skin/outside of your body, tactile sensations, etc.) constant, present for brief spurts (minutes or seconds), or came and went in longer periods (hours to days)?","1, Brief spurts (seconds to minutes) | 2, Longer periods (hours to days) | 3, Constant | 0, I have never had unusual experiences with my TOUCH (physical feelings on skin/outside of your body, tactile sensations, etc.) starting the day after taking a psychedelic",,,,,,[persist_touch_yn] = '1',y,,,,,
persist_touch_psychdoses,survey_perception_substance_use,,text,"<div class=""rich-text-field-label""><p><span style=""font-weight: normal;"">About </span>how many times had you taken psychedelics<span style=""font-weight: normal;""> before you</span> first noticed <span style=""font-weight: normal;"">any of these unusual experiences with your TOUCH (physical feelings on skin/outside of your body, tactile sensations, etc.)? </span><br>If you've never had this effect<span style=""font-weight: normal;""> or used psychedelics, please </span>type ""Na""</p></div>",,,integer,1,1000,,[persist_touch_yn] = '1',y,,,,,
persist_touch_distress,survey_perception_substance_use,,radio,"Did these unusual experiences with your TOUCH (physical feelings on skin/outside of your body, tactile sensations, etc.) ever cause you any distress or make it hard to go about your life? (work, relationships, etc.)","1, Yes | 2, No | 3, NA",,,,,,[persist_touch_yn] = '1',y,,,,,
persist_touch_txseek,survey_perception_substance_use,,radio,"Did you ever seek help for these unusual experiences with your TOUCH (physical feelings on skin/outside of your body, tactile sensations, etc.)?","1, Yes | 2, No | 3, NA",,,,,,[persist_touch_yn] = '1',y,,,,,
persist_taste_yn,survey_perception_substance_use,,yesno,"<div class=""rich-text-field-label""><p><span style=""font-weight: normal;"">Participants who have used psychedelics have reported fascinating, non-distressing hallucination-like visual experiences after using psychedelics (eg. breathing objects, moving patterns, more visual intensity, etc.). </span><br><span style=""font-weight: normal;"">We want to know about other sensory experiences people may have after using psychedelics outside just what they see. </span><br>Have you ever noted NEW unusual experiences in your <span style=""text-decoration: underline;""><span style=""font-size: 12pt;"">TASTE</span></span> (food, flavor, things on tongue, gustation, etc.) that started AFTER a psychedelic experience, when you were NO LONGER high?<span style=""font-weight: normal;""> </span><br><em><span style=""font-weight: normal;"">This does NOT count times when (1) you were under the influence of another psychoactive drug or (2) you were in a trance, falling asleep, waking up, or had not slept in a long time, or (3) you were experiencing known symptoms of a psychotic spectrum disorder (schizophrenia, bipolar disorder, schizoaffective disorder, schizophreniform disorder, etc.) </span></em></p></div>",,,,,,,[psychedelicuse_lifetimetot]>0,y,,,,,
persist_taste_sxlist,survey_perception_substance_use,,notes,"Please list, in a numbered list, any changes you've had in your TASTE (food, flavor, things on tongue, gustation, etc.) in the days, weeks, or years after psychedelic use. Please provide as much detail surroudning the experience as you are willing to offer with regard to what the experience was, what triggered it, how long it lasted, how frequent it was, and how long you've had experiences like it since psychedelic use. You may also include additional details that you think may be worth noting. Please just include each on its own numbered line. 
    For example: 
    1. Processed foods tasted worse. This started after LSD when I was 22 and is present now. It is constant. 
    2. I randomly tasted metal three times after one DMT experience at 45. The last time this happened was 4 days after the DMT. It came out of the blue and lasted for 1-5 seconds...
    3. Etc.",,,,,,,[persist_taste_yn] = '1',y,,,,,
persist_taste_most,survey_perception_substance_use,,text,Which effect was the most vivid/intense?,,,,,,,[persist_taste_yn] = '1',y,,,,,
persist_taste_time,survey_perception_substance_use,,radio,"What is the longest you experienced any of these unusual experiences with your TASTE (food, flavor, things on tongue, gustation, etc.) after a psychedelic?","1, I've never experienced any taste change the day after taking a psychedelic | 2, < 1 day | 3, 1 - 3 days | 4, 3 days - 1 week | 5, 1 week - 1 month | 6, 1 - 6 months | 7, 6 months - 1 year | 8, >1 year | 9, I still experience these effects",,,,,,[persist_taste_yn] = '1',y,,,,,
persist_taste_duration,survey_perception_substance_use,,radio,"Were these unusual experiences with your TASTE (food, flavor, things on tongue, gustation, etc.) constant, present for brief spurts (minutes or seconds), or came and went in longer periods (hours to days)?","1, Brief spurts (seconds to minutes) | 2, Longer periods (hours to days) | 3, Constant | 0, I have never had unusual experiences with my TASTE (food, flavor, things on tongue, gustation, etc.) starting the day after taking a psychedelic",,,,,,[persist_taste_yn] = '1',y,,,,,
persist_taste_psychdoses,survey_perception_substance_use,,text,"<div class=""rich-text-field-label""><p><span style=""font-weight: normal;"">About </span>how many times had you taken psychedelics<span style=""font-weight: normal;""> before you</span> first noticed <span style=""font-weight: normal;"">any of these unusual experiences with your TASTE (food, flavor, things on tongue, gustation, etc.)? </span><br>If you've never had this effect<span style=""font-weight: normal;""> or used psychedelics, please </span>type ""Na""</p></div>",,,integer,1,1000,,[persist_taste_yn] = '1',y,,,,,
persist_taste_distress,survey_perception_substance_use,,radio,"Did these unusual experiences with your TASTE (food, flavor, things on tongue, gustation, etc.) ever cause you any distress or make it hard to go about your life? (work, relationships, etc.)","1, Yes | 2, No | 3, NA",,,,,,[persist_taste_yn] = '1',y,,,,,
persist_taste_txseek,survey_perception_substance_use,,radio,"Did you ever seek help for these unusual experiences with your TASTE (food, flavor, things on tongue, gustation, etc.)?","1, Yes | 2, No | 3, NA",,,,,,[persist_taste_yn] = '1',y,,,,,
persist_smell_yn,survey_perception_substance_use,,yesno,"<div class=""rich-text-field-label""><p><span style=""font-weight: normal;"">Participants who have used psychedelics have reported fascinating, non-distressing hallucination-like visual experiences after using psychedelics (eg. breathing objects, moving patterns, more visual intensity, etc.). </span><br><span style=""font-weight: normal;"">We want to know about other sensory experiences people may have after using psychedelics outside just what they see. </span><br>Have you ever noted NEW unusual experiences in your <span style=""text-decoration: underline;""><span style=""font-size: 12pt;"">SMELL</span></span> (scents, olfaction, etc.) that started AFTER a psychedelic experience, when you were NO LONGER high? <br><em><span style=""font-weight: normal;"">This does NOT count times when (1) you were under the influence of another psychoactive drug or (2) you were in a trance, falling asleep, waking up, or had not slept in a long time, or (3) you were experiencing known symptoms of a psychotic spectrum disorder (schizophrenia, bipolar disorder, schizoaffective disorder, schizophreniform disorder, etc.) </span></em></p></div>",,,,,,,[psychedelicuse_lifetimetot]>0,y,,,,,
persist_smell_sxlist,survey_perception_substance_use,,notes,"Please list, in a numbered list, any changes you've had in your SMELL (scents, olfaction, etc.) in the days, weeks, or years after psychedelic use. Please provide as much detail surroudning the experience as you are willing to offer with regard to what the experience was, what triggered it, how long it lasted, how frequent it was, and how long you've had experiences like it since psychedelic use. You may also include additional details that you think may be worth noting. Please just include each on its own numbered line. 
    For example: 
    1. Processed foods tasted worse. This started after LSD when I was 22 and is present now. It is constant. 
    2. I randomly tasted metal three times after one DMT experience at 45. The last time this happened was 4 days after the DMT. It came out of the blue and lasted for 1-5 seconds...
    3. Etc.",,,,,,,[persist_smell_yn] = '1',y,,,,,
persist_smell_most,survey_perception_substance_use,,text,Which effect was the most vivid/intense?,,,,,,,[persist_smell_yn] = '1',y,,,,,
persist_smell_time,survey_perception_substance_use,,radio,"What is the longest you experienced any of these unusual experiences with your SMELL (scents, olfaction, etc.) after a psychedelic?","1, I've never experienced any smell change the day after taking a psychedelic | 2, < 1 day | 3, 1 - 3 days | 4, 3 days - 1 week | 5, 1 week - 1 month | 6, 1 - 6 months | 7, 6 months - 1 year | 8, >1 year | 9, I still experience these effects",,,,,,[persist_smell_yn] = '1',y,,,,,
persist_smell_duration,survey_perception_substance_use,,radio,"Were these unusual experiences with your SMELL (scents, olfaction, etc.) constant, present for brief spurts (minutes or seconds), or came and went in longer periods (hours to days)?","1, Brief spurts (seconds to minutes) | 2, Longer periods (hours to days) | 3, Constant | 0, I have never had unusual experiences with my SMELL (scents, olfaction, etc.) starting the day after taking a psychedelic",,,,,,[persist_smell_yn] = '1',y,,,,,
persist_smell_psychdoses,survey_perception_substance_use,,text,"<div class=""rich-text-field-label""><p><span style=""font-weight: normal;"">About </span>how many times had you taken psychedelics<span style=""font-weight: normal;""> before you</span> first noticed <span style=""font-weight: normal;"">any of these unusual experiences with your SMELL (scents, olfaction, etc.)? </span><br>If you've never had this effect<span style=""font-weight: normal;""> or used psychedelics, please </span>type ""Na""</p></div>",,,integer,1,1000,,[persist_smell_yn] = '1',y,,,,,
persist_smell_distress,survey_perception_substance_use,,radio,"Did these unusual experiences with your SMELL (scents, olfaction, etc.) ever cause you any distress or make it hard to go about your life? (work, relationships, etc.)","1, Yes | 2, No | 3, NA",,,,,,[persist_smell_yn] = '1',y,,,,,
persist_smell_txseek,survey_perception_substance_use,,radio,"Did you ever seek help for these unusual experiences with your SMELL (scents, olfaction, etc.)?","1, Yes | 2, No | 3, NA",,,,,,[persist_smell_yn] = '1',y,,,,,
persist_interoception_yn,survey_perception_substance_use,,yesno,"<div class=""rich-text-field-label""><p><span style=""font-weight: normal;"">Participants who have used psychedelics have reported fascinating, non-distressing hallucination-like visual experiences after using psychedelics (eg. breathing objects, moving patterns, more visual intensity, etc.). </span><br><span style=""font-weight: normal;"">We want to know about other sensory experiences people may have after using psychedelics outside just what they see. </span><br>Have you ever noted NEW unusual experiences in your <span style=""text-decoration: underline; font-size: 12pt;"">INTERNAL FEELINGS</span> (feelings on the inside of your body, interoception, your heart, your guts, your lungs, etc.) that started AFTER a psychedelic experience, when you were NO LONGER high? <br><em><span style=""font-weight: normal;"">This does NOT count times when (1) you were under the influence of another psychoactive drug or (2) you were in a trance, falling asleep, waking up, or had not slept in a long time, or (3) you were experiencing known symptoms of a psychotic spectrum disorder (schizophrenia, bipolar disorder, schizoaffective disorder, schizophreniform disorder, etc.) </span></em></p></div>",,,,,,,[psychedelicuse_lifetimetot]>0,y,,,,,
persist_interoception_sxlist,survey_perception_substance_use,,notes,"Please list, in a numbered list, any changes you've had in your INTERNAL FEELINGS (feelings on the inside of your body, interoception, your heart, your guts, your lungs, etc.) in the days, weeks, or years after psychedelic use. Please provide as much detail surroudning the experience as you are willing to offer with regard to what the experience was, what triggered it, how long it lasted, how frequent it was, and how long you've had experiences like it since psychedelic use. You may also include additional details that you think may be worth noting. Please just include each on its own numbered line. 
    For example: 
    1. Processed foods tasted worse. This started after LSD when I was 22 and is present now. It is constant. 
    2. I randomly tasted metal three times after one DMT experience at 45. The last time this happened was 4 days after the DMT. It came out of the blue and lasted for 1-5 seconds...
    3. Etc.",,,,,,,[persist_interoception_yn] = '1',y,,,,,
persist_interoception_most,survey_perception_substance_use,,text,Which effect was the most vivid/intense?,,,,,,,[persist_interoception_yn] = '1',y,,,,,
persist_interoception_time,survey_perception_substance_use,,radio,"What is the longest you experienced any of these unusual experiences with your INTERNAL FEELINGS (feelings on the inside of your body, interoception, your heart, your guts, your lungs, etc.) after a psychedelic?","1, I've never experienced any interoceptive effect the day after taking a psychedelic | 2, < 1 day | 3, 1 - 3 days | 4, 3 days - 1 week | 5, 1 week - 1 month | 6, 1 - 6 months | 7, 6 months - 1 year | 8, >1 year | 9, I still experience these effects",,,,,,[persist_interoception_yn] = '1',y,,,,,
persist_interoception_duration,survey_perception_substance_use,,radio,"Were these unusual experiences with your INTERNAL FEELINGS (feelings on the inside of your body, interoception, your heart, your guts, your lungs, etc.) constant, present for brief spurts (minutes or seconds), or came and went in longer periods (hours to days)?","1, Brief spurts (seconds to minutes) | 2, Longer periods (hours to days) | 3, Constant | 0, I have never had unusual experiences with my INTERNAL FEELINGS (feelings on the inside of your body, interoception, your heart, your guts, your lungs, etc.) starting the day after taking a psychedelic",,,,,,[persist_interoception_yn] = '1',y,,,,,
persist_interoception_psychdoses,survey_perception_substance_use,,text,"<div class=""rich-text-field-label""><p><span style=""font-weight: normal;"">About </span>how many times had you taken psychedelics<span style=""font-weight: normal;""> before you</span> first noticed <span style=""font-weight: normal;"">any of these unusual experiences with your INTERNAL FEELINGS (feelings on the inside of your body, interoception, your heart, your guts, your lungs, etc.)? </span><br><br></p></div>",,,integer,1,1000,,[persist_interoception_yn] = '1',y,,,,,
persist_interoception_distress,survey_perception_substance_use,,radio,"Did these unusual experiences with your INTERNAL FEELINGS (feelings on the inside of your body, interoception, your heart, your guts, your lungs, etc.) ever cause you any distress or make it hard to go about your life? (work, relationships, etc.)","1, Yes | 2, No | 3, NA",,,,,,[persist_interoception_yn] = '1',y,,,,,
persist_interoception_txseek,survey_perception_substance_use,,radio,"Did you ever seek help for these unusual experiences with your INTERNAL FEELINGS (feelings on the inside of your body, interoception, your heart, your guts, your lungs, etc.)?","1, Yes | 2, No | 3, NA",,,,,,[persist_interoception_yn] = '1',y,,,,,
persist_comments1,survey_perception_substance_use,,notes,"Please use this space if you'd like to share anything else with us about how your perceptual experiences (seeing, hearing, tasting, smelling, feeling, etc.) have changes since taking your last dose of a psychedelic. ",,,,,,,[psychedelicuse_lifetimetot]>0,,,,,,
sp_fraud,survey_perception_substance_use,,checkbox,Which of these side effects do you experience often (>75% of the time) while using psychedelics? ,"1, Dry mouth | 2, Very slow heart rate | 3, Slowed breathing | 4, Constipation | 5, Sexual arousal | 6, Jaw Clenching + jaw soreness | 7, Increased appetite | 8, NONE OF THESE",,,,,,"[psychedelicuse_lifetimetot]>0 and [cope_pw]=""spfraudshowme""",,,,,,
sp_fraud_aes,survey_perception_substance_use,,checkbox,"<div class=""rich-text-field-label""><p><span style=""font-weight: normal;"">Which of these </span>common<span style=""font-weight: normal;""> </span>side effects<span style=""font-weight: normal;""> do you </span>USUALLY<span style=""font-weight: normal;""> (>75% of the time) experience </span>while<span style=""font-weight: normal;""> using </span>psychedelics<span style=""font-weight: normal;"">?</span></p></div>","1, Blacking out (falling asleep and losing memory) | 2, Small, ""pin-point"" pupils | 3, Hunger and ""binge"" eating (eating much, much more than you usually would) | 4, Severe constipation lasting days after use | 5, Gum Bleeding | 6, NONE OF THESE",,,,,,[psychedelicuse_lifetimetot]>0,y,,,,,
alc_sincescreen,survey_perception_substance_use,"<div class=""rich-text-field-label""><p>Module: Other Substance Use</p> <p><em>YOU ARE DOING GREAT! <span style=""font-weight: normal;"">You</span> <span style=""font-weight: normal;"">are almost past the hump! Remember -- you have 72 hours so it's OK to take a break!</span></em></p> <p><em><span style=""font-weight: normal;"">This is the LAST of the hard questions about estimating past drug use -- THE QUESTIONNAIRES AFTER THIS SECTION ARE MUCH MUCH EASIER!  </span></em></p></div>
 First set of questions -- have you used any of the drugs below SINCE YOU DID THE SCREENING SURVEY FOR THIS STUDY? 
<em>Your Questionnaires Progress:</em></p> <div class=""progress"" style=""height: 15px; width: 50%;"">
  <div class=""progress-bar"" style=""width: 50%;"" role=""progressbar"">50%</div> </div> <p> </p> <div style=""font-size: 8pt; font-family: cursive;""> </div> <p> </p></div>",radio,"Alcoholic beverages (beer, wine, liquor, etc.)","1, Yes | 2, No",,,,,,[alc_lifetime]='1',y,,,screen_use,,
coke_sincescreen,survey_perception_substance_use,,radio,"Cocaine (coke, crack, etc.)","1, Yes | 2, No",,,,,,[coke_lifetime]='1',y,,,screen_use,,
opioids_sincescreen,survey_perception_substance_use,,radio,"Opioids (heroin, morphine, methadone, codeine, etc.)  -- USED WITHOUT A PRESCRIPTION AND/OR FOR NON-PRESCRIBED PURPOSE ","1, Yes | 2, No",,,,,,[opioids_lifetime]='1',y,,,screen_use,,
pcp_sincescreen,survey_perception_substance_use,,radio,PCP (angel dust) or Ketamine (special K),"1, Yes | 2, No",,,,,,[pcp_lifetime]='1',y,,,screen_use,,
amph_sincescreen,survey_perception_substance_use,,radio,"Amphetamines or stimulants (speed, meth, Adderall, Ritalin, etc.) -- USED WITHOUT A PRESCRIPTION AND/OR FOR NON-PRESCRIBED PURPOSE ","1, Yes | 2, No",,,,,,[amph_lifetime]='1',y,,,screen_use,,
mdma_sincescreen,survey_perception_substance_use,,radio,"MDMA (ecstasy, molly)","1, Yes | 2, No",,,,,,[mdma_lifetime]='1',y,,,screen_use,,
ghb_sincescreen,survey_perception_substance_use,,radio,"Sedative-Hypnotics like Benzodiazepines or sleeping pills (Xanax, Valium, GHB, Ambien, etc.) -- USED WITHOUT A PRESCRIPTION AND/OR FOR NON-PRESCRIBED PURPOSE  ","1, Yes | 2, No",,,,,,[ghb_lifetime]='1',y,,,screen_use,,
inhalants_sincescreen,survey_perception_substance_use,,radio,"Inhalants (hydrocarbons only -- glue, gasoline, paint thinner, etc. NOT poppers or laughing gas/NO)","1, Yes | 2, No",,,,,,[inhalants_lifetime]='1',y,,,screen_use,,
halluc_sincescreen,survey_perception_substance_use,,radio,"Psychedelics (LSD, acid, mushrooms, DMT, etc.)","1, Yes | 2, No",,,,,,[halluc_lifetime]='1',y,,,screen_use,,
ibogaine_sincescreen,survey_perception_substance_use,,radio,Ibogaine (Iboga bush),"1, Yes | 2, No",,,,,,[ibogaine_lifetime]='1',y,,,screen_use,,
salvia_sincescreen,survey_perception_substance_use,,radio,"Salvia Divinorum (magic mint, diviner's sage)","1, Yes | 2, No",,,,,,[salvia_lifetime]='1',y,,,screen_use,,
scopoalmine_sincescreen,survey_perception_substance_use,,radio,"Scopolamine (""Devil's Breath"" -- psychoactive dose)","1, Yes | 2, No",,,,,,[scopoalmine_lifetime]='1',y,,,screen_use,,
dxm_sincescreen,survey_perception_substance_use,,radio,"Dextromethorphan/DXM (""Robotripping"" -- psychoactive dose)","1, Yes | 2, No",,,,,,[dxm_lifetime]='1',y,,,screen_use,,
other_sincescreen,survey_perception_substance_use,,radio,Other,"1, Yes | 2, No",,,,,,[other_lifetime]='1',y,,,screen_use,,
othersincescreenspecify,survey_perception_substance_use,,text,"<div class=""rich-text-field-label""><p>Please specify the other substance here:</p></div>",,,,,,,[other_sincescreen]='1',y,,,,,
mj_dayslastuse_abstained,survey_perception_substance_use,,text,"How many days has it been since you last used cannabis?
(if more than 1 month, it is fine to estimate)",,,number,1,,,[cb_email_yn]='1',y,,,,,
alc_dayslastuse_sincescreen,survey_perception_substance_use,,text,"<div class=""rich-text-field-label""><p>About how many days has it been since you last used alcohol?</p></div>",,1 year = 365 days; 1 month = 30 days; 1 week = 7 days,integer,1,,,[alc_sincescreen]='1',y,,,,,
coke_dayslastuse_sincescreen,survey_perception_substance_use,,text,"<div class=""rich-text-field-label""><p>About how many days has it been since you last used Cocaine or Crack?</p></div>",,1 year = 365 days; 1 month = 30 days; 1 week = 7 days,integer,1,,,[coke_sincescreen]='1',y,,,,,
opiates_dayslastuse_sincescreen,survey_perception_substance_use,,text,"<div class=""rich-text-field-label""><p>About how many days has it been since you last used opioids?</p></div>",,1 year = 365 days; 1 month = 30 days; 1 week = 7 days,integer,1,,,[opioids_sincescreen]='1',y,,,,,
pcp_dayslastuse_sincescreen,survey_perception_substance_use,,text,"<div class=""rich-text-field-label""><p>About how many days has it been since you last used PCP or ketamine?</p></div>",,1 year = 365 days; 1 month = 30 days; 1 week = 7 days,integer,1,,,[pcp_sincescreen]='1',y,,,,,
amph_dayslastuse_sincescreen,survey_perception_substance_use,,text,"<div class=""rich-text-field-label""><p>About how many days has it been since you last used amphetamines or stimulants?</p></div>",,1 year = 365 days; 1 month = 30 days; 1 week = 7 days,integer,1,,,[amph_sincescreen]='1',y,,,,,
mdma_dayslastuse_sincescreen,survey_perception_substance_use,,text,"<div class=""rich-text-field-label""><p>About how many days has it been since you last used MDMA (ecstasy, molly, X)?</p></div>",,1 year = 365 days; 1 month = 30 days; 1 week = 7 days,integer,1,,,[mdma_sincescreen]='1',y,,,,,
ghb_dayslastuse_sincescreen,survey_perception_substance_use,,text,"<div class=""rich-text-field-label""><p>About how many days has it been since you last used benzodiazepines, depressants, or sleeping pills?</p></div>",,1 year = 365 days; 1 month = 30 days; 1 week = 7 days,integer,1,,,[ghb_sincescreen]='1',y,,,,,
huffing_dayslastuse_sincescreen,survey_perception_substance_use,,text,"<div class=""rich-text-field-label""><p dir=""ltr"">About how many days has it been since you last used inhalants?</p></div>",,1 year = 365 days; 1 month = 30 days; 1 week = 7 days,integer,1,,,[inhalants_sincescreen]='1',y,,,,,
ibogaine_dayslastuse_sincescreen,survey_perception_substance_use,,text,"<div class=""rich-text-field-label""><p dir=""ltr"">About how many days has it been since you last used ibogaine?</p></div>",,1 year = 365 days; 1 month = 30 days; 1 week = 7 days,integer,1,,,[ibogaine_sincescreen]='1',y,,,,,
salvia_dayslastuse_sincescreen,survey_perception_substance_use,,text,"<div class=""rich-text-field-label""><p dir=""ltr"">About how many days has it been since you last used Salvia Divinorum?</p></div>",,1 year = 365 days; 1 month = 30 days; 1 week = 7 days,integer,1,,,[salvia_sincescreen]='1',y,,,,,
scopolamine_dayslastuse_sincescreen,survey_perception_substance_use,,text,"<div class=""rich-text-field-label""><p dir=""ltr"">About how many days has it been since you last used psychoactive doses of scopolamine?</p></div>",,1 year = 365 days; 1 month = 30 days; 1 week = 7 days,integer,1,,,[scopoalmine_sincescreen]='1',y,,,,,
dxm_dayslastuse_sincescreen,survey_perception_substance_use,,text,"<div class=""rich-text-field-label""><p dir=""ltr"">About how many days has it been since you last used psychoactive doses of DXM (robotripping)?</p></div>",,1 year = 365 days; 1 month = 30 days; 1 week = 7 days,integer,1,,,[dxm_sincescreen]='1',y,,,,,
other_dayslastuse_sincescreen,survey_perception_substance_use,,text,"<div class=""rich-text-field-label""><p>About how many days has it been since you last used the other substance you specified?</p></div>",,1 year = 365 days; 1 month = 30 days; 1 week = 7 days,integer,1,,,[other_sincescreen]='1',y,,,,,
tob_dp,survey_perception_substance_use,"Have you ever sought treatment for problems related to your use of any of the following substances?

<div class=""rich-text-field-label""></div>",radio,Tobacco or e-cigarette products,"1, Yes | 2, No",,,,,,,y,,,treatmentsought,,
alc_dp,survey_perception_substance_use,,radio,"Alcoholic beverages (beer, wine, liquor, etc.)","1, Yes | 2, No",,,,,,[alc_lifetime]='1',y,,,treatmentsought,,
mj_dp,survey_perception_substance_use,,radio,"Cannabis (Marijuana, pot, weed, hash, THC, etc.)","1, Yes | 2, No",,,,,,[mj_lifetime]='1',y,,,treatmentsought,,
coke_dp,survey_perception_substance_use,,radio,"Cocaine (coke, crack, etc.)","1, Yes | 2, No",,,,,,[coke_lifetime]='1',y,,,treatmentsought,,
opioids_dp,survey_perception_substance_use,,radio,"Opioids (heroin, morphine, methadone, codeine, etc.)  -- USED WITHOUT A PRESCRIPTION AND/OR FOR NON-PRESCRIBED PURPOSE ","1, Yes | 2, No",,,,,,[opioids_lifetime]='1',y,,,treatmentsought,,
pcp_dp,survey_perception_substance_use,,radio,PCP (angel dust) or Ketamine (special K),"1, Yes | 2, No",,,,,,[pcp_lifetime]='1',y,,,treatmentsought,,
amph_dp,survey_perception_substance_use,,radio,"Amphetamines or stimulants (speed, meth, Adderall, Ritalin, etc.) -- USED WITHOUT A PRESCRIPTION AND/OR FOR NON-PRESCRIBED PURPOSE ","1, Yes | 2, No",,,,,,[amph_lifetime]='1',y,,,treatmentsought,,
mdma_dp,survey_perception_substance_use,,radio,"MDMA (ecstasy, molly)","1, Yes | 2, No",,,,,,[mdma_lifetime]='1',y,,,treatmentsought,,
ghb_dp,survey_perception_substance_use,,radio,"Sedative-Hypnotics like Benzodiazepines or sleeping pills (Xanax, Valium, GHB, Ambien, etc.) -- USED WITHOUT A PRESCRIPTION AND/OR FOR NON-PRESCRIBED PURPOSE  ","1, Yes | 2, No",,,,,,[ghb_lifetime]='1',y,,,treatmentsought,,
inhalants_dp,survey_perception_substance_use,,radio,"Inhalants (hydrocarbons only -- glue, gasoline, paint thinner, etc. NOT poppers or laughing gas/NO)","1, Yes | 2, No",,,,,,[inhalants_lifetime]='1',y,,,treatmentsought,,
halluc_dp,survey_perception_substance_use,,radio,"Psychedelics (LSD, acid, mushrooms, DMT, etc.)","1, Yes | 2, No",,,,,,[halluc_lifetime]='1',y,,,treatmentsought,,
ibogaine_dp,survey_perception_substance_use,,radio,Ibogaine (Iboga bush),"1, Yes | 2, No",,,,,,[ibogaine_lifetime]='1',y,,,treatmentsought,,
salvia_dp,survey_perception_substance_use,,radio,"Salvia Divinorum (magic mint, diviner's sage)","1, Yes | 2, No",,,,,,[salvia_lifetime]='1',y,,,treatmentsought,,
scopolamine_dp,survey_perception_substance_use,,radio,"Scopolamine (""Devil's Breath"" -- psychoactive dose)","1, Yes | 2, No",,,,,,[scopoalmine_lifetime]='1',y,,,treatmentsought,,
dxm_dp,survey_perception_substance_use,,radio,"Dextromethorphan/DXM (""Robotripping"" -- psychoactive dose)","1, Yes | 2, No",,,,,,[dxm_lifetime]='1',y,,,treatmentsought,,
other_dp,survey_perception_substance_use,,radio,Other,"1, Yes | 2, No",,,,,,[other_lifetime]='1',y,,,treatmentsought,,
alc_age,survey_perception_substance_use,,text,"<div class=""rich-text-field-label""><p>At what age did you first drink alcohol?</p></div>",,,integer,0,100,,[alc_lifetime]='1',y,,,,,
mj_age,survey_perception_substance_use,,text,"<div class=""rich-text-field-label""><p>At what age did you first use cannabis?</p></div>",,,integer,0,100,,[mj_lifetime]='1',y,,,,,
coke_age,survey_perception_substance_use,,text,"<div class=""rich-text-field-label""><p>At what age did you first use Cocaine or Crack?</p></div>",,,integer,0,100,,[coke_lifetime]='1',y,,,,,
opiates_age,survey_perception_substance_use,,text,"<div class=""rich-text-field-label""><p>At what age did you first use opioids?</p></div>",,,integer,0,100,,[opioids_lifetime]='1',y,,,,,
pcp_age,survey_perception_substance_use,,text,"<div class=""rich-text-field-label""><p>At what age did you first use PCP or ketamine?</p></div>",,,integer,0,100,,[pcp_lifetime]='1',y,,,,,
amph_age,survey_perception_substance_use,,text,"<div class=""rich-text-field-label""><p>At what age did you first use amphetamines or stimulants?</p></div>",,,integer,0,100,,[amph_lifetime]='1',y,,,,,
mdma_age,survey_perception_substance_use,,text,"<div class=""rich-text-field-label""><p>At what age did you first use MDMA (ecstasy, molly)?</p></div>",,,integer,0,100,,[mdma_lifetime]='1',y,,,,,
ghb_age,survey_perception_substance_use,,text,"<div class=""rich-text-field-label""><p>At what age did you first use benzodiazepines, depressants, or sleeping pills?</p></div>",,,integer,0,100,,[ghb_lifetime]='1',y,,,,,
huffing_age,survey_perception_substance_use,,text,"<div class=""rich-text-field-label""><p dir=""ltr"">At what age did you first use inhalants?</p></div>",,,integer,0,100,,[inhalants_lifetime]='1',y,,,,,
ibogaine_age,survey_perception_substance_use,,text,"<div class=""rich-text-field-label""><p dir=""ltr"">At what age did you first use ibogaine?</p></div>",,,integer,0,100,,[ibogaine_lifetime]='1',y,,,,,
salvia_age,survey_perception_substance_use,,text,"<div class=""rich-text-field-label""><p dir=""ltr"">At what age did you first use Salvia Divinorum?</p></div>",,,integer,0,100,,[salvia_lifetime]='1',y,,,,,
scopolamine_age,survey_perception_substance_use,,text,"<div class=""rich-text-field-label""><p dir=""ltr"">At what age did you first use psychoactive doses of Scopolamine?</p></div>",,,integer,0,100,,[scopoalmine_lifetime]='1',y,,,,,
dxm_age,survey_perception_substance_use,,text,"<div class=""rich-text-field-label""><p dir=""ltr"">At what age did you first use psychoactive doses of DXM (robotripping)?</p></div>",,,integer,0,100,,[dxm_lifetime]='1',y,,,,,
other_age,survey_perception_substance_use,,text,"<div class=""rich-text-field-label""><p>At what age did you first use the other substance you specified?</p></div>",,,integer,0,100,,[other_lifetime]='1',y,,,,,
pcp_life_amnt,survey_perception_substance_use,,text,"<div class=""rich-text-field-label""><p>Approximately how many times have you used PCP or ketamine in your life?</p></div>",,It is OK to estimate if it is well over 20!,integer,0,,,[pcp_lifetime]='1',y,,,,,
mdma_life_amnt,survey_perception_substance_use,,text,"<div class=""rich-text-field-label""><p>Approximately how many times have you used MDMA (ecstasy, molly, X) in your life?</p></div>",,It is OK to estimate if it is well over 20!,integer,0,,,[mdma_lifetime]='1',y,,,,,
ibogaine_life_amnt,survey_perception_substance_use,,text,"<div class=""rich-text-field-label""><p dir=""ltr"">Approximately how many times have you used ibogaine in your life?</p></div>",,It is OK to estimate if it is well over 20!,integer,0,,,[ibogaine_lifetime]='1',y,,,,,
salvia_life_amnt,survey_perception_substance_use,,text,"<div class=""rich-text-field-label""><p dir=""ltr"">Approximately how many times have you used Salvia Divinorum in your life?</p></div>",,It is OK to estimate if it is well over 20!,integer,0,,,[salvia_lifetime]='1',y,,,,,
scopolamine_life_amnt,survey_perception_substance_use,,text,"<div class=""rich-text-field-label""><p dir=""ltr"">Approximately how many times have you used psychoactive doses of scopolamine in your life?</p></div>",,It is OK to estimate if it is well over 20!,integer,0,,,[scopoalmine_lifetime]='1',y,,,,,
dxm_life_amnt,survey_perception_substance_use,,text,"<div class=""rich-text-field-label""><p dir=""ltr"">Approximately how many times have you used psychoactive doses of DXM (robotripping) in your life?</p></div>",,It is OK to estimate if it is well over 20!,integer,0,,,[dxm_lifetime]='1',y,,,,,
alc_month,survey_perception_substance_use,,text,"<div class=""rich-text-field-label""><p>Approximately how many times have you used alcohol in the past month (30 days)?</p></div>",,,integer,0,500,,[alc_lifetime]='1',y,,,,,
mj_month,survey_perception_substance_use,,text,"<div class=""rich-text-field-label""><p>Approximately how many times have you used Cannabis in the past month?</p></div>",,,integer,0,500,,[mj_lifetime]='1',y,,,,,
coke_month,survey_perception_substance_use,,text,"<div class=""rich-text-field-label""><p>Approximately how many times have you used Cocaine or Crack in the past month (30 days)?</p></div>",, ,integer,0,500,,[coke_lifetime]='1',y,,,,,
opiates_month,survey_perception_substance_use,,text,"<div class=""rich-text-field-label""><p>Approximately how many times have you used opioids in the past month (30 days)?</p></div>",, ,integer,0,500,,[opioids_lifetime]='1',y,,,,,
pcp_month,survey_perception_substance_use,,text,"<div class=""rich-text-field-label""><p>Approximately how many times have you used PCP or ketamine in the past month (30 days)?</p></div>",, ,integer,0,500,,[pcp_lifetime]='1',y,,,,,
amph_month,survey_perception_substance_use,,text,"<div class=""rich-text-field-label""><p>Approximately how many times have you used amphetamines or stimulants in the past month (30 days)?</p></div>",, ,integer,0,500,,[amph_lifetime]='1',y,,,,,
mdma_month,survey_perception_substance_use,,text,"<div class=""rich-text-field-label""><p>Approximately how many times have you used MDMA (ecstasy, molly, X) in the past month (30 days)?</p></div>",, ,integer,0,500,,[mdma_lifetime]='1',y,,,,,
ghb_month,survey_perception_substance_use,,text,"<div class=""rich-text-field-label""><p>Approximately how many times have you used benzodiazepines, depressants, or sleeping pills in the past month (30 days)?</p></div>",, ,integer,0,500,,[ghb_lifetime]='1',y,,,,,
huffing_month,survey_perception_substance_use,,text,"<div class=""rich-text-field-label""><p dir=""ltr"">Approximately how many times have you used inhalants in the past month (30 days)?</p></div>",, ,integer,0,500,,[inhalants_lifetime]='1',y,,,,,
ibogaine_month,survey_perception_substance_use,,text,"<div class=""rich-text-field-label""><p dir=""ltr"">Approximately how many times have you used ibogaine in the past month (30 days)?</p></div>",, ,integer,0,500,,[ibogaine_lifetime]='1',y,,,,,
salvia_month,survey_perception_substance_use,,text,"<div class=""rich-text-field-label""><p dir=""ltr"">Approximately how many times have you used Salvia Divinorum in the past month (30 days)?</p></div>",, ,integer,0,500,,[salvia_lifetime]='1',y,,,,,
scopolamine_month,survey_perception_substance_use,,text,"<div class=""rich-text-field-label""><p dir=""ltr"">Approximately how many times have you used psychoactive doses of scopolamine in the past month (30 days)?</p></div>",, ,integer,0,500,,[scopoalmine_lifetime]='1',y,,,,,
dxm_month,survey_perception_substance_use,,text,"<div class=""rich-text-field-label""><p dir=""ltr"">Approximately how many times have you used psychoactive doses of DXM (robotripping) in the past month (30 days)?</p></div>",, ,integer,0,500,,[dxm_lifetime]='1',y,,,,,
other_month,survey_perception_substance_use,,text,"<div class=""rich-text-field-label""><p>Approximately how many times have you used the other substance you specified in the past month (30 days)?</p></div>",, ,integer,0,500,,[other_lifetime]='1',y,,,,,
alc_6month,survey_perception_substance_use,,text,"<div class=""rich-text-field-label""><p>Approximately how many times have you used alcohol in the past 6 months?</p></div>",,"If high, consider how often you use per week and multiply this number by 26",integer,0,3000,,[alc_lifetime]='1',y,,,,,
mj_6month,survey_perception_substance_use,,text,"<div class=""rich-text-field-label""><p>Approximately how many times have you used Cannabis in the past 6 months?</p></div>",,"If high, consider how often you use per week and multiply this number by 26",integer,0,3000,,[mj_lifetime]='1',y,,,,,
coke_6month,survey_perception_substance_use,,text,"<div class=""rich-text-field-label""><p dir=""ltr"">Approximately how many times have you used Cocaine or Crack in the last 6 months?</p></div>",,"If high, consider how often you use per week and multiply this number by 26",integer,0,3000,,[coke_lifetime]='1',y,,,,,
opiates_6month,survey_perception_substance_use,,text,"<div class=""rich-text-field-label""><p dir=""ltr"">Approximately how many times have you used Opioids in the last 6 months?</p></div>",,"If high, consider how often you use per week and multiply this number by 26",integer,0,3000,,[opioids_lifetime]='1',y,,,,,
pcp_6month,survey_perception_substance_use,,text,"<div class=""rich-text-field-label""><p dir=""ltr"">Approximately how many times have you used psychoactive doses of Scopolamine in the last 6 months?</p></div>",,"If high, consider how often you use per week and multiply this number by 26",integer,0,3000,,[pcp_lifetime]='1',y,,,,,
amph_6month,survey_perception_substance_use,,text,"<div class=""rich-text-field-label""><p dir=""ltr"">Approximately how many times have you used psychoactive doses of DXM (""robotripping"") in the last 6 months?</p></div>",,"If high, consider how often you use per week and multiply this number by 26",integer,0,3000,,[amph_lifetime]='1',y,,,,,
mdma_6month,survey_perception_substance_use,,text,"<div class=""rich-text-field-label""><p>Approximately how many times have you used MDMA (ecstasy, molly, X) in the last 6 months?</p></div>",,"If high, consider how often you use per week and multiply this number by 26",integer,0,3000,,[mdma_lifetime]='1',y,,,,,
ghb_6month,survey_perception_substance_use,,text,"<div class=""rich-text-field-label""><p>Approximately how many times have you used benzodiazepines, depressants, or sleeping pills in the last 6 months?</p></div>",,"If high, consider how often you use per week and multiply this number by 26",integer,0,3000,,[ghb_lifetime]='1',y,,,,,
huffing_6month,survey_perception_substance_use,,text,"<div class=""rich-text-field-label""><p dir=""ltr"">Approximately how many times have you used inhalants in the last 6 months?</p></div>",,"If high, consider how often you use per week and multiply this number by 26",integer,0,3000,,[inhalants_lifetime]='1',y,,,,,
ibogaine_6month,survey_perception_substance_use,,text,"<div class=""rich-text-field-label""><p dir=""ltr"">Approximately how many times have you used ibogaine in the last 6 months?</p></div>",,"If high, consider how often you use per week and multiply this number by 26",integer,0,3000,,[ibogaine_lifetime]='1',y,,,,,
salvia_6month,survey_perception_substance_use,,text,"<div class=""rich-text-field-label""><p dir=""ltr"">Approximately how many times have you used Salvia Divinorum in the last 6 months?</p></div>",,"If high, consider how often you use per week and multiply this number by 26",integer,0,3000,,[salvia_lifetime]='1',y,,,,,
scopolamine_6month,survey_perception_substance_use,,text,"<div class=""rich-text-field-label""><p dir=""ltr"">Approximately how many times have you used psychoactive doses of scopolamine in the last 6 months?</p></div>",,"If high, consider how often you use per week and multiply this number by 26",integer,0,3000,,[scopoalmine_lifetime]='1',y,,,,,
dxm_6month,survey_perception_substance_use,,text,"<div class=""rich-text-field-label""><p dir=""ltr"">Approximately how many times have you used psychoactive doses of DXM (robotripping) in the last 6 months?</p></div>",,"If high, consider how often you use per week and multiply this number by 26",integer,0,3000,,[dxm_lifetime]='1',y,,,,,
other_6month,survey_perception_substance_use,,text,"<div class=""rich-text-field-label""><p>Approximately how many times have you used the other substance you specified in the last 6 months?</p></div>",,"If high, consider how often you use per week and multiply this number by 26",integer,0,3000,,[other_lifetime]='1',y,,,,,
alc_hpfreq,survey_perception_substance_use,"<div class=""rich-text-field-label""><p>For each substance, please think of the time in your life that you used it the most regularly or in the largest amounts. For serotonergic psychedelics, please only consider macrodoses unless you have only used microdoses. We will refer to this as your <u>period of heaviest use.</u> 

This may not be obvious for substances you have used consistently for a long time or have only used infrequently, but that is okay. It is perfectly acceptable to report infrequent use over a long period of time, and for some substances, this period may be happening now.</p> <p>To the best of your ability, please give us a sense of your period of heaviest use as you would define it with the following questions.</p></div>

During your period of heaviest use, about how frequently did you use these substances?",radio,"Alcoholic beverages (beer, wine, liquor, etc.)","1, Once a year or less | 2, Once every 2-6 months | 3, Once a month | 4, 2-3 times a month | 5, 1-2 times per week | 6, 3-4 times a week | 7, Almost daily | 8, Daily | 9, More than once a day",,,,,,[alc_lifetime] = '1' and [student_yn] = '0',y,,,heaviestperiodfreq,,
mj_hpfreq,survey_perception_substance_use,,radio,"Cannabis (marijuana, pot, weed, hash, THC, etc.)","1, Once a year or less | 2, Once every 2-6 months | 3, Once a month | 4, 2-3 times a month | 5, 1-2 times per week | 6, 3-4 times a week | 7, Almost daily | 8, Daily | 9, More than once a day",,,,,,[mj_lifetime]='1' and [student_yn] = '0',y,,,heaviestperiodfreq,,
coke_hpfreq,survey_perception_substance_use,,radio,"Cocaine (coke, crack, etc.)","1, Once a year or less | 2, Once every 2-6 months | 3, Once a month | 4, 2-3 times a month | 5, 1-2 times per week | 6, 3-4 times a week | 7, Almost daily | 8, Daily | 9, More than once a day",,,,,,[coke_lifetime] = '1' and [student_yn] = '0',y,,,heaviestperiodfreq,,
opioids_hpfreq,survey_perception_substance_use,,radio,"Opioids (heroin, morphine, methadone, codeine, etc.)  -- USED WITHOUT A PRESCRIPTION AND/OR FOR NON-PRESCRIBED PURPOSE","1, Once a year or less | 2, Once every 2-6 months | 3, Once a month | 4, 2-3 times a month | 5, 1-2 times per week | 6, 3-4 times a week | 7, Almost daily | 8, Daily | 9, More than once a day",,,,,,[opioids_lifetime]='1' and [student_yn] = '0',y,,,heaviestperiodfreq,,
pcp_hpfreq,survey_perception_substance_use,,radio,PCP (angel dust) or Ketamine (special K),"1, Once a year or less | 2, Once every 2-6 months | 3, Once a month | 4, 2-3 times a month | 5, 1-2 times per week | 6, 3-4 times a week | 7, Almost daily | 8, Daily | 9, More than once a day",,,,,,[pcp_lifetime] = '1' and [student_yn] = '0',y,,,heaviestperiodfreq,,
amph_hpfreq,survey_perception_substance_use,,radio,"Amphetamines or stimulants (speed, meth, Adderall, Ritalin, etc.) -- USED WITHOUT A PRESCRIPTION AND/OR FOR NON-PRESCRIBED PURPOSE","1, Once a year or less | 2, Once every 2-6 months | 3, Once a month | 4, 2-3 times a month | 5, 1-2 times per week | 6, 3-4 times a week | 7, Almost daily | 8, Daily | 9, More than once a day",,,,,,[amph_lifetime] = '1' and [student_yn] = '0',y,,,heaviestperiodfreq,,
mdma_hpfreq,survey_perception_substance_use,,radio,"MDMA (ecstasy, molly)","1, Once a year or less | 2, Once every 2-6 months | 3, Once a month | 4, 2-3 times a month | 5, 1-2 times per week | 6, 3-4 times a week | 7, Almost daily | 8, Daily | 9, More than once a day",,,,,,[mdma_lifetime] = '1' and [student_yn] = '0',y,,,heaviestperiodfreq,,
ghb_hpfreq,survey_perception_substance_use,,radio,"Sedative-Hypnotics like Benzodiazepines or sleeping pills (Xanax, Valium, GHB, Ambien, etc.) -- USED WITHOUT A PRESCRIPTION AND/OR FOR NON-PRESCRIBED PURPOSE","1, Once a year or less | 2, Once every 2-6 months | 3, Once a month | 4, 2-3 times a month | 5, 1-2 times per week | 6, 3-4 times a week | 7, Almost daily | 8, Daily | 9, More than once a day",,,,,,[ghb_lifetime]='1' and [student_yn] = '0',y,,,heaviestperiodfreq,,
inhalants_hpfreq,survey_perception_substance_use,,radio,"Inhalants (hydrocarbons only -- glue, gasoline, paint thinner, etc. NOT poppers or laughing gas/NO)","1, Once a year or less | 2, Once every 2-6 months | 3, Once a month | 4, 2-3 times a month | 5, 1-2 times per week | 6, 3-4 times a week | 7, Almost daily | 8, Daily | 9, More than once a day",,,,,,[inhalants_lifetime]='1' and [student_yn] = '0',y,,,heaviestperiodfreq,,
halluc_hpfreq,survey_perception_substance_use,,radio,"Serotonergic Psychedelics (LSD, acid, mushrooms, DMT, etc.)","1, Once a year or less | 2, Once every 2-6 months | 3, Once a month | 4, 2-3 times a month | 5, 1-2 times per week | 6, 3-4 times a week | 7, Almost daily | 8, Daily | 9, More than once a day",,,,,,[halluc_lifetime] = '1' and [student_yn] = '0',y,,,heaviestperiodfreq,,
ibogaine_hpfreq,survey_perception_substance_use,,radio,Ibogaine (Iboga bush),"1, Once a year or less | 2, Once every 2-6 months | 3, Once a month | 4, 2-3 times a month | 5, 1-2 times per week | 6, 3-4 times a week | 7, Almost daily | 8, Daily | 9, More than once a day",,,,,,[ibogaine_lifetime]='1' and [student_yn] = '0',,,,heaviestperiodfreq,,
salvia_hpfreq,survey_perception_substance_use,,radio,"Salvia Divinorum (magic mint, diviner's sage)","1, Once a year or less | 2, Once every 2-6 months | 3, Once a month | 4, 2-3 times a month | 5, 1-2 times per week | 6, 3-4 times a week | 7, Almost daily | 8, Daily | 9, More than once a day",,,,,,[salvia_lifetime]='1' and [student_yn] = '0',,,,heaviestperiodfreq,,
scopolamine_hpfreq,survey_perception_substance_use,,radio,"Scopolamine (""Devil's Breath"" -- psychoactive dose)","1, Once a year or less | 2, Once every 2-6 months | 3, Once a month | 4, 2-3 times a month | 5, 1-2 times per week | 6, 3-4 times a week | 7, Almost daily | 8, Daily | 9, More than once a day",,,,,,[scopoalmine_lifetime]='1' and [student_yn] = '0',,,,heaviestperiodfreq,,
dxm_hpfreq,survey_perception_substance_use,,radio,"Dextromethorphan/DXM (""Robotripping"" -- psychoactive dose)","1, Once a year or less | 2, Once every 2-6 months | 3, Once a month | 4, 2-3 times a month | 5, 1-2 times per week | 6, 3-4 times a week | 7, Almost daily | 8, Daily | 9, More than once a day",,,,,,[dxm_lifetime]='1' and [student_yn] = '0',,,,heaviestperiodfreq,,
other_hpfreq,survey_perception_substance_use,,radio,Other,"1, Once a year or less | 2, Once every 2-6 months | 3, Once a month | 4, 2-3 times a month | 5, 1-2 times per week | 6, 3-4 times a week | 7, Almost daily | 8, Daily | 9, More than once a day",,,,,,[other_lifetime] = '1' and [student_yn] = '0',y,,,heaviestperiodfreq,,
alc_hpperday,survey_perception_substance_use,,text,"<div class=""rich-text-field-label""><p>How many drinks a day did you have during your period of heaviest use?</p></div>",,,integer,2,200,,[alc_hpfreq]='9' and [student_yn] = '0',y,,,,,
alc_hpstart,survey_perception_substance_use,,text,"<div class=""rich-text-field-label""><p>What age were you when your period of heaviest alcohol drinking began?</p></div>",,,number,1,100,,[alc_lifetime]='1' and [student_yn] = '0',y,,,,,
alc_hpspan,survey_perception_substance_use,,text,"<div class=""rich-text-field-label""><p>How many months did this period last? (if less than a month enter ""0"")</p></div>",,"If multiple years, multiply by 12 to convert to MONTHS!!",number,,,,[alc_lifetime] = '1' and [student_yn] = '0',y,RH,,,,
mj_hpperday,survey_perception_substance_use,,text,"<div class=""rich-text-field-label""><p>How many times per day did you use cannabis during your period of heaviest use?</p></div>",,,integer,2,200,,[mj_hpfreq]='9' and [student_yn] = '0',y,,,,,
mj_hpstart,survey_perception_substance_use,,text,"<div class=""rich-text-field-label""><p>What age were you when your period of heaviest cannabis use began?</p></div>",,,number,1,100,,[mj_lifetime]='1' and [student_yn] = '0',y,,,,,
mj_hpspan,survey_perception_substance_use,,text,"<div class=""rich-text-field-label""><p>How many months did this period last? (if less than a month enter ""0"")</p></div>",,"If multiple years, multiply by 12 to convert to MONTHS!!",number,,,,[mj_lifetime]='1' and [student_yn] = '0',y,RH,,,,
coke_hpperday,survey_perception_substance_use,,text,"<div class=""rich-text-field-label""><p>How many times per day did you use Cocaine or Crack during your period of heaviest use?</p></div>",,,integer,2,200,,[coke_hpfreq]='9' and [student_yn] = '0',y,,,,,
coke_hpstart,survey_perception_substance_use,,text,"<div class=""rich-text-field-label""><p>What age were you when your period of heaviest Cocaine or Crack use began?</p></div>",,,number,1,100,,[coke_lifetime]='1' and [student_yn] = '0',y,,,,,
coke_hpspan,survey_perception_substance_use,,text,"<div class=""rich-text-field-label""><p>How many months did this period last? (if less than a month enter ""0"")</p></div>",,"If multiple years, multiply by 12 to convert to MONTHS!!",number,,,,[coke_lifetime] = '1' and [student_yn] = '0',y,RH,,,,
opioids_hpperday,survey_perception_substance_use,,text,"<div class=""rich-text-field-label""><p>How many times per day did you use opioids during your period of heaviest use?</p></div>",,,integer,2,200,,[opioids_hpfreq]='9' and [student_yn] = '0',y,,,,,
opioids_hpstart,survey_perception_substance_use,,text,"<div class=""rich-text-field-label""><p>What age were you when your period of heaviest opioid use began?</p></div>",,,number,1,100,,[opioids_lifetime]='1' and [student_yn] = '0',y,,,,,
opioids_hpspan,survey_perception_substance_use,,text,"<div class=""rich-text-field-label""><p>How many months did this period last? (if less than a month enter ""0"")</p></div>",,"If multiple years, multiply by 12 to convert to MONTHS!!",number,,,,[opioids_lifetime] = '1' and [student_yn] = '0',y,RH,,,,
pcp_hpperday,survey_perception_substance_use,,text,"<div class=""rich-text-field-label""><p>How many times per day did you use PCP or ketamine during your period of heaviest use?</p></div>",,,integer,2,200,,[pcp_hpfreq]='9' and [student_yn] = '0',y,,,,,
pcp_hpstart,survey_perception_substance_use,,text,"<div class=""rich-text-field-label""><p>What age were you when your period of heaviest PCP or ketamine use began?</p></div>",,,number,1,100,,[pcp_lifetime]='1' and [student_yn] = '0',y,,,,,
pcp_hpspan,survey_perception_substance_use,,text,"<div class=""rich-text-field-label""><p>How many months did this period last? (if less than a month enter ""0"")</p></div>",,"If multiple years, multiply by 12 to convert to MONTHS!!",number,,,,[pcp_lifetime] = '1' and [student_yn] = '0',y,RH,,,,
amph_hpperday,survey_perception_substance_use,,text,"<div class=""rich-text-field-label""><p>How many times per day did you use amphetamines or stimulants during your period of heaviest use?</p></div>",,,integer,2,200,,[amph_hpfreq]='9' and [student_yn] = '0',y,,,,,
amph_hpstart,survey_perception_substance_use,,text,"<div class=""rich-text-field-label""><p>What age were you when your period of heaviest amphetamine or stimulant use began?</p></div>",,,number,1,100,,[amph_lifetime]='1' and [student_yn] = '0',y,,,,,
amph_hpspan,survey_perception_substance_use,,text,"<div class=""rich-text-field-label""><p>How many months did this period last? (if less than a month enter ""0"")</p></div>",,"If multiple years, multiply by 12 to convert to MONTHS!!",number,,,,[amph_lifetime] = '1' and [student_yn] = '0',y,RH,,,,
mdma_hpperday,survey_perception_substance_use,,text,"<div class=""rich-text-field-label""><p>How many times per day did you use MDMA (ecstasy, molly) during your period of heaviest use?</p></div>",,,integer,2,200,,[mdma_hpfreq]='9' and [student_yn] = '0',y,,,,,
mdma_hpstart,survey_perception_substance_use,,text,"<div class=""rich-text-field-label""><p>What age were you when your period of heaviest MDMA (ecstasy, molly) use began?</p></div>",,,number,1,100,,[mdma_lifetime]='1' and [student_yn] = '0',y,,,,,
mdma_hpspan,survey_perception_substance_use,,text,"<div class=""rich-text-field-label""><p>How many months did this period last? (if less than a month enter ""0"")</p></div>",,"If multiple years, multiply by 12 to convert to MONTHS!!",number,,,,[mdma_lifetime] = '1' and [student_yn] = '0',y,RH,,,,
ghb_hpperday,survey_perception_substance_use,,text,"<div class=""rich-text-field-label""><p>How many times per day did you use b<span id=""docs-internal-guid-8a745df7-7fff-06e1-4b63-1087740480eb"">enzodiazepines, depressants, or sleeping pills</span> during your period of heaviest use?</p></div>",,,integer,2,200,,[ghb_hpfreq]='9' and [student_yn] = '0',y,,,,,
ghb_hpstart,survey_perception_substance_use,,text,"<div class=""rich-text-field-label""><p>What age were you when your period of heaviest b<span id=""docs-internal-guid-8a745df7-7fff-06e1-4b63-1087740480eb"">enzodiazepine, depressant, or sleeping pill</span> use began?</p></div>",,,number,1,100,,[ghb_lifetime]='1' and [student_yn] = '0',y,,,,,
ghb_hpspan,survey_perception_substance_use,,text,"<div class=""rich-text-field-label""><p>How many months did this period last? (if less than a month enter ""0"")</p></div>",,"If multiple years, multiply by 12 to convert to MONTHS!!",number,,,,[ghb_lifetime]='1' and [student_yn] = '0',y,RH,,,,
attn_check_surveybl4,survey_perception_substance_use,,text,"<div class=""rich-text-field-label""><p>Please enter ""1"" to show you are still paying attention :)</p></div>",,,number,,,,,y,RH,,,,
inhalants_hpperday,survey_perception_substance_use,,text,"<div class=""rich-text-field-label""><p>How many times per day did you use inhalant<span id=""docs-internal-guid-8a745df7-7fff-06e1-4b63-1087740480eb"">s</span> during your period of heaviest use?</p></div>",,,integer,2,200,,[inhalants_hpfreq]='9' and [student_yn] = '0',y,,,,,
inhalants_hpstart,survey_perception_substance_use,,text,"<div class=""rich-text-field-label""><p>What age were you when your period of heaviest inhalant use began?</p></div>",,,number,1,100,,[inhalants_lifetime]='1' and [student_yn] = '0',y,,,,,
inhalants_hpspan,survey_perception_substance_use,,text,"<div class=""rich-text-field-label""><p>How many months did this period last? (if less than a month enter ""0"")</p></div>",,"If multiple years, multiply by 12 to convert to MONTHS!!",number,,,,[inhalants_lifetime] = '1' and [student_yn] = '0',y,RH,,,,
halluc_hpperday,survey_perception_substance_use,,text,"<div class=""rich-text-field-label""><p>How many times per day did you use psychedelics during your period of heaviest use?</p></div>",,,integer,2,200,,[halluc_hpfreq]='9' and [student_yn] = '0',y,,,,,
halluc_hpstart,survey_perception_substance_use,,text,"<div class=""rich-text-field-label""><p>What age were you when your period of <em>heaviest </em>psychedelic use began?</p></div>",,,number,1,100,,[halluc_lifetime]='1' and [student_yn] = '0',y,,,,,
halluc_hpspan,survey_perception_substance_use,,text,"<div class=""rich-text-field-label""><p>How many months did this period last? (if less than a month enter ""0"")</p></div>",,"If multiple years, multiply by 12 to convert to MONTHS!!",number,,,,[halluc_lifetime]='1' and [student_yn] = '0',y,RH,,,,
ibogaine_hpstart,survey_perception_substance_use,,text,"<div class=""rich-text-field-label""><p>What age were you when your period of <em>heaviest </em>Ibogaine use began?</p></div>",,,number,1,100,,[ibogaine_lifetime]='1' and [student_yn] = '0',y,,,,,
ibogaine_hpspan,survey_perception_substance_use,,text,"<div class=""rich-text-field-label""><p>How many months did this period last? (if less than a month enter ""0"")</p></div>",,"If multiple years, multiply by 12 to convert to MONTHS!!",number,,,,[ibogaine_lifetime]='1' and [student_yn] = '0',y,RH,,,,
scop_hpperday,survey_perception_substance_use,,text,"<div class=""rich-text-field-label""><p>How many times per day did you use psychoactive doses of Scopolamine during your period of heaviest use?</p></div>",,,integer,2,200,,[scopolamine_hpfreq]='9' and [student_yn] = '0',y,,,,,
scop_hpstart,survey_perception_substance_use,,text,"<div class=""rich-text-field-label""><p>What age were you when your period of <em>heaviest </em>Scopolamine (psychoactive dose) use began?</p></div>",,,number,1,100,,[scopoalmine_lifetime]='1' and [student_yn] = '0',y,,,,,
scop_hpspan,survey_perception_substance_use,,text,"<div class=""rich-text-field-label""><p>How many months did this period last? (if less than a month enter ""0"")</p></div>",,"If multiple years, multiply by 12 to convert to MONTHS!!",number,,,,[scopoalmine_lifetime]='1' and [student_yn] = '0',y,,,,,
dxm_hpperday,survey_perception_substance_use,,text,"<div class=""rich-text-field-label""><p>How many times per day did you use psychoactive doses of DXM during your period of heaviest use?</p></div>",,,integer,2,200,,[dxm_hpfreq]='9' and [student_yn] = '0',y,,,,,
dxm_hpstart,survey_perception_substance_use,,text,"<div class=""rich-text-field-label""><p>What age were you when your period of <em>heaviest </em>Dextromethorphan (psychoactive dose/robo-tripping) use began?</p></div>",,,number,1,100,,[dxm_lifetime]='1' and [student_yn] = '0',y,,,,,
dxm_hpspan,survey_perception_substance_use,,text,"<div class=""rich-text-field-label""><p>How many months did this period last? (if less than a month enter ""0"")</p></div>",,"If multiple years, multiply by 12 to convert to MONTHS!!",number,,,,[dxm_lifetime]='1' and [student_yn] = '0',y,,,,,
salvia_hpperday,survey_perception_substance_use,,text,"<div class=""rich-text-field-label""><p>How many times per day did you use Salvia Divinorum during your period of heaviest use?</p></div>",,,integer,2,200,,[salvia_hpfreq]='9' and [student_yn] = '0',y,,,,,
salvia_hpstart,survey_perception_substance_use,,text,"<div class=""rich-text-field-label""><p>What age were you when your period of <em>heaviest </em>Salvia Divinorum use began?</p></div>",,,number,1,100,,[salvia_lifetime]='1' and [student_yn] = '0',y,,,,,
salvia_hpspan,survey_perception_substance_use,,text,"<div class=""rich-text-field-label""><p>How many months did this period last? (if less than a month enter ""0"")</p></div>",,"If multiple years, multiply by 12 to convert to MONTHS!!",number,,,,[salvia_lifetime]='1' and [student_yn] = '0',y,,,,,
other_hpperday,survey_perception_substance_use,,text,"<div class=""rich-text-field-label""><p>How many times per day did you use the other substance you specified during your period of heaviest use?</p></div>",,,integer,2,200,,[other_hpfreq]='9' and [student_yn] = '0',y,,,,,
other_hpstart,survey_perception_substance_use,,text,"<div class=""rich-text-field-label""><p>What age were you when your period of heaviest use for the other substance you specified began?</p></div>",,,number,1,100,,[other_lifetime]='1' and [student_yn] = '0',y,,,,,
other_hpspan,survey_perception_substance_use,,text,"<div class=""rich-text-field-label""><p>How many months did this period last? (if less than a month enter ""0"")</p></div>",,"If multiple years, multiply by 12 to convert to MONTHS!!",number,,,,[other_lifetime]='1' and [student_yn] = '0',y,RH,,,,
phq1,survey_perception_substance_use,"Module: Mental/Emotional Mood State

Over the last TWO WEEKS, how often have you been bothered by any of the following problems?
<em>Your Questionnaires Progress:</em></p> <div class=""progress"" style=""height: 15px; width: 50%;""><br>  <div class=""progress-bar"" style=""width: 70%;"" role=""progressbar"">70%</div> </div> <p> </p> <div style=""font-size: 8pt; font-family: cursive;""> </div> <p> </p></div>",radio,Little interest or pleasure in doing things.,"0, Not at all | 1, Several days | 2, More than half the days | 3, Nearly every day",,,,,,,y,,,phq9,,
phq2,survey_perception_substance_use,,radio,"Feeling down, depressed, or hopeless.","0, Not at all | 1, Several days | 2, More than half the days | 3, Nearly every day",,,,,,,y,,,phq9,,
phq3,survey_perception_substance_use,,radio,"Trouble falling/staying asleep, sleeping too much.","0, Not at all | 1, Several days | 2, More than half the days | 3, Nearly every day",,,,,,,y,,,phq9,,
phq4,survey_perception_substance_use,,radio,Feeling tired or having little energy.,"0, Not at all | 1, Several days | 2, More than half the days | 3, Nearly every day",,,,,,,y,,,phq9,,
phq5,survey_perception_substance_use,,radio,Poor appetite or overeating.,"0, Not at all | 1, Several days | 2, More than half the days | 3, Nearly every day",,,,,,,y,,,phq9,,
phq6,survey_perception_substance_use,,radio,Feeling bad about yourself or that you are a failure or have let yourself or your family down.,"0, Not at all | 1, Several days | 2, More than half the days | 3, Nearly every day",,,,,,,y,,,phq9,,
phq7,survey_perception_substance_use,,radio,"Trouble concentrating on things, such as reading the newspaper or watching television.","0, Not at all | 1, Several days | 2, More than half the days | 3, Nearly every day",,,,,,,y,,,phq9,,
phq8,survey_perception_substance_use,,radio,Moving or speaking so slowly that other people could have noticed. Or the opposite; being so fidgety or restless that you have been moving around a lot more than usual.,"0, Not at all | 1, Several days | 2, More than half the days | 3, Nearly every day",,,,,,,y,,,phq9,,
phq9,survey_perception_substance_use,,radio,Thoughts that you would be better off dead or of hurting yourself in some way.,"0, Not at all | 1, Several days | 2, More than half the days | 3, Nearly every day",,,,,,,y,,,phq9,,
phq9a,survey_perception_substance_use,,radio,"<div class=""rich-text-field-label""><p>How difficult have these problems made it for you to do your work, take care of things at home, or get along with other people?</p></div>","0, Not difficult at all | 1, Somewhat difficult | 2, Very difficult | 3, Extremely difficult",,,,,,[phq1] >= '1' or [phq2] >= '1' or [phq3] >= '1' or [phq4] >= '1' or [phq5] >= '1' or [phq6] >= '1' or [phq7] >= '1' or [phq8] >= '1' or [phq9] >= '1',y,,,,,
attn_check_animal,survey_perception_substance_use,,radio,"Please select ""rabbit"" to show that you are still paying attention :)","1, Alligator | 2, Rabbit | 3, Snake | 4, Frog",,,,,,,y,,,,,
attn_check_surveybl,survey_perception_substance_use,,calc,Returns 1 if they did the attention check above correctly,"if([attn_check_animal]='2',1,0)",,,,,,,,,,,, @HIDDEN-SURVEY
stress_vas,survey_perception_substance_use,,slider,"<div class=""rich-text-field-label""><p><span style=""font-weight: normal;"">Please indicate using the slider -- how much </span>stress <span style=""font-weight: normal;"">have you been under in the <span style=""text-decoration: underline;"">past month</span>?</span></p></div>",No Stress | Average Stress | Most Stress Ever,,number,0,100,,,y,LH,,,,
trauma_yn,survey_perception_substance_use,"<div class=""rich-text-field-label""><p>Difficult Life Experiences</p> <p><em><span style=""font-weight: normal; font-size: 14pt;"">Yale students -- skip this section.</span></em></p> <p dir=""ltr"">You are doing AMAZING! Thank you again for all of the hard work you are continuing to put into this study!</p> <p dir=""ltr""><span style=""font-weight: normal;"">We want to understand how psychedelics might cause different positive and negative effects in different people. One variable that may be critical to consider is one's history of traumatic life experiences. We know that it is often painful to talk about </span>trauma<span style=""font-weight: normal;"">, and </span>so we only require a single question<span style=""font-weight: normal;""> just to know -- in the vaguest sense possible -- if you have every experienced any trauma at three points in your life.</span></p> <p dir=""ltr""><span style=""font-weight: normal;"">If you feel comfortable sharing more information about your experiences, then you can </span>optionally<span style=""font-weight: normal;""> do so, and we will put the information towards research designed to help people experiencing mental illness, including trauma-induced illness.</span></p> <p dir=""ltr""><span style=""font-weight: normal;"">Regardless, we want you to know that there many other resources out there for you if you feel like you need someone to talk to or peers to connect with. </span>Here are some great resources that are all over the U.S. and other areas of the world:</p> <p dir=""ltr"">U.S. and Canada:</p> <p dir=""ltr""><span style=""font-weight: normal;""><a href=""https://www.traumasurvivorsnetwork.org/pages/our-centers"">https://www.traumasurvivorsnetwork.org/pages/our-centers</a></span></p> <p dir=""ltr""><span style=""font-weight: normal;""><a href=""https://www.mhanational.org/find-support-groups"">https://www.mhanational.org/find-support-groups</a></span></p> <p dir=""ltr""><span style=""font-weight: normal;""><a href=""https://www.nami.org/Learn-More/Mental-Health-Conditions/Posttraumatic-Stress-Disorder/Support"">https://www.nami.org/Learn-More/Mental-Health-Conditions/Posttraumatic-Stress-Disorder/Support</a></span></p> <p dir=""ltr""><br>International:</p> <p dir=""ltr""><span style=""font-weight: normal;""><a href=""https://www.colleaga.org/article/list-ptsd-organizations-and-resources"">https://www.colleaga.org/article/list-ptsd-organizations-and-resources</a></span></p> <p dir=""ltr""> </p></div>",radio,Have you EVER experienced a traumatic experience?,"1, Yes | 2, No |3, Unsure -- can I please see a definition of ""trauma"" and common (non-explicit) examples?",,,,,,[student_yn]='0',y,,,,,
trauma_yn_time,survey_perception_substance_use,,checkbox,At what points in your life have you experienced a trauma?,"1, Before I ever used psychedelics | 2, After I used psychedelics | 3, Childhood (before the age of 18)",,,,,,[trauma_yn]='1',y,,,,,
trauma_unsure,survey_perception_substance_use,,descriptive,"A traumatic experience is an event, series of events, or set of circumstances that is experienced by an individual as physically or emotionally harmful or life threatening and that has lasting adverse effects on the individual's functioning and mental, physical, social, emotional, or spiritual well-being.
-Examples of traumatic experiences include, but are not limited to: 
-Experiencing or observing physical, sexual, and emotional abuse
-Childhood neglect
-Having a family member with a mental health or substance use disorder
-Experiencing or witnessing violence in the community or while serving in the military
-Poverty and systemic discrimination. ",,,,,,,[trauma_yn]='3',,,,,,
trauma_xtra,survey_perception_substance_use,,yesno,Are you OK with telling us what kinds of traumatic experiences you've had at each stage of life?  (Going through a list of common types of trauma and hitting 'yes' or 'no' and then telling us when it has happened to you if 'yes'). This is ENTIRELY OPTIONAL. Thank you so much for your participation! ,,,,,,,[trauma_yn]='1',y,,,,,
trauma_1,survey_perception_substance_use,,yesno,"<div class=""rich-text-field-label""><p>Has anyone ever tried to take something directly from you by using force or the threat of force, such as a stick-up or mugging?</p></div>",,,,,,,[trauma_xtra]='1',y,,,,,
trauma_1_time,survey_perception_substance_use,,checkbox,At what points in your life have you experienced this?,"1, Before I ever used psychedelics | 2, After I used psychedelics | 3, Childhood (before the age of 18)",,,,,,[trauma_1]='1',y,,,,,
trauma_2,survey_perception_substance_use,,yesno,"<div class=""rich-text-field-label""><p>Has anyone ever attempted to rob you or actually robbed you (i.e., stolen your personal belongings)?</p></div>",,,,,,,[trauma_xtra]='1',y,,,,,
trauma_2_time,survey_perception_substance_use,,checkbox,At what points in your life have you experienced this?,"1, Before I ever used psychedelics | 2, After I used psychedelics | 3, Childhood (before the age of 18)",,,,,,[trauma_2]='1',y,,,,,
trauma_3,survey_perception_substance_use,,yesno,"<div class=""rich-text-field-label""><p>Has anyone ever attempted to or succeeded in breaking into your home when you werenotthere?</p></div>",,,,,,,[trauma_xtra]='1',y,,,,,
trauma_3_time,survey_perception_substance_use,,checkbox,At what points in your life have you experienced this?,"1, Before I ever used psychedelics | 2, After I used psychedelics | 3, Childhood (before the age of 18)",,,,,,[trauma_3]='1',y,,,,,
trauma_4,survey_perception_substance_use,,yesno,"<div class=""rich-text-field-label""><p>Has anyone ever attempted to or succeed in breaking into your home while youwerethere?</p></div>",,,,,,,[trauma_xtra]='1',y,,,,,
trauma_4_time,survey_perception_substance_use,,checkbox,At what points in your life have you experienced this?,"1, Before I ever used psychedelics | 2, After I used psychedelics | 3, Childhood (before the age of 18)",,,,,,[trauma_4]='1',y,,,,,
trauma_5,survey_perception_substance_use,,yesno,"<div class=""rich-text-field-label""><p>Have you ever had a serious accident at work, in a car, or somewhere else?</p></div>",,,,,,,[trauma_xtra]='1',y,,,,,
trauma_5_time,survey_perception_substance_use,,checkbox,At what points in your life have you experienced this?,"1, Before I ever used psychedelics | 2, After I used psychedelics | 3, Childhood (before the age of 18)",,,,,,[trauma_5]='1',y,,,,,
trauma_6,survey_perception_substance_use,,yesno,"<div class=""rich-text-field-label""><p>Have you ever experienced a natural disaster such as a tornado, hurricane, flood or major earthquake, etc., where you felt you or your loved ones were in danger of death or injury?</p></div>",,,,,,,[trauma_xtra]='1',y,,,,,
trauma_6_time,survey_perception_substance_use,,checkbox,At what points in your life have you experienced this?,"1, Before I ever used psychedelics | 2, After I used psychedelics | 3, Childhood (before the age of 18)",,,,,,[trauma_6]='1',y,,,,,
trauma_7,survey_perception_substance_use,,yesno,"<div class=""rich-text-field-label""><p>Have you ever experienced a ""man-made"" disaster such as a train crash, building collapse, bank robbery, fire, etc., where you felt you or your loved ones were in danger of death or injury?</p></div>",,,,,,,[trauma_xtra]='1',y,,,,,
trauma_7_time,survey_perception_substance_use,,checkbox,At what points in your life have you experienced this?,"1, Before I ever used psychedelics | 2, After I used psychedelics | 3, Childhood (before the age of 18)",,,,,,[trauma_7]='1',y,,,,,
trauma_8,survey_perception_substance_use,,yesno,"<div class=""rich-text-field-label""><p>Have you ever been exposed to dangerous chemicals or radioactivity that might threaten your health?</p></div>",,,,,,,[trauma_xtra]='1',y,,,,,
trauma_8_time,survey_perception_substance_use,,checkbox,At what points in your life have you experienced this?,"1, Before I ever used psychedelics | 2, After I used psychedelics | 3, Childhood (before the age of 18)",,,,,,[trauma_8]='1',y,,,,,
trauma_9,survey_perception_substance_use,,yesno,"<div class=""rich-text-field-label""><p>Have you ever been in any other situation in which you were seriously injured?</p></div>",,,,,,,[trauma_xtra]='1',y,,,,,
trauma_9_time,survey_perception_substance_use,,checkbox,At what points in your life have you experienced this?,"1, Before I ever used psychedelics | 2, After I used psychedelics | 3, Childhood (before the age of 18)",,,,,,[trauma_9]='1',y,,,,,
trauma_10,survey_perception_substance_use,,yesno,"<div class=""rich-text-field-label""><p>Have you ever been in any other situation in which you feared youmightbe killed or seriously injured?</p></div>",,,,,,,[trauma_xtra]='1',y,,,,,
trauma_10_time,survey_perception_substance_use,,checkbox,At what points in your life have you experienced this?,"1, Before I ever used psychedelics | 2, After I used psychedelics | 3, Childhood (before the age of 18)",,,,,,[trauma_10]='1',y,,,,,
trauma_11,survey_perception_substance_use,,yesno,"<div class=""rich-text-field-label""><p>Have you ever seen someone seriously injured or killed?</p></div>",,,,,,,[trauma_xtra]='1',y,,,,,
trauma_11_time,survey_perception_substance_use,,checkbox,At what points in your life have you experienced this?,"1, Before I ever used psychedelics | 2, After I used psychedelics | 3, Childhood (before the age of 18)",,,,,,[trauma_11]='1',y,,,,,
trauma_12,survey_perception_substance_use,,yesno,"<div class=""rich-text-field-label""><p>Have you ever seen dead bodies (other than at a funeral) or had to handle dead bodies for any reason?</p></div>",,,,,,,[trauma_xtra]='1',y,,,,,
trauma_12_time,survey_perception_substance_use,,checkbox,At what points in your life have you experienced this?,"1, Before I ever used psychedelics | 2, After I used psychedelics | 3, Childhood (before the age of 18)",,,,,,[trauma_12]='1',y,,,,,
trauma_13,survey_perception_substance_use,,yesno,"<div class=""rich-text-field-label""><p>Have you ever had a close friend or family member murdered, or killed by a drunk driver?</p></div>",,,,,,,[trauma_xtra]='1',y,,,,,
trauma_13_time,survey_perception_substance_use,,checkbox,At what points in your life have you experienced this?,"1, Before I ever used psychedelics | 2, After I used psychedelics | 3, Childhood (before the age of 18)",,,,,,[trauma_13]='1',y,,,,,
trauma_14,survey_perception_substance_use,,yesno,"<div class=""rich-text-field-label""><p>Have you ever had a spouse, romantic partner, or child die?</p></div>",,,,,,,[trauma_xtra]='1',y,,,,,
trauma_14_time,survey_perception_substance_use,,checkbox,At what points in your life have you experienced this?,"1, Before I ever used psychedelics | 2, After I used psychedelics | 3, Childhood (before the age of 18)",,,,,,[trauma_14]='1',y,,,,,
trauma_15,survey_perception_substance_use,,yesno,"<div class=""rich-text-field-label""><p>Have you ever had a serious or life-threatening illness?</p></div>",,,,,,,[trauma_xtra]='1',y,,,,,
trauma_15_time,survey_perception_substance_use,,checkbox,At what points in your life have you experienced this?,"1, Before I ever used psychedelics | 2, After I used psychedelics | 3, Childhood (before the age of 18)",,,,,,[trauma_15]='1',y,,,,,
trauma_16,survey_perception_substance_use,,yesno,"<div class=""rich-text-field-label""><p>Have you ever received news of a serious injury, life-threatening illness, or unexpected death of someone close to you?</p></div>",,,,,,,[trauma_xtra]='1',y,,,,,
trauma_16_time,survey_perception_substance_use,,checkbox,At what points in your life have you experienced this?,"1, Before I ever used psychedelics | 2, After I used psychedelics | 3, Childhood (before the age of 18)",,,,,,[trauma_16]='1',y,,,,,
trauma_17,survey_perception_substance_use,,yesno,"<div class=""rich-text-field-label""><p>Have you ever had to engage in combat while in military service in an official or unofficial war zone?</p></div>",,,,,,,[trauma_xtra]='1',y,,,,,
trauma_17_time,survey_perception_substance_use,,checkbox,At what points in your life have you experienced this?,"1, Before I ever used psychedelics | 2, After I used psychedelics | 3, Childhood (before the age of 18)",,,,,,[trauma_17]='1',y,,,,,
trauma_18,survey_perception_substance_use,,yesno,"<div class=""rich-text-field-label""><p>Has anyone ever made you have intercourse or oral or anal sex against your will?</p></div>",,,,,,,[trauma_xtra]='1',y,,,,,
trauma_18_time,survey_perception_substance_use,,checkbox,At what points in your life have you experienced this?,"1, Before I ever used psychedelics | 2, After I used psychedelics | 3, Childhood (before the age of 18)",,,,,,[trauma_18]='1',y,,,,,
trauma_19,survey_perception_substance_use,,yesno,"<div class=""rich-text-field-label""><p>Has anyone ever touched private parts of your body, or made you touch theirs, under force or threat?</p></div>",,,,,,,[trauma_xtra]='1',y,,,,,
trauma_19_time,survey_perception_substance_use,,checkbox,At what points in your life have you experienced this?,"1, Before I ever used psychedelics | 2, After I used psychedelics | 3, Childhood (before the age of 18)",,,,,,[trauma_19]='1',y,,,,,
trauma_20,survey_perception_substance_use,,yesno,"<div class=""rich-text-field-label""><p>Other than incidents mentioned above, have there been any other situations in which another person tried to force you to have an unwanted sexual contact?</p></div>",,,,,,,[trauma_xtra]='1',y,,,,,
trauma_20_time,survey_perception_substance_use,,checkbox,At what points in your life have you experienced this?,"1, Before I ever used psychedelics | 2, After I used psychedelics | 3, Childhood (before the age of 18)",,,,,,[trauma_20]='1',y,,,,,
trauma_21,survey_perception_substance_use,,yesno,"<div class=""rich-text-field-label""><p>Has anyone, including family members or friends, ever attacked you with a gun, knife, or some other weapon?</p></div>",,,,,,,[trauma_xtra]='1',y,,,,,
trauma_21_time,survey_perception_substance_use,,checkbox,At what points in your life have you experienced this?,"1, Before I ever used psychedelics | 2, After I used psychedelics | 3, Childhood (before the age of 18)",,,,,,[trauma_21]='1',y,,,,,
trauma_22,survey_perception_substance_use,,yesno,"<div class=""rich-text-field-label""><p>Has anyone, including family members or friends, ever attacked youwithouta weapon and seriously injured you?</p></div>",,,,,,,[trauma_xtra]='1',y,,,,,
trauma_22_time,survey_perception_substance_use,,checkbox,At what points in your life have you experienced this?,"1, Before I ever used psychedelics | 2, After I used psychedelics | 3, Childhood (before the age of 18)",,,,,,[trauma_22]='1',y,,,,,
trauma_23,survey_perception_substance_use,,yesno,"<div class=""rich-text-field-label""><p>Has anyone in your family ever beaten, spanked, or pushed you hard enough to cause injury?</p></div>",,,,,,,[trauma_xtra]='1',y,,,,,
trauma_23_time,survey_perception_substance_use,,checkbox,At what points in your life have you experienced this?,"1, Before I ever used psychedelics | 2, After I used psychedelics | 3, Childhood (before the age of 18)",,,,,,[trauma_23]='1',y,,,,,
trauma_24,survey_perception_substance_use,,yesno,"<div class=""rich-text-field-label""><p>Have you experienced any other extraordinarily stressful situation or event that is not covered above?</p></div>",,,,,,,[trauma_xtra]='1',y,,,,,
trauma_24_time,survey_perception_substance_use,,checkbox,At what points in your life have you experienced this?,"1, Before I ever used psychedelics | 2, After I used psychedelics | 3, Childhood (before the age of 18)",,,,,,[trauma_24]='1',y,,,,,
feedback_4,survey_perception_substance_use,,yesno,Would you like to leave a comment or feedback on this part of the survey?,,,,,,,[student_yn]='0',y,,,,,
feedback_4a,survey_perception_substance_use,,notes,Please leave your comments or feedback here. ,,,,,,,[feedback_4]='1',y,,,,,
ffmq_1_bl,survey_perception_substance_use," Module: Mindfulness

Please use the descriptions provided to indicate how true the below statements are of you. Select the option which represents your own opinion of what is generally true for you.",radio,"When I take a shower or bath, I stay alert to the sensation of water on my body","1, Never or Very Rarely True | 2, Rarely True | 3, Sometimes True | 4, Often True | 5, Very Often or Always True",,,,,,,y,,,,,
ffmq_2_bl,survey_perception_substance_use,,radio,I'm good at finding words to describe my feelings,"1, Never or Very Rarely True|2, Rarely True|3, Sometimes True|4, Often True|5, Very Often or Always True",,,,,,,y,,,,,
ffmq_3_bl,survey_perception_substance_use,,radio,"I don't pay attention to what I'm doing because I'm daydreaming, worrying, or otherwise distracted","1, Very Often or Always True|2, Often True|3, Sometimes True|4, Rarely True|5, Never or Very Rarely True",,,,,,,y,,,,,
ffmq_4_bl,survey_perception_substance_use,,radio,I believe some  of my thoughts are abnormal or bad and I shouldn't think that way,"1, Very Often or Always True|2, Often True|3, Sometimes True|4, Rarely True|5, Never or Very Rarely True",,,,,,,y,,,,,
ffmq_5_bl,survey_perception_substance_use,,radio,"When I have distressing  thoughts or images, I ""step back"" and am aware of the thought or image without getting taken over by it","1, Never or Very Rarely True|2, Rarely True|3, Sometimes True|4, Often True|5, Very Often or Always True",,,,,,,y,,,,,
ffmq_6_bl,survey_perception_substance_use,,radio,"I notice how foods and drinks affect my thoughts, bodily sensations, and emotions","1, Never or Very Rarely True|2, Rarely True|3, Sometimes True|4, Often True|5, Very Often or Always True",,,,,,,y,,,,,
ffmq_7_bl,survey_perception_substance_use,,radio,I have trouble thinking of the right words to express how I feel about things,"1, Very Often or Always True|2, Often True|3, Sometimes True|4, Rarely True|5, Never or Very Rarely True",,,,,,,y,,,,,
ffmq_8_bl,survey_perception_substance_use,,radio,I do jobs or tasks automatically without being aware of what I'm doing,"1, Very Often or Always True|2, Often True|3, Sometimes True|4, Rarely True|5, Never or Very Rarely True",,,,,,,y,,,,,
ffmq_9_bl,survey_perception_substance_use,,radio,I think some of my emotions are bad or inappropriate and I shouldn't feel them,"1, Very Often or Always True|2, Often True|3, Sometimes True|4, Rarely True|5, Never or Very Rarely True",,,,,,,y,,,,,
ffmq_10_bl,survey_perception_substance_use,,radio,When I have distressing thoughts or images I am able just to notice them without reacting,"1, Never or Very Rarely True|2, Rarely True|3, Sometimes True|4, Often True|5, Very Often or Always True",,,,,,,y,,,,,
ffmq_11_bl,survey_perception_substance_use,,radio,"I pay attention to sensations, such as the wind in my hair or sun on my face","1, Never or Very Rarely True|2, Rarely True|3, Sometimes True|4, Often True|5, Very Often or Always True",,,,,,,y,,,,,
ffmq_12_bl,survey_perception_substance_use,,radio,Even when I'm feeling terribly upset I can find a way to put it into words,"1, Never or Very Rarely True|2, Rarely True|3, Sometimes True|4, Often True|5, Very Often or Always True",,,,,,,y,,,,,
ffmq_13_bl,survey_perception_substance_use,,radio,I find myself doing things without paying attention,"1, Very Often or Always True|2, Often True|3, Sometimes True|4, Rarely True|5, Never or Very Rarely True",,,,,,,y,,,,,
attn_check_surveybl2,survey_perception_substance_use,,radio,"Please select ""Very Often or Always True"" to show you're paying attention?","1, Very Often or Always True | 2, Often True | 3, Sometimes True | 4, Rarely True | 5, Never or Very Rarely True",,,,,,,y,,,,,
ffmq_14_bl,survey_perception_substance_use,,radio,I tell myself I shouldn't be feeling the way I'm feeling,"1, Very Often or Always True|2, Often True|3, Sometimes True|4, Rarely True|5, Never or Very Rarely True",,,,,,,y,,,,,
ffmq_15_bl,survey_perception_substance_use,,radio,When I have distressing thoughts or images I just notice them and let them go,"1, Never or Very Rarely True|2, Rarely True|3, Sometimes True|4, Often True|5, Very Often or Always True",,,,,,,y,,,,,
ffmq_tot_bl,survey_perception_substance_use,,calc,FFMQ-15 total score,[ffmq_1_bl]+[ffmq_2_bl]+[ffmq_3_bl]+[ffmq_4_bl]+[ffmq_5_bl]+[ffmq_6_bl]+[ffmq_7_bl]+[ffmq_8_bl]+[ffmq_9_bl]+[ffmq_10_bl]+[ffmq_11_bl]+[ffmq_12_bl]+[ffmq_13_bl]+[ffmq_14_bl]+[ffmq_15_bl],,,,,,,,,,,, @HIDDEN
absorption_1_bl,survey_perception_substance_use,"Module: Attention and Absorption

On a scale of 1 to 5, how much do the following statements characterize you? (1 = not at all like me; 5 = very much like me)
<em>Your Questionnaires Progress:</em></p> <div class=""progress"" style=""height: 15px; width: 50%;""><br>  <div class=""progress-bar"" style=""width: 80%;"" role=""progressbar"">80%</div> </div> <p> </p> <div style=""font-size: 8pt; font-family: cursive;""> </div> <p> </p></div>",radio,The sound of a voice can be so fascinating to me that I can just go on listening to it.,"1, 1 | 2, 2 | 3, 3 | 4, 4 | 5, 5",,,,,,,y,,,absorption,,
absorption_2_bl,survey_perception_substance_use,,radio,"While acting in a play or watching television, I have sometimes really felt the emotions of the character and have become him or her for the time being, forgetting both myself and the audience","1, 1 | 2, 2 | 3, 3 | 4, 4 | 5, 5",,,,,,,y,,,absorption,,
absorption_3_bl,survey_perception_substance_use,,radio,I can sometimes recollect certain past events in my life with such clarity and vividness that it is like living them again or almost so.,"1, 1 | 2, 2 | 3, 3 | 4, 4 | 5, 5",,,,,,,y,,,absorption,,
absorption_4_bl,survey_perception_substance_use,,radio,"If I wish, I can imagine some things so vividly that they hold my attention in the way a good movie or story does.","1, 1 | 2, 2 | 3, 3 | 4, 4 | 5, 5",,,,,,,y,,,absorption,,
absorption_5_bl,survey_perception_substance_use,,radio,"I can tell a story with elaborations to make it sound better and then have the elaboration seem as real to me as the actual incident, or almost so.","1, 1 | 2, 2 | 3, 3 | 4, 4 | 5, 5",,,,,,,y,,,absorption,,
absorption_6_bl,survey_perception_substance_use,,radio,I am sometimes able to forget about my present self and get absorbed in a fantasy that I am someone else.,"1, 1 | 2, 2 | 3, 3 | 4, 4 | 5, 5",,,,,,,y,,,absorption,,
absorption_7_bl,survey_perception_substance_use,,radio,I listen so hard when having a conversation that I am not distracted by the world going on around me.,"1, 1 | 2, 2 | 3, 3 | 4, 4 | 5, 5",,,,,,,y,,,absorption,,
absorption_8_bl,survey_perception_substance_use,,radio,"When I read an interesting book, the hours fly by without my noticing.","1, 1 | 2, 2 | 3, 3 | 4, 4 | 5, 5",,,,,,,y,,,absorption,,
absorption_9_bl,survey_perception_substance_use,,radio,One of my better qualities is the ability to put 100 percent of my attention to a task at han,"1, 1 | 2, 2 | 3, 3 | 4, 4 | 5, 5",,,,,,,y,,,absorption,,
absorption_10_bl,survey_perception_substance_use,,radio,I can do bills or paperwork with the television or radio on and still maintain my concentration.,"1, 1 | 2, 2 | 3, 3 | 4, 4 | 5, 5",,,,,,,y,,,absorption,,
absorption_11_bl,survey_perception_substance_use,,radio,I do not like it when I have to divide my attention between two things at once.,"1, 1 | 2, 2 | 3, 3 | 4, 4 | 5, 5",,,,,,,y,,,absorption,,
absorption_12_bl,survey_perception_substance_use,,radio,"When watching television, I lose myself in a character.","1, 1 | 2, 2 | 3, 3 | 4, 4 | 5, 5",,,,,,,y,,,absorption,,
absorption_13_bl,survey_perception_substance_use,,radio,"When with a group, I am good at listening to several conversations at once.","1, 1 | 2, 2 | 3, 3 | 4, 4 | 5, 5",,,,,,,y,,,absorption,,
absorption_14_bl,survey_perception_substance_use,,radio,"My day dreams are so real, I sometimes mistake them for actual events.","1, 1 | 2, 2 | 3, 3 | 4, 4 | 5, 5",,,,,,,y,,,absorption,,
absorption_15_bl,survey_perception_substance_use,,radio,"When driving, I have difficulty following another person's conversation because it distracts me from the road.","1, 1 | 2, 2 | 3, 3 | 4, 4 | 5, 5",,,,,,,y,,,absorption,,
absorption_16_bl,survey_perception_substance_use,,radio,I can study well in a noisy environment.,"1, 1 | 2, 2 | 3, 3 | 4, 4 | 5, 5",,,,,,,y,,,absorption,,
absorption_17_bl,survey_perception_substance_use,,radio,I can easily become absorbed in my own thoughts.,"1, 1 | 2, 2 | 3, 3 | 4, 4 | 5, 5",,,,,,,y,,,absorption,,
absorption_18_bl,survey_perception_substance_use,,radio,"When concentrating on a task, it is difficult for other people to get my attention.","1, 1 | 2, 2 | 3, 3 | 4, 4 | 5, 5",,,,,,,y,,,absorption,,
absorption_19_bl,survey_perception_substance_use,,radio,I have difficulty concentrating.,"1, 1 | 2, 2 | 3, 3 | 4, 4 | 5, 5",,,,,,,y,,,absorption,,
absorption_20_bl,survey_perception_substance_use,,radio,I am easily distracted by things around me.,"1, 1 | 2, 2 | 3, 3 | 4, 4 | 5, 5",,,,,,,y,,,absorption,,
absorption_tot_bl,survey_perception_substance_use,,calc,ETAS total score,[absorption_1_bl]+[absorption_2_bl]+[absorption_3_bl]+[absorption_4_bl]+[absorption_5_bl]+[absorption_6_bl]+[absorption_7_bl]+[absorption_8_bl]+[absorption_9_bl]+[absorption_10_bl]+[absorption_11_bl]+[absorption_12_bl]+[absorption_13_bl]+[absorption_14_bl]+[absorption_15_bl]+[absorption_16_bl]+[absorption_17_bl]+[absorption_18_bl]-[absorption_19_bl]-[absorption_20_bl]-[absorption_11_bl]-[absorption_13_bl],,,,,,,,,,,, @HIDDEN
aaq1_bl,survey_perception_substance_use,"""Module: Acceptance and Worry

Below you will find a list of statements. Please rate how true each statement is for you.",radio,My painful experiences and memories make it difficult for me to live a life that I would value.,"1, Never true | 2, Very seldom true | 3, Seldom true | 4, Sometimes true | 5, Frequently true | 6, Almost always true | 7, Always true",,,,,,,y,,,aaq,,
aaq2_bl,survey_perception_substance_use,,radio,I'm afraid of my feelings.,"1, Never true | 2, Very seldom true | 3, Seldom true | 4, Sometimes true | 5, Frequently true | 6, Almost always true | 7, Always true",,,,,,,y,,,aaq,,
aaq3_bl,survey_perception_substance_use,,radio,I worry about not being able to control my worries and feelings.,"1, Never true | 2, Very seldom true | 3, Seldom true | 4, Sometimes true | 5, Frequently true | 6, Almost always true | 7, Always true",,,,,,,y,,,aaq,,
aaq4_bl,survey_perception_substance_use,,radio,My painful memories prevent me from having a fulfilling life.,"1, Never true | 2, Very seldom true | 3, Seldom true | 4, Sometimes true | 5, Frequently true | 6, Almost always true | 7, Always true",,,,,,,y,,,aaq,,
aaq5_bl,survey_perception_substance_use,,radio,Emotions cause problems in my life.,"1, Never true | 2, Very seldom true | 3, Seldom true | 4, Sometimes true | 5, Frequently true | 6, Almost always true | 7, Always true",,,,,,,y,,,aaq,,
aaq6_bl,survey_perception_substance_use,,radio,It seems like most people are handling their lives better than I am.,"1, Never true | 2, Very seldom true | 3, Seldom true | 4, Sometimes true | 5, Frequently true | 6, Almost always true | 7, Always true",,,,,,,y,,,aaq,,
aaq7_bl,survey_perception_substance_use,,radio,Worries get in the way of my success.,"1, Never true | 2, Very seldom true | 3, Seldom true | 4, Sometimes true | 5, Frequently true | 6, Almost always true | 7, Always true",,,,,,,y,,,aaq,,
aaq_tot_bl,survey_perception_substance_use,,calc,Acceptance and Action Questionnaire Total Score,[aaq1_bl]+[aaq2_bl]+[aaq3_bl]+[aaq4_bl]+[aaq5_bl]+[aaq6_bl]+[aaq7_bl],,,,,,,,,,,, @HIDDEN
survey1_finish,survey_perception_substance_use,,radio,"<div class=""rich-text-field-label""><p><span style=""font-weight: normal;"">Thank you for answering those questions!</span></p> <p><span style=""font-weight: normal;"">ONE MORE muuuuuch briefer set of questionnaires and then it's time to play the games!</span></p></div>","1, Click to go onto the last questions before the games!",,,,,,,y,,,,,
pcpsincepsychedelic,survey_perception_substance_use,,calc,"If PCP was more recent than psychedelic = 1

Otherwise returns 0 and we're clear. ","if([pcp_dayslastuse] > [psych_dayslastuse_nomicro],0,1)",,,,,,,,,,,, @HIDDEN-SURVEY
mdmasincepsychedelic,survey_perception_substance_use,,calc,"If MDMA was more recent than psychedelic = 1

Otherwise returns 0 and we're clear. ","if([mdma_dayslastuse] > [psych_dayslastuse_nomicro],0,1)",,,,,,,,,,,, @HIDDEN-SURVEY
mjsincepsychedelic,survey_perception_substance_use,,calc,"If Cannabis was more recent than psychedelic = 1

Otherwise returns 0 and we're clear. ","if([mj_dayslastuse] > [psych_dayslastuse_nomicro],0,1)",,,,,,,,,,,, @HIDDEN-SURVEY
amphsincepsychedelic,survey_perception_substance_use,,calc,"If Amphetamine was more recent than psychedelic = 1

Otherwise returns 0 and we're clear. ","if([amph_dayslastuse] > [psych_dayslastuse_nomicro],0,1)",,,,,,,,,,,, @HIDDEN-SURVEY
cokesincepsychedelic,survey_perception_substance_use,,calc,"If Cocaine was more recent than psychedelic = 1

Otherwise returns 0 and we're clear. ","if([coke_dayslastuse] > [psych_dayslastuse_nomicro],0,1)",,,,,,,,,,,, @HIDDEN-SURVEY
scopsincepsychedelic,survey_perception_substance_use,,calc,"If Scopolamine was more recent than psychedelic = 1

Otherwise returns 0 and we're clear. ","if([scopolamine_dayslastuse] > [psych_dayslastuse_nomicro],0,1)",,,,,,,,,,,, @HIDDEN-SURVEY
ibosincepsychedelic,survey_perception_substance_use,,calc,"If Ibogaine was more recent than psychedelic = 1

Otherwise returns 0 and we're clear. ","if([ibogaine_dayslastuse] > [psych_dayslastuse_nomicro],0,1)",,,,,,,,,,,, @HIDDEN-SURVEY
salviasincepsychedelic,survey_perception_substance_use,,calc,"If Salvia was more recent than psychedelic = 1

Otherwise returns 0 and we're clear. ","if([salvia_dayslastuse] > [psych_dayslastuse_nomicro],0,1)",,,,,,,,,,,, @HIDDEN-SURVEY
dxmsincepsychedelic,survey_perception_substance_use,,calc,"If DXM was more recent than psychedelic = 1

Otherwise returns 0 and we're clear. ","if([dxm_dayslastuse] > [psych_dayslastuse_nomicro],0,1)",,,,,,,,,,,, @HIDDEN-SURVEY
pcpsincemicro,survey_perception_substance_use,,calc,"If PCP was more recent than microdose = 1

Otherwise returns 0 and we're clear. ","if([pcp_dayslastuse] > [psych_dayslastuse_micro],0,1)",,,,,,,,,,,, @HIDDEN-SURVEY
mdmasincemicro,survey_perception_substance_use,,calc,"If MDMA was more recent than microdose = 1

Otherwise returns 0 and we're clear. ","if([mdma_dayslastuse] > [psych_dayslastuse_micro],0,1)",,,,,,,,,,,, @HIDDEN-SURVEY
mjsincemicro,survey_perception_substance_use,,calc,"If Cannabis was more recent than microdose = 1

Otherwise returns 0 and we're clear. ","if([mj_dayslastuse] > [psych_dayslastuse_micro],0,1)",,,,,,,,,,,, @HIDDEN-SURVEY
amphsincemicro,survey_perception_substance_use,,calc,"If Amphetamine was more recent than microdose = 1

Otherwise returns 0 and we're clear. ","if([amph_dayslastuse] > [psych_dayslastuse_micro],0,1)",,,,,,,,,,,, @HIDDEN-SURVEY
cokesincemicro,survey_perception_substance_use,,calc,"If Cocaine was more recent than microdose = 1

Otherwise returns 0 and we're clear. ","if([coke_dayslastuse] > [psych_dayslastuse_micro],0,1)",,,,,,,,,,,, @HIDDEN-SURVEY
scopsincemicro,survey_perception_substance_use,,calc,"If Scopolamine was more recent than microdose = 1

Otherwise returns 0 and we're clear. ","if([scopolamine_dayslastuse] > [psych_dayslastuse_micro],0,1)",,,,,,,,,,,, @HIDDEN-SURVEY
ibosincemicro,survey_perception_substance_use,,calc,"If Ibogaine was more recent than microdose = 1

Otherwise returns 0 and we're clear. ","if([ibogaine_dayslastuse] > [psych_dayslastuse_micro],0,1)",,,,,,,,,,,, @HIDDEN-SURVEY
salviasincemicro,survey_perception_substance_use,,calc,"If Salvia was more recent than microdose = 1

Otherwise returns 0 and we're clear. ","if([salvia_dayslastuse] > [psych_dayslastuse_micro],0,1)",,,,,,,,,,,, @HIDDEN-SURVEY
dxmsincemicro,survey_perception_substance_use,,calc,"If DXM was more recent than microdose = 1

Otherwise returns 0 and we're clear. ","if([dxm_dayslastuse] > [psych_dayslastuse_micro],0,1)",,,,,,,,,,,, @HIDDEN-SURVEY
pcp_more_month_mic,survey_perception_substance_use,,calc,"If more PCP in past month than psychedelic = 1

Otherwise returns 0 and we're clear. ","if([pcp_month] > [psycheduse_month],0,1)",,,,,,,,,,,, @HIDDEN-SURVEY
mdma_more_month_mic,survey_perception_substance_use,,calc,"If more MDMA in past month than psychedelic = 1

Otherwise returns 0 and we're clear. ","if([mdma_month] > [psycheduse_month],0,1)",,,,,,,,,,,, @HIDDEN-SURVEY
mj_more_month_mic,survey_perception_substance_use,,calc,"If more Cannabis in past month than psychedelic = 1

Otherwise returns 0 and we're clear. ","if([mj_month] > [psycheduse_month],0,1)",,,,,,,,,,,, @HIDDEN-SURVEY
amph_more_month_mic,survey_perception_substance_use,,calc,"If more Amphetamine in past month than psychedelic = 1

Otherwise returns 0 and we're clear. ","if([amph_month] > [psycheduse_month],0,1)",,,,,,,,,,,, @HIDDEN-SURVEY
coke_more_month_mic,survey_perception_substance_use,,calc,"If more Cocaine in past month than psychedelic = 1

Otherwise returns 0 and we're clear. ","if([coke_month] > [psycheduse_month],0,1)",,,,,,,,,,,, @HIDDEN-SURVEY
scop_more_month_mic,survey_perception_substance_use,,calc,"If more Scopolamine in past month than psychedelic = 1

Otherwise returns 0 and we're clear. ","if([scopolamine_month] > [psycheduse_month],0,1)",,,,,,,,,,,, @HIDDEN-SURVEY
ibo_more_month_mic,survey_perception_substance_use,,calc,"If more Ibogaine in past month than psychedelic = 1

Otherwise returns 0 and we're clear. ","if([ibogaine_month] > [psycheduse_month],0,1)",,,,,,,,,,,, @HIDDEN-SURVEY
salvia_more_month_mic,survey_perception_substance_use,,calc,"If more Salvia in past month than psychedelic = 1

Otherwise returns 0 and we're clear. ","if([salvia_month] > [psycheduse_month],0,1)",,,,,,,,,,,, @HIDDEN-SURVEY
dxm_more_month_mic,survey_perception_substance_use,,calc,"If more DXM in past month than psychedelic = 1

Otherwise returns 0 and we're clear. ","if([dxm_month] > [psycheduse_month],0,1)",,,,,,,,,,,, @HIDDEN-SURVEY
pcp_more_month,survey_perception_substance_use,,calc,"If more PCP in past month than psychedelic = 1

Otherwise returns 0 and we're clear. ","if([pcp_month] > [psycheduse_month_nomic],0,1)",,,,,,,,,,,, @HIDDEN-SURVEY
mdma_more_month,survey_perception_substance_use,,calc,"If more MDMA in past month than psychedelic = 1

Otherwise returns 0 and we're clear. ","if([mdma_month] > [psycheduse_month_nomic],0,1)",,,,,,,,,,,, @HIDDEN-SURVEY
mj_more_month,survey_perception_substance_use,,calc,"If more Cannabis in past month than psychedelic = 1

Otherwise returns 0 and we're clear. ","if([mj_month] > [psycheduse_month_nomic],0,1)",,,,,,,,,,,, @HIDDEN-SURVEY
amph_more_month,survey_perception_substance_use,,calc,"If more Amphetamine in past month than psychedelic = 1

Otherwise returns 0 and we're clear. ","if([amph_month] > [psycheduse_month_nomic],0,1)",,,,,,,,,,,, @HIDDEN-SURVEY
coke_more_month,survey_perception_substance_use,,calc,"If more Cocaine in past month than psychedelic = 1

Otherwise returns 0 and we're clear. ","if([coke_month] > [psycheduse_month_nomic],0,1)",,,,,,,,,,,, @HIDDEN-SURVEY
scop_more_month,survey_perception_substance_use,,calc,"If more Scopolamine in past month than psychedelic = 1

Otherwise returns 0 and we're clear. ","if([scopolamine_month] > [psycheduse_month_nomic],0,1)",,,,,,,,,,,, @HIDDEN-SURVEY
ibo_more_month,survey_perception_substance_use,,calc,"If more Ibogaine in past month than psychedelic = 1

Otherwise returns 0 and we're clear. ","if([ibogaine_month] > [psycheduse_month_nomic],0,1)",,,,,,,,,,,, @HIDDEN-SURVEY
salvia_more_month,survey_perception_substance_use,,calc,"If more Salvia in past month than psychedelic = 1

Otherwise returns 0 and we're clear. ","if([salvia_month] > [psycheduse_month_nomic],0,1)",,,,,,,,,,,, @HIDDEN-SURVEY
dxm_more_month,survey_perception_substance_use,,calc,"If more DXM in past month than psychedelic = 1

Otherwise returns 0 and we're clear. ","if([dxm_month] > [psycheduse_month_nomic],0,1)",,,,,,,,,,,, @HIDDEN-SURVEY
pcp_more_6month,survey_perception_substance_use,,calc,"If more PCP in past 6month than psychedelic = 1

Otherwise returns 0 and we're clear. ","if([pcp_6month] > [psycheduse_6month_nomic],0,1)",,,,,,,,,,,, @HIDDEN-SURVEY
mdma_more_6month,survey_perception_substance_use,,calc,"If more MDMA in past 6month than psychedelic = 1

Otherwise returns 0 and we're clear. ","if([mdma_6month] > [psycheduse_6month_nomic],0,1)",,,,,,,,,,,, @HIDDEN-SURVEY
mj_more_6month,survey_perception_substance_use,,calc,"If more Cannabis in past 6month than psychedelic = 1

Otherwise returns 0 and we're clear. ","if([mj_6month] > [psycheduse_6month_nomic],0,1)",,,,,,,,,,,, @HIDDEN-SURVEY
amph_more_6month,survey_perception_substance_use,,calc,"If more Amphetamine in past 6month than psychedelic = 1

Otherwise returns 0 and we're clear. ","if([amph_6month] > [psycheduse_6month_nomic],0,1)",,,,,,,,,,,, @HIDDEN-SURVEY
coke_more_6month,survey_perception_substance_use,,calc,"If more Cocaine in past 6month than psychedelic = 1

Otherwise returns 0 and we're clear. ","if([coke_6month] > [psycheduse_6month_nomic],0,1)",,,,,,,,,,,, @HIDDEN-SURVEY
scop_more_6month,survey_perception_substance_use,,calc,"If more Scopolamine in past 6month than psychedelic = 1

Otherwise returns 0 and we're clear. ","if([scopolamine_6month] > [psycheduse_6month_nomic],0,1)",,,,,,,,,,,, @HIDDEN-SURVEY
ibo_more_6month,survey_perception_substance_use,,calc,"If more Ibogaine in past 6month than psychedelic = 1

Otherwise returns 0 and we're clear. ","if([ibogaine_6month] > [psycheduse_6month_nomic],0,1)",,,,,,,,,,,, @HIDDEN-SURVEY
salvia_more_6month,survey_perception_substance_use,,calc,"If more Salvia in past 6month than psychedelic = 1

Otherwise returns 0 and we're clear. ","if([salvia_6month] > [psycheduse_6month_nomic],0,1)",,,,,,,,,,,, @HIDDEN-SURVEY
dxm_more_6month,survey_perception_substance_use,,calc,"If more DXM in past 6month than psychedelic = 1

Otherwise returns 0 and we're clear. ","if([dxm_6month] > [psycheduse_6month_nomic],0,1)",,,,,,,,,,,, @HIDDEN-SURVEY
pcp_more_6month_micro,survey_perception_substance_use,,calc,"If more PCP in past 6month than psychedelic = 1

Otherwise returns 0 and we're clear. ","if([pcp_6month] > [psycheduse_6month],0,1)",,,,,,,,,,,, @HIDDEN-SURVEY
mdma_more_6month_micro,survey_perception_substance_use,,calc,"If more MDMA in past 6month than psychedelic = 1

Otherwise returns 0 and we're clear. ","if([mdma_6month] > [psycheduse_6month],0,1)",,,,,,,,,,,, @HIDDEN-SURVEY
mj_more_6month_micro,survey_perception_substance_use,,calc,"If more Cannabis in past 6month than psychedelic = 1

Otherwise returns 0 and we're clear. ","if([mj_6month] > [psycheduse_6month],0,1)",,,,,,,,,,,, @HIDDEN-SURVEY
amph_more_6month_micro,survey_perception_substance_use,,calc,"If more Amphetamine in past 6month than psychedelic = 1

Otherwise returns 0 and we're clear. ","if([amph_6month] > [psycheduse_6month],0,1)",,,,,,,,,,,, @HIDDEN-SURVEY
coke_more_6month_micro,survey_perception_substance_use,,calc,"If more Cocaine in past 6month than psychedelic = 1

Otherwise returns 0 and we're clear. ","if([coke_6month] > [psycheduse_6month],0,1)",,,,,,,,,,,, @HIDDEN-SURVEY
scop_more_6month_micro,survey_perception_substance_use,,calc,"If more Scopolamine in past 6month than psychedelic = 1

Otherwise returns 0 and we're clear. ","if([scopolamine_6month] > [psycheduse_6month],0,1)",,,,,,,,,,,, @HIDDEN-SURVEY
ibo_more_6month_micro,survey_perception_substance_use,,calc,"If more Ibogaine in past 6month than psychedelic = 1

Otherwise returns 0 and we're clear. ","if([ibogaine_6month] > [psycheduse_6month],0,1)",,,,,,,,,,,, @HIDDEN-SURVEY
salvia_more_6month_micro,survey_perception_substance_use,,calc,"If more Salvia in past 6month than psychedelic = 1

Otherwise returns 0 and we're clear. ","if([salvia_6month] > [psycheduse_6month],0,1)",,,,,,,,,,,, @HIDDEN-SURVEY
dxm_more_6month_micro,survey_perception_substance_use,,calc,"If more DXM in past 6month than psychedelic = 1

Otherwise returns 0 and we're clear. ","if([dxm_6month] > [psycheduse_6month],0,1)",,,,,,,,,,,, @HIDDEN-SURVEY
ausduscomments,survey_perception_substance_use, ,notes,"<div class=""rich-text-field-label""><p>If you have any comments on this part of the survey or wish to share any more explanatory information regarding your substance use, please use this space to do so.</p></div>",,,,,,,,,,,,,
survey1_timestamp_end,survey_perception_substance_use,,text,,,,datetime_seconds_dmy,,,,,,,,,, @NOW @HIDDEN-SURVEY
sps_since_survey,family_history_and_asi,,text,"<div class=""rich-text-field-label""><p><span style=""text-decoration: underline;"">S</span><span style=""text-decoration: underline;"">ince</span><span style=""font-weight: normal;""> you </span><span style=""text-decoration: underline;"">first</span> <span style=""font-weight: normal;"">completed our games, </span><span style=""text-decoration: underline;"">how many <em>times</em> have you used psychedelics</span><span style=""font-weight: normal;"">? </span></p> <p><em><span style=""font-weight: normal;"">(please </span>put ""0"" if you have NOT used a psychedelic since you played our games!!!<span style=""font-weight: normal;"">)</span></em></p></div>",,,integer,0,1000,,"[cope_pw]=""rawraskforfollowup"" and [student_yn]='1'",y,,,,,
sps_dayslastuse,family_history_and_asi,,text,"<div class=""rich-text-field-label""><p>How many <span style=""text-decoration: underline;"">days</span><span style=""font-weight: normal;""> has it been since you last used a psychedelic?</span></p></div>",,,,,,,"[psychedelicuse_lifetimetot]>0 and [cope_pw]=""rawraskforfollowup"" and [student_yn]='1'",y,,,,,
drugsince_sp_bl,family_history_and_asi,,checkbox,"<div class=""rich-text-field-label""><p><span style=""font-weight: normal;"">Which of these psychoactive drugs have you used </span>since you last used a psychedelic<span style=""font-weight: normal;"">?</span></p></div>","1, None of these | 2, Cannabis (weed, marijuana, THC, hashish) | 3, MDMA (molly/ecstasy) | 4, PCP (angel dust, rocket fuel) | 5, Ketamine (special K, tranquilizers) | 6, Salvia Divinorum (salvia) | 7, Scopolamine (""devil's breath"" -- psychoactive doses) | 8, Ibogaine (iboga bush) | 9, Dextromethorphan (""DXM"", ""Robotripping"" -- psychoactive doses) | 10, Sedative-Hypnotics like Benzodiazepines or sleeping pills (Xanax, Valium, GHB, Ambien, etc.) -- USED WITHOUT A PRESCRIPTION AND/OR FOR NON-PRESCRIBED PURPOSE   | 11, Opioids (heroin, morphine, oxy, codeine, etc.) | 12, Cocaine, crack, or Amphetamines (meth, adderall, ritalin, speed) | 13, Alcohol | 14, Inhalants",,,,,,"[cope_pw]=""rawraskforfollowup"" and [student_yn]='1'",y,,,,,
mjfreq_bl,family_history_and_asi,,text,About how many times have you used cannabis since you last took a psychedelic?,,,,,,,[drugsince_sp_bl(2)] = '1',y,,,,,
mjdays_bl,family_history_and_asi,,text,About how many days has it been since you last used cannabis? ,,,number,1,,,[drugsince_sp_bl(2)] = '1',y,,,,,
mdmafreq_bl,family_history_and_asi,,text,About how many times have you used MDMA since you last used a psychedelic?,,,,,,,[drugsince_sp_bl(3)] = '1',y,RH,,,,
mdmadays_bl,family_history_and_asi,,text,About how many days has it been since you last used MDMA? ,,,number,1,,,[drugsince_sp_bl(3)] = '1',y,,,,,
pcpfreq_bl,family_history_and_asi,,text,About how many times have you used PCP since you last used a psychedelic?,,,,,,,[drugsince_sp_bl(4)] = '1',y,RH,,,,
pcpdays_bl,family_history_and_asi,,text,About how many days has it been since you last used PCP? ,,,number,1,,,[drugsince_sp_bl(4)] = '1',y,,,,,
ketaminefreq_bl,family_history_and_asi,,text,About how many times have you used Ketamine since you last used a psychedelic?,,,,,,,[drugsince_sp_bl(5)] = '1',y,RH,,,,
ketaminedays_bl,family_history_and_asi,,text,About how many days has it been since you last used ketamine? ,,,number,1,,,[drugsince_sp_bl(5)] = '1',y,,,,,
salviafreq_bl,family_history_and_asi,,text,About how many times have you used Salvia since you last used a psychedelic?,"1, less than once a year | 2, once a year | 3, once every 3-6 months (2-4 times/yr) | 4, once every 2 months (6 times/yr) | 5, once a month (12 times/yr) | 6, 2 - 3 times per month | 7, weekly | 8, twice per week | 9, 3 - 4 times per week | 10, 5 - 6 times per week | 11, Daily | 12, Multiple times per day",,,,,,[drugsince_sp_bl(6)] = '1',y,RH,,,,
salviadays_bl,family_history_and_asi,,text,About how many days has it been since you last used salvia?,,,number,1,,,[drugsince_sp_bl(6)] = '1',y,,,,,
scopfreq_bl,family_history_and_asi,,text,About how many times have you used Scopolamine (psychoactive doses)  since you last used a psychedelic?,"1, less than once a year | 2, once a year | 3, once every 3-6 months (2-4 times/yr) | 4, once every 2 months (6 times/yr) | 5, once a month (12 times/yr) | 6, 2 - 3 times per month | 7, weekly | 8, twice per week | 9, 3 - 4 times per week | 10, 5 - 6 times per week | 11, Daily | 12, Multiple times per day",,,,,,[drugsince_sp_bl(7)] = '1',y,RH,,,,
scopdays_bl,family_history_and_asi,,text,About how many days has it been since you last used a psychoactive dose of Scopolamine? ,,,number,1,,,[drugsince_sp_bl(7)] = '1',y,,,,,
ibogainefreq_bl,family_history_and_asi,,text,About how many times have you used Ibogaine since you last used a psychedelic?,"1, less than once a year | 2, once a year | 3, once every 3-6 months (2-4 times/yr) | 4, once every 2 months (6 times/yr) | 5, once a month (12 times/yr) | 6, 2 - 3 times per month | 7, weekly | 8, twice per week | 9, 3 - 4 times per week | 10, 5 - 6 times per week | 11, Daily | 12, Multiple times per day",,,,,,[drugsince_sp_bl(8)] = '1',y,RH,,,,
ibogainedays_bl,family_history_and_asi,,text,About how many days has it been since you last used Ibogaine? ,,,number,1,,,[drugsince_sp_bl(8)] = '1',y,,,,,
dxmfreq_bl,family_history_and_asi,,text,About how many times have you used Dextromethorphan (DXM)  since you last used a psychedelic?,"1, less than once a year | 2, once a year | 3, once every 3-6 months (2-4 times/yr) | 4, once every 2 months (6 times/yr) | 5, once a month (12 times/yr) | 6, 2 - 3 times per month | 7, weekly | 8, twice per week | 9, 3 - 4 times per week | 10, 5 - 6 times per week | 11, Daily | 12, Multiple times per day",,,,,,[drugsince_sp_bl(9)] = '1',y,RH,,,,
dxmdays_bl,family_history_and_asi,,text,About how many days has it been since you last used Dextromethorphan (DXM)? ,,,number,1,,,[drugsince_sp_bl(9)] = '1',y,,,,,
ghbfreq_bl,family_history_and_asi,,text,"About how many times have you used Benzodiazepines, depressants, or sleeping pills (Xanax, Valium, GHB, etc.) since you last used a psychedelic?",,,number,,,,[drugsince_sp_bl(10)] = '1',y,RH,,,,
ghbdays_bl,family_history_and_asi,,text,"About how many days has it been since you last used Sedative-Hypnotics like Benzodiazepines or sleeping pills (Xanax, Valium, GHB, Ambien, etc.) -- USED WITHOUT A PRESCRIPTION AND/OR FOR NON-PRESCRIBED PURPOSE  ? ",,,number,,,,[drugsince_sp_bl(10)] = '1',y,,,,,
opioidfreq_bl,family_history_and_asi,,text,About how many times have you used Opioids since you last used a psychedelic?,,,number,,,,[drugsince_sp_bl(11)] = '1',y,RH,,,,
opioiddays_bl,family_history_and_asi,,text,About how many days has it been since you last used Opioids? ,,,number,,,,[drugsince_sp_bl(11)] = '1',y,,,,,
cokefreq_bl,family_history_and_asi,,text,"About how many times have you used Cocaine, Crack, or Amphetamines since you last used a psychedelic?",,,number,,,,[drugsince_sp_bl(12)] = '1',y,RH,,,,
cokedays_bl,family_history_and_asi,,text,"About how many days has it been since you last used Cocaine, Crack, or Amphetamines? ",,,number,,,,[drugsince_sp_bl(12)] = '1',y,,,,,
alcfreq_bl,family_history_and_asi,,text,About how many times have you used Alcohol since you last used a psychedelic?,,,number,,,,[drugsince_sp_bl(13)] = '1',y,RH,,,,
alcdays_bl,family_history_and_asi,,text,About how many days has it been since you last used Alcohol? ,,,number,,,,[drugsince_sp_bl(13)] = '1',y,,,,,
inhalantsfreq_bl,family_history_and_asi,,text,About how many times have you used Inhalants since you last used a psychedelic?,,,number,,,,[drugsince_sp_bl(14)] = '1',y,RH,,,,
inhalantsdays_bl,family_history_and_asi,,text,About how many days has it been since you last used Inhalants? ,,,number,,,,[drugsince_sp_bl(14)] = '1',y,,,,,
otherdrug_bl,family_history_and_asi,,notes,"Please list any any other psychoactive drugs we haven't discussed that you have used since last using a psychedelic, including how many days it has been since you last used it and how many times you've used it since last taking a psychedelic.  ",,,,,,,"[cope_pw]=""rawraskforfollowup"" and [student_yn]='1'",,,,,,
newrx_bl,family_history_and_asi,,yesno,Have you started any new psychiatric medications since you last took a psychedelic? ,,,,,,,"[cope_pw]=""rawraskforfollowup"" and [student_yn]='1'",y,,,,,
newrxname_bl,family_history_and_asi,,notes,Please list any medications you have started since last taking a psychedelic. ,,,,,,,[newrx_bl] = '1' and [student_yn]='1',,,,,,
family_hx_psychosis,family_history_and_asi,"Module: Family Psychosis History
<em>Your Questionnaires Progress:</em></p> <div class=""progress"" style=""height: 15px; width: 50%;""><br>  <div class=""progress-bar"" style=""width: 85%;"" role=""progressbar"">85%</div> </div> <p> </p> <div style=""font-size: 8pt; font-family: cursive;""> </div> <p> </p></div>",radio,"<div class=""rich-text-field-label""><p><span style=""font-weight: normal;"">Have any of your biological (</span>blood-related<span style=""font-weight: normal;"">) relatives been </span><em>diagnosed</em><span style=""font-weight: normal;""> with or </span><em>experienced</em><span style=""font-weight: normal;""> symptoms of </span>psychosis?</p> <p><span style=""font-weight: normal;"">(This includes </span>seeing, hearing, feeling, tasting etc. things that others cannot<span style=""font-weight: normal;"">, having </span>beliefs that don't make sense and cannot be changed by disproving evidence<span style=""font-weight: normal;"">)</span></p> <p><span style=""font-weight: normal;""> (Disorders related to psychosis include: </span>Schizophrenia, Schizoaffective disorder, Bipolar disorder <em>with Psychotic Features</em>, Depression <em>with Psychotic Features</em>, Delusional Disorder, Brief Psychotic Disorder<span style=""font-weight: normal;"">, </span>Substance-Induced Psychotic Disorder, Psychotic Disorder Due to a Medical Condition <span style=""font-weight: normal;"">or </span>Psychosis NOS (Not Otherwise Specified<span style=""font-weight: normal;"">) )</span></p></div>","1, Yes | 2, No | 3, I'm not sure",,,,,,,y,,,,,
whichrelatives_psychosis,family_history_and_asi,,checkbox,"<div class=""rich-text-field-label""><p><span style=""font-weight: normal;"">Which </span>blood-related relative(s)<span style=""font-weight: normal;""> have experienced psychosis or related conditions (these include: </span>schizophrenia<span style=""font-weight: normal;"">, </span>schizoaffective disorder<span style=""font-weight: normal;"">, </span>bipolar disorder <em>with psychotic features</em><span style=""font-weight: normal;"">, </span>Depression <em>with Psychotic Features</em><span style=""font-weight: normal;"">, </span>Delusional Disorder<span style=""font-weight: normal;"">, </span>Brief Psychotic Disorder<span style=""font-weight: normal;"">, or </span>Psychosis NOS <span style=""font-weight: normal;"">(</span><span style=""font-weight: normal;"">Not Otherwise Specified)</span><span style=""font-weight: normal;"">)? </span><br><em><span style=""font-weight: normal;"">(Please check all that apply)</span></em></p></div>","1, Father | 2, Mother | 3, Twin | 4, Sibling(s) | 5, Son | 6, Daughter | 7, Grandparent(s) | 8, Aunt(s) / Uncle(s) | 9, Cousin(s) | 10, Other",,,,,,[family_hx_psychosis]='1' or [family_hx_psychosis]='3',y,,,,,
twin_type,family_history_and_asi,,checkbox,"<div class=""rich-text-field-label""><p><span style=""font-weight: normal;"">Is your twin </span>identical<span style=""font-weight: normal;""> <em>(same exact</em> <em>appearance</em>) or </span>fraternal<span style=""font-weight: normal;""> (<em>different appearance and/or sex</em>) </span></p></div>","1, Identical (they looked the same as me in childhood) | 2, Fraternal (they are like a brother/sister but the same age)",,,,,,[whichrelatives_psychosis(3)]='1',y,,,,,
othersspecified,family_history_and_asi,,notes,"In the previous question, you selected 'Other' when identifying relatives with psychosis. Please specify the relationship and any additional details you feel are relevant.",,,,,,,[whichrelatives_psychosis(10)] = '1',y,,,,,
suspicion_yn_psychosis_dad,family_history_and_asi,,radio,"<div class=""rich-text-field-label""><p><span style=""font-weight: normal;"">Did your </span>father<span style=""font-weight: normal;""> tell you that he was </span>diagnosed<span style=""font-weight: normal;""> by a healthcare professional, or did you just </span>know<span style=""font-weight: normal;""> that he experienced hallucinations (seeing or hearing things that aren't there) or delusions (strongly believing things that are not based in reality)?</span></p></div>","1, Diagnosed by a healthcare professional | 2, Strongly suspected of experiencing hallucinations/delusions | 3, I'm not sure",,,,,,([family_hx_psychosis]='1' or [family_hx_psychosis]='3') and [whichrelatives_psychosis(1)]='1',y,,,,,
suspicion_yn_psychosis_mom,family_history_and_asi,,radio,"<div class=""rich-text-field-label""><p><span style=""font-weight: normal;"">Did your </span>mother<span style=""font-weight: normal;""> tell you that</span> <span style=""font-weight: normal;"">she</span> <span style=""font-weight: normal;"">was </span>diagnosed<span style=""font-weight: normal;""> by a healthcare professional, or did you just </span>know<span style=""font-weight: normal;""> that she experienced hallucinations (seeing or hearing things that aren't there) or delusions (strongly believing things that are not based in reality)?</span></p></div>","1, Diagnosed by a healthcare professional | 2, Strongly suspected of experiencing hallucinations/delusions | 3, I'm not sure",,,,,,([family_hx_psychosis]='1' or [family_hx_psychosis]='3') and [whichrelatives_psychosis(2)]='1',,,,,,
suspicion_yn_psychosis_twin,family_history_and_asi,,radio,"<div class=""rich-text-field-label""><p><span style=""font-weight: normal;"">Did your </span>twin<span style=""font-weight: normal;""> tell you that he/she was </span>diagnosed<span style=""font-weight: normal;""> by a healthcare professional, or did you just </span>know<span style=""font-weight: normal;""> that he/she experienced hallucinations (seeing or hearing things that aren't there) or delusions (strongly believing things that are not based in reality)?</span></p></div>","1, Diagnosed by a healthcare professional | 2, Strongly suspected of experiencing hallucinations/delusions | 3, I'm not sure",,,,,,([family_hx_psychosis]='1' or [family_hx_psychosis]='3') and [whichrelatives_psychosis(3)]='1',,,,,,
suspicion_yn_psychosis_sib,family_history_and_asi,,radio,"<div class=""rich-text-field-label""><p><span style=""font-weight: normal;"">Did your </span>sibling(s)<span style=""font-weight: normal;""> tell you that they were </span>diagnosed<span style=""font-weight: normal;""> by a healthcare professional, or did you just </span>know<span style=""font-weight: normal;""> that they experienced hallucinations (seeing or hearing things that aren't there) or delusions (strongly believing things that are not based in reality)?</span></p></div>","1, Diagnosed by a healthcare professional | 2, Strongly suspected of experiencing hallucinations/delusions | 3, I'm not sure",,,,,,([family_hx_psychosis]='1' or [family_hx_psychosis]='3') and [whichrelatives_psychosis(4)]='1',,,,,,
suspicion_yn_psychosis_son,family_history_and_asi,,radio,"<div class=""rich-text-field-label""><p><span style=""font-weight: normal;"">Did your </span>son<span style=""font-weight: normal;""> tell you that he was </span>diagnosed<span style=""font-weight: normal;""> by a healthcare professional, or did you just </span>know<span style=""font-weight: normal;""> that he experienced hallucinations (seeing or hearing things that aren't there) or delusions (strongly believing things that are not based in reality)?</span></p></div>","1, Diagnosed by a healthcare professional | 2, Strongly suspected of experiencing hallucinations/delusions | 3, I'm not sure",,,,,,([family_hx_psychosis]='1' or [family_hx_psychosis]='3') and [whichrelatives_psychosis(5)]='1',,,,,,
suspicion_yn_psychosis_daughter,family_history_and_asi,,radio,"<div class=""rich-text-field-label""><p><span style=""font-weight: normal;"">Did your </span>daughter<span style=""font-weight: normal;""> tell you that she was </span>diagnosed<span style=""font-weight: normal;""> by a healthcare professional, or did you just </span>know<span style=""font-weight: normal;""> that she experienced hallucinations (seeing or hearing things that aren't there) or delusions (strongly believing things that are not based in reality)?</span></p></div>","1, Diagnosed by a healthcare professional | 2, Strongly suspected of experiencing hallucinations/delusions | 3, I'm not sure",,,,,,([family_hx_psychosis]='1' or [family_hx_psychosis]='3') and [whichrelatives_psychosis(6)]='1',,,,,,
suspicion_yn_psychosis_grandp,family_history_and_asi,,radio,"<div class=""rich-text-field-label""><p><span style=""font-weight: normal;"">Did your </span>grandparent(s) <span style=""font-weight: normal;"">tell you that they were </span>diagnosed<span style=""font-weight: normal;""> by a healthcare professional, or did you just </span>know<span style=""font-weight: normal;""> that they experienced hallucinations (seeing or hearing things that aren't there) or delusions (strongly believing things that are not based in reality)?</span></p></div>","1, Diagnosed by a healthcare professional | 2, Strongly suspected of experiencing hallucinations/delusions | 3, I'm not sure",,,,,,([family_hx_psychosis]='1' or [family_hx_psychosis]='3') and [whichrelatives_psychosis(7)]='1',,,,,,
suspicion_yn_psychosis_aunt,family_history_and_asi,,radio,"<div class=""rich-text-field-label""><p><span style=""font-weight: normal;"">Did your</span><span style=""font-weight: normal;""> </span>aunt/uncle(s)<span style=""font-weight: normal;""> tell you that they were </span>diagnosed<span style=""font-weight: normal;""> by a healthcare professional, or did you just </span>know<span style=""font-weight: normal;""> that they experienced hallucinations (seeing or hearing things that aren't there) or delusions (strongly believing things that are not based in reality)?</span></p></div>","1, Diagnosed by a healthcare professional | 2, Strongly suspected of experiencing hallucinations/delusions | 3, I'm not sure",,,,,,([family_hx_psychosis]='1' or [family_hx_psychosis]='3') and [whichrelatives_psychosis(8)]='1',,,,,,
suspicion_yn_psychosis_cousin,family_history_and_asi,,radio,"<div class=""rich-text-field-label""><p><span style=""font-weight: normal;"">Did your</span><span style=""font-weight: normal;""> </span>cousin(s)<span style=""font-weight: normal;""> tell you that they was </span>diagnosed<span style=""font-weight: normal;""> by a healthcare professional, or did you just </span>know<span style=""font-weight: normal;""> that they experienced hallucinations (seeing or hearing things that aren't there) or delusions (strongly believing things that are not based in reality)?</span></p></div>","1, Diagnosed by a healthcare professional | 2, Strongly suspected of experiencing hallucinations/delusions | 3, I'm not sure",,,,,,([family_hx_psychosis]='1' or [family_hx_psychosis]='3') and [whichrelatives_psychosis(9)]='1',,,,,,
suspicion_yn_psychosis_other,family_history_and_asi,,radio,"<div class=""rich-text-field-label""><p><span style=""font-weight: normal;"">Was this blood-related relative told you that they were </span>diagnosed <span style=""font-weight: normal;"">by a healthcare professional, or did you just </span>know<span style=""font-weight: normal;""> that they experienced hallucinations (seeing or hearing things that aren't there) or delusions (strongly believing things that are not based in reality)?</span></p></div>","1, Diagnosed by a healthcare professional | 2, Strongly suspected of experiencing hallucinations/delusions | 3, I'm not sure",,,,,,([family_hx_psychosis]='1' or [family_hx_psychosis]='3') and [whichrelatives_psychosis(10)]='1',,,,,,
suspicion_father_psychosis,family_history_and_asi,,checkbox,"<div class=""rich-text-field-label""><p><span style=""font-weight: normal;"">If you </span>suspected<span style=""font-weight: normal;""> that your</span> father <span style=""font-weight: normal;"">experienced hallucinations or delusions, what </span>specific behaviors<span style=""font-weight: normal;""> made you concerned?</span></p></div>","1, Seeing things others could not see | 2, Believing that others were out to get them | 3, Believing that they are irrationally special or important | 4, Thinking that they had special powers of some kind that normal people can't have | 5, Hearing voices or sounds that others could not hear | 6, Expressing strong beliefs that were unrealistic or irrational | 7, Displaying absence of emotion (or intense or inappropriate emotions) |8, Withdrawing from social interactions or relationships |9, Feeling, tasting, or smelling things other could not |10, Talking in ways that were disorganized or did not make sense |11, Behaving bizarrely like dressing inappropriately for the weather, not maintaining hygiene, or holding their body in strange postures, |12, Other",,,,,,([suspicion_yn_psychosis_dad]='2' or [suspicion_yn_psychosis_dad]='3') and [whichrelatives_psychosis(1)]='1',y,,,,,
suspicion_mother_psychosis,family_history_and_asi,,checkbox,"<div class=""rich-text-field-label""><p><span style=""font-weight: normal;"">If you </span>suspected <span style=""font-weight: normal;"">your </span>mother<span style=""font-weight: normal;""> experienced hallucinations or delusions, what</span> specific behaviors<span style=""font-weight: normal;""> made you concerned?</span></p></div>","1, Seeing things others could not see | 2, Believing that others were out to get them | 3, Believing that they are irrationally special or important | 4, Thinking that they had special powers of some kind that normal people can't have | 5, Hearing voices or sounds that others could not hear | 6, Expressing strong beliefs that were unrealistic or irrational | 7, Displaying absence of emotion (or intense or inappropriate emotions) |8, Withdrawing from social interactions or relationships |9, Feeling, tasting, or smelling things other could not |10, Talking in ways that were disorganized or did not make sense |11, Behaving bizarrely like dressing inappropriately for the weather, not maintaining hygiene, or holding their body in strange postures, |12, Other",,,,,,([suspicion_yn_psychosis_mom]='2' or [suspicion_yn_psychosis_mom]='3') and [whichrelatives_psychosis(2)]='1',y,,,,,
suspicion_twin_psychosis,family_history_and_asi,,checkbox,"<div class=""rich-text-field-label""><p><span style=""font-weight: normal;"">If you </span>suspected<span style=""font-weight: normal;""> your </span>twin <span style=""font-weight: normal;"">experienced hallucinations or delusions, what </span>specific behaviors<span style=""font-weight: normal;""> made you concerned?</span></p></div>","1, Seeing things others could not see | 2, Believing that others were out to get them | 3, Believing that they are irrationally special or important | 4, Thinking that they had special powers of some kind that normal people can't have | 5, Hearing voices or sounds that others could not hear | 6, Expressing strong beliefs that were unrealistic or irrational | 7, Displaying absence of emotion (or intense or inappropriate emotions) |8, Withdrawing from social interactions or relationships |9, Feeling, tasting, or smelling things other could not |10, Talking in ways that were disorganized or did not make sense |11, Behaving bizarrely like dressing inappropriately for the weather, not maintaining hygiene, or holding their body in strange postures, |12, Other",,,,,,([suspicion_yn_psychosis_twin]='2' or [suspicion_yn_psychosis_twin]='3') and [whichrelatives_psychosis(3)]='1',y,,,,,
suspicion_sibling_psychosis,family_history_and_asi,,checkbox,"<div class=""rich-text-field-label""><p><span style=""font-weight: normal;"">If you </span>suspected<span style=""font-weight: normal;""> your </span>sibling(s<span style=""font-weight: normal;"">) experienced hallucinations or delusions, what </span>specific behaviors<span style=""font-weight: normal;""> made you concerned?</span></p></div>","1, Seeing things others could not see | 2, Believing that others were out to get them | 3, Believing that they are irrationally special or important | 4, Thinking that they had special powers of some kind that normal people can't have | 5, Hearing voices or sounds that others could not hear | 6, Expressing strong beliefs that were unrealistic or irrational | 7, Displaying absence of emotion (or intense or inappropriate emotions) |8, Withdrawing from social interactions or relationships |9, Feeling, tasting, or smelling things other could not |10, Talking in ways that were disorganized or did not make sense |11, Behaving bizarrely like dressing inappropriately for the weather, not maintaining hygiene, or holding their body in strange postures, |12, Other",,,,,,([suspicion_yn_psychosis_sib]='2' or [suspicion_yn_psychosis_sib]='3') and [whichrelatives_psychosis(4)]='1',y,,,,,
suspicion_son_psychosis,family_history_and_asi,,checkbox,"<div class=""rich-text-field-label""><p><span style=""font-weight: normal;"">If you </span>suspected<span style=""font-weight: normal;""> your </span>son<span style=""font-weight: normal;""> experienced hallucinations or delusions, what </span>specific behaviors <span style=""font-weight: normal;"">made you concerned?</span></p></div>","1, Seeing things others could not see | 2, Believing that others were out to get them | 3, Believing that they are irrationally special or important | 4, Thinking that they had special powers of some kind that normal people can't have | 5, Hearing voices or sounds that others could not hear | 6, Expressing strong beliefs that were unrealistic or irrational | 7, Displaying absence of emotion (or intense or inappropriate emotions) |8, Withdrawing from social interactions or relationships |9, Feeling, tasting, or smelling things other could not |10, Talking in ways that were disorganized or did not make sense |11, Behaving bizarrely like dressing inappropriately for the weather, not maintaining hygiene, or holding their body in strange postures, |12, Other",,,,,,([suspicion_yn_psychosis_son]='2' or [suspicion_yn_psychosis_son]='3') and [whichrelatives_psychosis(5)]='1',y,,,,,
suspicion_daughter_psychosis,family_history_and_asi,,checkbox,"<div class=""rich-text-field-label""><p><span style=""font-weight: normal;"">If you </span>suspected<span style=""font-weight: normal;""> your </span>daughter<span style=""font-weight: normal;""> experienced hallucinations or delusions, what </span>specific behaviors <span style=""font-weight: normal;"">made you concerned?</span></p></div>","1, Seeing things others could not see | 2, Believing that others were out to get them | 3, Believing that they are irrationally special or important | 4, Thinking that they had special powers of some kind that normal people can't have | 5, Hearing voices or sounds that others could not hear | 6, Expressing strong beliefs that were unrealistic or irrational | 7, Displaying absence of emotion (or intense or inappropriate emotions) |8, Withdrawing from social interactions or relationships |9, Feeling, tasting, or smelling things other could not |10, Talking in ways that were disorganized or did not make sense |11, Behaving bizarrely like dressing inappropriately for the weather, not maintaining hygiene, or holding their body in strange postures, |12, Other",,,,,,([suspicion_yn_psychosis_daughter]='2' or [suspicion_yn_psychosis_daughter]='3') and [whichrelatives_psychosis(6)]='1',y,,,,,
suspicion_grandp_psychosis,family_history_and_asi,,checkbox,"<div class=""rich-text-field-label""><p><span style=""font-weight: normal;"">If you </span>suspected<span style=""font-weight: normal;""> your </span>grandparents<span style=""font-weight: normal;""> experienced hallucinations or delusions, what </span>specific behaviors <span style=""font-weight: normal;"">made you concerned?</span></p></div>","1, Seeing things others could not see | 2, Believing that others were out to get them | 3, Believing that they are irrationally special or important | 4, Thinking that they had special powers of some kind that normal people can't have | 5, Hearing voices or sounds that others could not hear | 6, Expressing strong beliefs that were unrealistic or irrational | 7, Displaying absence of emotion (or intense or inappropriate emotions) |8, Withdrawing from social interactions or relationships |9, Feeling, tasting, or smelling things other could not |10, Talking in ways that were disorganized or did not make sense |11, Behaving bizarrely like dressing inappropriately for the weather, not maintaining hygiene, or holding their body in strange postures, |12, Other",,,,,,([suspicion_yn_psychosis_grandp]='2' or [suspicion_yn_psychosis_grandp]='3') and [whichrelatives_psychosis(7)]='1',y,,,,,
suspicion_aunt_uncle_psychosis,family_history_and_asi,,checkbox,"<div class=""rich-text-field-label""><p><span style=""font-weight: normal;"">If you</span> suspected<span style=""font-weight: normal;""> your</span> aunt(s) / uncle(s)<span style=""font-weight: normal;""> experienced hallucinations or delusions, what </span>specific behaviors<span style=""font-weight: normal;""> made you concerned?</span></p></div>","1, Seeing things others could not see | 2, Believing that others were out to get them | 3, Believing that they are irrationally special or important | 4, Thinking that they had special powers of some kind that normal people can't have | 5, Hearing voices or sounds that others could not hear | 6, Expressing strong beliefs that were unrealistic or irrational | 7, Displaying absence of emotion (or intense or inappropriate emotions) |8, Withdrawing from social interactions or relationships |9, Feeling, tasting, or smelling things other could not |10, Talking in ways that were disorganized or did not make sense |11, Behaving bizarrely like dressing inappropriately for the weather, not maintaining hygiene, or holding their body in strange postures, |12, Other",,,,,,([suspicion_yn_psychosis_aunt]='2' or [suspicion_yn_psychosis_aunt]='3') and [whichrelatives_psychosis(8)]='1',y,,,,,
suspicion_cousin_psychosis,family_history_and_asi,,checkbox,"<div class=""rich-text-field-label""><p><span style=""font-weight: normal;"">If you </span>suspected<span style=""font-weight: normal;""> your </span>cousin(s)<span style=""font-weight: normal;""> experienced hallucinations or delusions, what </span>specific behaviors<span style=""font-weight: normal;""> made you concerned?</span></p></div>","1, Seeing things others could not see | 2, Believing that others were out to get them | 3, Believing that they are irrationally special or important | 4, Thinking that they had special powers of some kind that normal people can't have | 5, Hearing voices or sounds that others could not hear | 6, Expressing strong beliefs that were unrealistic or irrational | 7, Displaying absence of emotion (or intense or inappropriate emotions) |8, Withdrawing from social interactions or relationships |9, Feeling, tasting, or smelling things other could not |10, Talking in ways that were disorganized or did not make sense |11, Behaving bizarrely like dressing inappropriately for the weather, not maintaining hygiene, or holding their body in strange postures, |12, Other",,,,,,([suspicion_yn_psychosis_cousin]='2' or [suspicion_yn_psychosis_cousin]='3') and [whichrelatives_psychosis(9)]='1',y,,,,,
suspicion_others_psychosis,family_history_and_asi,,checkbox,"<div class=""rich-text-field-label""><p><span style=""font-weight: normal;"">If you </span>suspected<span style=""font-weight: normal;""> that this relative experienced hallucinations or delusions, what </span>specific behaviors<span style=""font-weight: normal;""> made you concerned?</span></p></div>","1, Seeing things others could not see | 2, Believing that others were out to get them | 3, Believing that they are irrationally special or important | 4, Thinking that they had special powers of some kind that normal people can't have | 5, Hearing voices or sounds that others could not hear | 6, Expressing strong beliefs that were unrealistic or irrational | 7, Displaying absence of emotion (or intense or inappropriate emotions) |8, Withdrawing from social interactions or relationships |9, Feeling, tasting, or smelling things other could not |10, Talking in ways that were disorganized or did not make sense |11, Behaving bizarrely like dressing inappropriately for the weather, not maintaining hygiene, or holding their body in strange postures, |12, Other",,,,,,([suspicion_yn_psychosis_other]='2' or [suspicion_yn_psychosis_other]='3') and [whichrelatives_psychosis(10)]='1',y,,,,,
diagnose_psychosis_father,family_history_and_asi,,checkbox,"<div class=""rich-text-field-label""><p><span style=""font-weight: normal;"">If your </span>father<span style=""font-weight: normal;""> was </span><span style=""background-color: var(--bs-body-bg); font-family: 'Open Sans', -apple-system, BlinkMacSystemFont, 'Segoe UI', Roboto, 'Helvetica Neue', Helvetica, Arial, Arial, sans-serif, 'Apple Color Emoji', 'Segoe UI Emoji', 'Segoe UI Symbol'; text-align: var(--bs-body-text-align);"">diagnosed </span><span style=""background-color: var(--bs-body-bg); font-family: 'Open Sans', -apple-system, BlinkMacSystemFont, 'Segoe UI', Roboto, 'Helvetica Neue', Helvetica, Arial, Arial, sans-serif, 'Apple Color Emoji', 'Segoe UI Emoji', 'Segoe UI Symbol';"">by a healthca</span><span style=""font-family: 'Open Sans', -apple-system, BlinkMacSystemFont, 'Segoe UI', Roboto, 'Helvetica Neue', Helvetica, Arial, Arial, sans-serif, 'Apple Color Emoji', 'Segoe UI Emoji', 'Segoe UI Symbol'; background-color: var(--bs-body-bg);"">re professional</span><span style=""font-family: 'Open Sans', -apple-system, BlinkMacSystemFont, 'Segoe UI', Roboto, 'Helvetica Neue', Helvetica, Arial, Arial, sans-serif, 'Apple Color Emoji', 'Segoe UI Emoji', 'Segoe UI Symbol'; font-weight: normal; background-color: var(--bs-body-bg);"">, what was the </span><span style=""font-family: 'Open Sans', -apple-system, BlinkMacSystemFont, 'Segoe UI', Roboto, 'Helvetica Neue', Helvetica, Arial, Arial, sans-serif, 'Apple Color Emoji', 'Segoe UI Emoji', 'Segoe UI Symbol'; background-color: var(--bs-body-bg);"">diagnosis</span><span style=""font-family: 'Open Sans', -apple-system, BlinkMacSystemFont, 'Segoe UI', Roboto, 'Helvetica Neue', Helvetica, Arial, Arial, sans-serif, 'Apple Color Emoji', 'Segoe UI Emoji', 'Segoe UI Symbol'; font-weight: normal; background-color: var(--bs-body-bg);"">? (Please list all relevant diagnoses.)</span></p></div>","1, Schizophrenia | 2, Schizoaffective disorder | 3, Bipolar disorder with psychotic features | 4, Depression with psychotic features | 5, Delusional Disorder | 6, Brief Psychotic Disorder | 7, Substance-Induced Psychotic Disorder | 8, Psychotic Disorder Due to a Medical Condition | 9, Psychosis NOS (Not Otherwise Specified)",,,,,,[suspicion_yn_psychosis_dad]='1' and [whichrelatives_psychosis(1)]='1',y,,,,,
diagnose_psychosis_mother,family_history_and_asi,,checkbox,"<div class=""rich-text-field-label""><p><span style=""font-weight: normal;"">If your </span>mother<span style=""font-weight: normal;""> was </span>diagnosed by a healthcare professional<span style=""font-weight: normal;"">, what was the </span>diagnosis<span style=""font-weight: normal;"">? (Please list all relevant diagnoses.)</span></p></div>","1, Schizophrenia | 2, Schizoaffective disorder | 3, Bipolar disorder with psychotic features | 4, Depression with psychotic features | 5, Delusional Disorder | 6, Brief Psychotic Disorder | 7, Substance-Induced Psychotic Disorder | 8, Psychotic Disorder Due to a Medical Condition | 9, Psychosis NOS (Not Otherwise Specified)",,,,,,[suspicion_yn_psychosis_mom]='1' and [whichrelatives_psychosis(2)]='1',y,,,,,
diagnose_psychosis_twin,family_history_and_asi,,checkbox,"<div class=""rich-text-field-label""><p><span style=""font-weight: normal;"">If your </span>twin<span style=""font-weight: normal;""> was </span>diagnosed by a healthcare professional<span style=""font-weight: normal;"">, what was the </span>diagnosis<span style=""font-weight: normal;"">? (Please list all relevant diagnoses.)</span></p></div>","1, Schizophrenia | 2, Schizoaffective disorder | 3, Bipolar disorder with psychotic features | 4, Depression with psychotic features | 5, Delusional Disorder | 6, Brief Psychotic Disorder | 7, Substance-Induced Psychotic Disorder | 8, Psychotic Disorder Due to a Medical Condition | 9, Psychosis NOS (Not Otherwise Specified)",,,,,,[suspicion_yn_psychosis_twin]='1' and [whichrelatives_psychosis(3)]='1',y,,,,,
diagnose_psychosis_sibling,family_history_and_asi,,checkbox,"<div class=""rich-text-field-label""><p><span style=""font-weight: normal;"">If your</span> sibling(s)<span style=""font-weight: normal;""> was </span>diagnosed by a healthcare professional<span style=""font-weight: normal;"">, what was the </span>diagnosis<span style=""font-weight: normal;"">? (Please list all relevant diagnoses.)</span></p></div>","1, Schizophrenia | 2, Schizoaffective disorder | 3, Bipolar disorder with psychotic features | 4, Depression with psychotic features | 5, Delusional Disorder | 6, Brief Psychotic Disorder | 7, Substance-Induced Psychotic Disorder | 8, Psychotic Disorder Due to a Medical Condition | 9, Psychosis NOS (Not Otherwise Specified)",,,,,,[suspicion_yn_psychosis_sib]='1' and [whichrelatives_psychosis(4)]='1',y,,,,,
diagnose_psychosis_son,family_history_and_asi,,checkbox,"<div class=""rich-text-field-label""><p><span style=""font-weight: normal;"">If your </span>son<span style=""font-weight: normal;""> was </span>diagnosed by a healthcare professional<span style=""font-weight: normal;"">, what was the </span>diagnosis<span style=""font-weight: normal;"">? (Please list all relevant diagnoses.)</span></p></div>","1, Schizophrenia | 2, Schizoaffective disorder | 3, Bipolar disorder with psychotic features | 4, Depression with psychotic features | 5, Delusional Disorder | 6, Brief Psychotic Disorder | 7, Substance-Induced Psychotic Disorder | 8, Psychotic Disorder Due to a Medical Condition | 9, Psychosis NOS (Not Otherwise Specified)",,,,,,[suspicion_yn_psychosis_son]='1' and [whichrelatives_psychosis(5)]='1',y,,,,,
diagnose_psychosis_daughter,family_history_and_asi,,checkbox,"<div class=""rich-text-field-label""><p><span style=""font-weight: normal;"">If your </span>daughter <span style=""font-weight: normal;"">was </span>diagnosed by a healthcare professional<span style=""font-weight: normal;"">, what was the </span>diagnosis<span style=""font-weight: normal;"">? (Please list all relevant diagnoses.</span><span style=""font-weight: normal;"">)</span></p></div>","1, Schizophrenia | 2, Schizoaffective disorder | 3, Bipolar disorder with psychotic features | 4, Depression with psychotic features | 5, Delusional Disorder | 6, Brief Psychotic Disorder | 7, Substance-Induced Psychotic Disorder | 8, Psychotic Disorder Due to a Medical Condition | 9, Psychosis NOS (Not Otherwise Specified)",,,,,,[suspicion_yn_psychosis_daughter]='1' and [whichrelatives_psychosis(6)]='1',y,,,,,
diagnose_psychosis_grandp,family_history_and_asi,,checkbox,"<div class=""rich-text-field-label""><p><span style=""font-weight: normal;"">If your </span>grandparent(s)<span style=""font-weight: normal;""> was </span>diagnosed by a healthcare professional<span style=""font-weight: normal;"">, what was the </span>diagnosis<span style=""font-weight: normal;"">? (Please list all relevant diagnoses.)</span></p></div>","1, Schizophrenia | 2, Schizoaffective disorder | 3, Bipolar disorder with psychotic features | 4, Depression with psychotic features | 5, Delusional Disorder | 6, Brief Psychotic Disorder | 7, Substance-Induced Psychotic Disorder | 8, Psychotic Disorder Due to a Medical Condition | 9, Psychosis NOS (Not Otherwise Specified)",,,,,,[suspicion_yn_psychosis_grandp]='1' and [whichrelatives_psychosis(7)]='1',y,,,,,
diagnose_psychosis_auntuncle,family_history_and_asi,,checkbox,"<div class=""rich-text-field-label""><p><span style=""font-weight: normal;"">If your </span>aunt(s) / uncle(s) <span style=""font-weight: normal;"">was </span>diagnosed by a healthcare professional<span style=""font-weight: normal;"">, what was the </span>diagnosis<span style=""font-weight: normal;"">? (Please list all relevant diagnoses.)</span></p></div>","1, Schizophrenia | 2, Schizoaffective disorder | 3, Bipolar disorder with psychotic features | 4, Depression with psychotic features | 5, Delusional Disorder | 6, Brief Psychotic Disorder | 7, Substance-Induced Psychotic Disorder | 8, Psychotic Disorder Due to a Medical Condition | 9, Psychosis NOS (Not Otherwise Specified)",,,,,,[suspicion_yn_psychosis_aunt]='1' and [whichrelatives_psychosis(8)]='1',y,,,,,
diagnose_psychosis_cousin,family_history_and_asi,,checkbox,"<div class=""rich-text-field-label""><p><span style=""font-weight: normal;"">If your </span>cousin(s)<span style=""font-weight: normal;""> was </span>diagnosed by a healthcare professional<span style=""font-weight: normal;"">, what was the </span>diagnosis<span style=""font-weight: normal;"">? (Please list all relevant diagnoses</span><span style=""font-weight: normal;"">.)</span></p></div>","1, Schizophrenia | 2, Schizoaffective disorder | 3, Bipolar disorder with psychotic features | 4, Depression with psychotic features | 5, Delusional Disorder | 6, Brief Psychotic Disorder | 7, Substance-Induced Psychotic Disorder | 8, Psychotic Disorder Due to a Medical Condition | 9, Psychosis NOS (Not Otherwise Specified)",,,,,,[suspicion_yn_psychosis_cousin]='1' and [whichrelatives_psychosis(9)]='1',y,,,,,
diagnose_psychosis_other,family_history_and_asi,,checkbox,"<div class=""rich-text-field-label""><p><span style=""font-weight: normal;"">If this blood-related relative was </span>diagnosed by a healthcare professional,<span style=""font-weight: normal;""> what was the </span>diagnosis<span style=""font-weight: normal;"">? (Please list all relevant diagnoses.)</span></p></div>","1, Schizophrenia | 2, Schizoaffective disorder | 3, Bipolar disorder with psychotic features | 4, Depression with psychotic features | 5, Delusional Disorder | 6, Brief Psychotic Disorder | 7, Substance-Induced Psychotic Disorder | 8, Psychotic Disorder Due to a Medical Condition | 9, Psychosis NOS (Not Otherwise Specified)",,,,,,[suspicion_yn_psychosis_other]='1' and [whichrelatives_psychosis(10)]='1',y,,,,,
age_diagnose_psychosis,family_history_and_asi,,notes,"<div class=""rich-text-field-label""><p>If known<span style=""font-weight: normal;"">, at what </span>age<span style=""font-weight: normal;""> did this blood-related relative</span> first experience symptoms of psychosis<span style=""font-weight: normal;"">? <em>(If there are multiple relatives with different ages of onset, please list all of them.)</em></span></p></div>",,,,,,,[family_hx_psychosis]='1' or [family_hx_psychosis]='3',,,,,,
otherinfo_psychosis_family,family_history_and_asi,,notes,"<div class=""rich-text-field-label""><p><span style=""font-weight: normal;"">Is there any other relevant information about mental health or psychosis within your family that you would like to share, particularly among blood-related relatives?</span></p></div>",,,,,,,,,,,,,
asi_1_bl,family_history_and_asi,"Module: Attention and Salience 

We are interested in studying the experiences and attitudes that people have -- IGNORING experiences that you have had while actively affected by a psychoactive/spiritual/ceremonial substance! ",radio,Do certain things ever suddenly seem especially important or significant to you?,"1, Yes | 2, No",,,,,,,y,,1,asi_questionnaire,,
asi_2_bl,family_history_and_asi,,radio,"Do you sometimes feel like you are on the verge of something really big, but you're not sure what it is?","1, Yes | 2, No",,,,,,,y,,2,asi_questionnaire,,
asi_3_bl,family_history_and_asi,,radio,Do your senses sometimes seem sharpened?,"1, Yes | 2, No",,,,,,,y,,3,asi_questionnaire,,
asi_4_bl,family_history_and_asi,,radio,Do you ever feel like you are rapidly approaching the height of your intellectual powers?,"1, Yes | 2, No",,,,,,,y,,4,asi_questionnaire,,
asi_5_bl,family_history_and_asi,,radio,Do you sometimes notice small details that you have not noticed before that seem important?,"1, Yes | 2, No",,,,,,,y,,5,asi_questionnaire,,
asi_6_bl,family_history_and_asi,,radio,Do you sometimes feel like it is important for you to figure something out but you're not sure what it is?,"1, Yes | 2, No",,,,,,,y,,6,asi_questionnaire,,
asi_7_bl,family_history_and_asi,,radio,Do you ever go through periods where you feel especially religous or mystical?,"1, Yes | 2, No",,,,,,,y,,7,asi_questionnaire,,
asi_8_bl,family_history_and_asi,,radio,"Do you ever have difficulty telling if you are thrilled, frightented, pained, or anxious?","1, Yes | 2, No",,,,,,,y,,8,asi_questionnaire,,
asi_9_bl,family_history_and_asi,,radio,Do you ever feel periods of heightened awareness?,"1, Yes | 2, No",,,,,,,y,,9,asi_questionnaire,,
asi_10_bl,family_history_and_asi,,radio,Do you ever feel like you need to make sense seemingly random situations or occurances?,"1, Yes | 2, No",,,,,,,y,,10,asi_questionnaire,,
asi_11_bl,family_history_and_asi,,radio,Do you sometimes feel like you are finding the missing piece to a puzzle?,"1, Yes | 2, No",,,,,,,y,,11,asi_questionnaire,,
asi_12_bl,family_history_and_asi,,radio,Do you sometimes feel like you can hear with a greater clarity?,"1, Yes | 2, No",,,,,,,y,,12,asi_questionnaire,,
asi_13_bl,family_history_and_asi,,radio,Do you sometimes feel like you are an especially evolved spiritual person?,"1, Yes | 2, No",,,,,,,y,,13,asi_questionnaire,,
asi_14_bl,family_history_and_asi,,radio,Do normally trivial observations sometimes take on an ominous significance?,"1, Yes | 2, No",,,,,,,y,,14,asi_questionnaire,,
asi_15_bl,family_history_and_asi,,radio,Do you go through periods in which songs sometimes seem to have an important meaning for your life?,"1, Yes | 2, No",,,,,,,y,,15,asi_questionnaire,,
asi_16_bl,family_history_and_asi,,radio,Do you sometimes attribute importance to objects which you normally would not?,"1, Yes | 2, No",,,,,,,y,,16,asi_questionnaire,,
asi_17_bl,family_history_and_asi,,radio,"Do you sometimes feel like you are on the verge of figuring out something really big or important, but you aren't sure what it is?","1, Yes | 2, No",,,,,,,y,,17,asi_questionnaire,,
asi_18_bl,family_history_and_asi,,radio,Has your sense of taste ever seemed more acute?,"1, Yes | 2, No",,,,,,,y,,18,asi_questionnaire,,
asi_19_bl,family_history_and_asi,,radio,Do you ever feel like the mysteries of the universe are revealing themselves to you?,"1, Yes | 2, No",,,,,,,y,,19,asi_questionnaire,,
asi_20_bl,family_history_and_asi,,radio,Do you go through periods where you feel overstimulated by things or experiences that are notmally managable?,"1, Yes | 2, No",,,,,,,y,,20,asi_questionnaire,,
asi_21_bl,family_history_and_asi,,radio,Do you often become facsinated by the little things surrounding you?,"1, Yes | 2, No",,,,,,,y,,21,asi_questionnaire,,
asi_22_bl,family_history_and_asi,,radio,Do your senses ever become extremely strong or clear?,"1, Yes | 2, No",,,,,,,y,,22,asi_questionnaire,,
asi_23_bl,family_history_and_asi,,radio,Do you ever feel like a whole world is opening up to you?,"1, Yes | 2, No",,,,,,,y,,23,asi_questionnaire,,
asi_24_bl,family_history_and_asi,,radio,Do you ever feel that your boundaries beteween inner and outer sensations have been removed?,"1, Yes | 2, No",,,,,,,y,,24,asi_questionnaire,,
asi_25_bl,family_history_and_asi,,radio,Do you sometimes feel like the world is changing and you are searching for an explaination?,"1, Yes | 2, No",,,,,,,y,,25,asi_questionnaire,,
asi_26_bl,family_history_and_asi,,radio,"Do you ever have a feeling of inexpressible urgency, and you are not sure what to do?","1, Yes | 2, No",,,,,,,y,,26,asi_questionnaire,,
asi_27_bl,family_history_and_asi,,radio,"Have you sometimes become interested in people, events, places, or ideas that normally would not make an impression on you?","1, Yes | 2, No",,,,,,,y,,27,asi_questionnaire,,
asi_28_bl,family_history_and_asi,,radio,Do your thoughts and perceptions ever become faster than assimilated?,"1, Yes | 2, No",,,,,,,y,,28,asi_questionnaire,,
asi_29_bl,family_history_and_asi,,radio,Do you sometimes notice things that you haven't noticed before that take on special significance?,"1, Yes | 2, No",,,,,,,y,,29,asi_questionnaire,,
pc_screen1,family_history_and_asi,"<div class=""rich-text-field-label""><p><span style=""font-weight: normal;"">Module: Thoughts, Perceptions, and Distress</span>

Please answer the following questions on some of your thoughts.


IGNORE experiences that you have had while actively affected by a psychoactive/spiritual/ceremonial substance
</p></div>
<em>Your Questionnaires Progress:</em></p> <div class=""progress"" style=""height: 15px; width: 50%;"">
  <div class=""progress-bar"" style=""width: 95%;"" role=""progressbar"">95%</div> </div> <p> </p> <div style=""font-size: 8pt; font-family: cursive;""> </div> <p> </p></div>",radio,1. I think that I have felt that there are odd or unusual things going on that I can't explain.,"0, Definitely disagree | 1, Somewhat disagree | 2, Slightly disagree | 3, Not sure | 4, Slightly agree | 5, Somewhat agree | 6, Definitely agree",,,,,,,,,,prime_pc_screen,,
pc_screen2,family_history_and_asi,,radio,2. I think that I might be able to predict the future.,"0, Definitely disagree | 1, Somewhat disagree | 2, Slightly disagree | 3, Not sure | 4, Slightly agree | 5, Somewhat agree | 6, Definitely agree",,,,,,,,,,prime_pc_screen,,
pc_screen3,family_history_and_asi,,radio,"3. I may have felt that there could possibly be something interrupting or controlling my thoughts, feelings, or actions.","0, Definitely disagree | 1, Somewhat disagree | 2, Slightly disagree | 3, Not sure | 4, Slightly agree | 5, Somewhat agree | 6, Definitely agree",,,,,,,,,,prime_pc_screen,,
pc_screen4,family_history_and_asi,,radio,4. I have had the experience of doing something differently because of my superstitions.,"0, Definitely disagree | 1, Somewhat disagree | 2, Slightly disagree | 3, Not sure | 4, Slightly agree | 5, Somewhat agree | 6, Definitely agree",,,,,,,,,,prime_pc_screen,,
pc_screen5,family_history_and_asi,,radio,5. I think that I may get confused at times whether something I experience or perceive may be real or may be just part of my imagination or dreams.,"0, Definitely disagree | 1, Somewhat disagree | 2, Slightly disagree | 3, Not sure | 4, Slightly agree | 5, Somewhat agree | 6, Definitely agree",,,,,,,,,,prime_pc_screen,,
pc_screen6,family_history_and_asi,,radio,"6. I have thought that it might be possible that other people can read my mind, or that I can read other's minds.","0, Definitely disagree | 1, Somewhat disagree | 2, Slightly disagree | 3, Not sure | 4, Slightly agree | 5, Somewhat agree | 6, Definitely agree",,,,,,,,,,prime_pc_screen,,
pc_screen7,family_history_and_asi,,radio,7. I wonder if people may be planning to hurt me or even may be about to hurt me.,"0, Definitely disagree | 1, Somewhat disagree | 2, Slightly disagree | 3, Not sure | 4, Slightly agree | 5, Somewhat agree | 6, Definitely agree",,,,,,,,,,prime_pc_screen,,
pc_screen8,family_history_and_asi,,radio,8. I believe that I have special natural or supernatural gifts beyond my talents and natural strengths.,"0, Definitely disagree | 1, Somewhat disagree | 2, Slightly disagree | 3, Not sure | 4, Slightly agree | 5, Somewhat agree | 6, Definitely agree",,,,,,,,,,prime_pc_screen,,
pc_screen9,family_history_and_asi,,radio,"9. I think I might feel like my mind is ""playing tricks"" on me.","0, Definitely disagree | 1, Somewhat disagree | 2, Slightly disagree | 3, Not sure | 4, Slightly agree | 5, Somewhat agree | 6, Definitely agree",,,,,,,,,,prime_pc_screen,,
pc_screen10,family_history_and_asi,,radio,10. I have had the experience of hearing faint or clear sounds of people or a person mumbling or talking when there is no one near me.,"0, Definitely disagree | 1, Somewhat disagree | 2, Slightly disagree | 3, Not sure | 4, Slightly agree | 5, Somewhat agree | 6, Definitely agree",,,,,,,,,,prime_pc_screen,,
pc_screen11,family_history_and_asi,,radio,11. I think that I may hear my own thoughts being said out loud.,"0, Definitely disagree | 1, Somewhat disagree | 2, Slightly disagree | 3, Not sure | 4, Slightly agree | 5, Somewhat agree | 6, Definitely agree",,,,,,,,,,prime_pc_screen,,
pc_screen12,family_history_and_asi,,radio,"12. I have been concerned that I might be ""going crazy"".","0, Definitely disagree | 1, Somewhat disagree | 2, Slightly disagree | 3, Not sure | 4, Slightly agree | 5, Somewhat agree | 6, Definitely agree",,,,,,,,,,prime_pc_screen,,
pdi_1_v2,family_history_and_asi,,yesno,Do you ever feel as if people seem to drop hints about you or say things with a double meaning?,,,,,,,,y,,,,,
pdi_2_v2,family_history_and_asi,,dropdown,How distressing is this to you?,"1, 1 - Not at all|2, 2|3, 3|4, 4|5, 5 - Very distressing",,,,,,[pdi_1_v2] = '1',y,,,,,
pdi_3_v2,family_history_and_asi,,dropdown,How often do you think about this?,"1, 1 - Hardly ever think about it|2, 2|3, 3|4, 4|5, 5 - Think about it all the time",,,,,,[pdi_1_v2] = '1',y,,,,,
pdi_4_v2,family_history_and_asi,,dropdown,How sure are you about this?,"1, 1 - Don't believe it is true|2, 2|3, 3|4, 4|5, 5 - Believe it is absolutely true",,,,,,[pdi_1_v2] = '1',y,,,,,
pdi_5_v2,family_history_and_asi,,yesno,Do you ever feel as if things in magazines or on the TV or Internet were made especially for you?,,,,,,,,y,,,,,
pdi_6_v2,family_history_and_asi,,dropdown,How distressing is this to you?,"1, 1 - Not at all|2, 2|3, 3|4, 4|5, 5 - Very distressing",,,,,,[pdi_5_v2] = '1',y,,,,,
pdi_7_v2,family_history_and_asi,,dropdown,How often do you think about this?,"1, 1 - Hardly ever think about it|2, 2|3, 3|4, 4|5, 5 - Think about it all the time",,,,,,[pdi_5_v2] = '1',y,,,,,
pdi_8_v2,family_history_and_asi,,dropdown,How sure are you about this?,"1, 1 - Don't believe it is true|2, 2|3, 3|4, 4|5, 5 - Believe it is absolutely true",,,,,,[pdi_5_v2] = '1',y,,,,,
pdi_9_v2,family_history_and_asi,,yesno,Do you ever feel as if some people are not what they seem to be?,,,,,,,,y,,,,,
pdi_10_v2,family_history_and_asi,,dropdown,How distressing is this to you?,"1, 1 - Not at all|2, 2|3, 3|4, 4|5, 5 - Very distressing",,,,,,[pdi_9_v2] = '1',y,,,,,
pdi_11_v2,family_history_and_asi,,dropdown,How often do you think about this?,"1, 1 - Hardly ever think about it|2, 2|3, 3|4, 4|5, 5 - Think about it all the time",,,,,,[pdi_9_v2] = '1',y,,,,,
pdi_12_v2,family_history_and_asi,,dropdown,How sure are you about this?,"1, 1 - Don't believe it is true|2, 2|3, 3|4, 4|5, 5 - Believe it is absolutely true",,,,,,[pdi_9_v2] = '1',y,,,,,
pdi_13_v2,family_history_and_asi,,yesno,Do you ever feel as if you are being persecuted in some way?,,,,,,,,y,,,,,
pdi_14_v2,family_history_and_asi,,dropdown,How distressing is this to you?,"1, 1 - Not at all|2, 2|3, 3|4, 4|5, 5 - Very distressing",,,,,,[pdi_13_v2] = '1',y,,,,,
pdi_15_v2,family_history_and_asi,,dropdown,How often do you think about this?,"1, 1 - Hardly ever think about it|2, 2|3, 3|4, 4|5, 5 - Think about it all the time",,,,,,[pdi_13_v2] = '1',y,,,,,
pdi_16_v2,family_history_and_asi,,dropdown,How sure are you about this?,"1, 1 - Don't believe it is true|2, 2|3, 3|4, 4|5, 5 - Believe it is absolutely true",,,,,,[pdi_13_v2] = '1',y,,,,,
pdi_17_v2,family_history_and_asi,,yesno,Do you ever feel as if there is a conspiracy against you?,,,,,,,,y,,,,,
pdi_18_v2,family_history_and_asi,,dropdown,How distressing is this to you?,"1, 1 - Not at all|2, 2|3, 3|4, 4|5, 5 - Very distressing",,,,,,[pdi_17_v2] = '1',y,,,,,
pdi_19_v2,family_history_and_asi,,dropdown,How often do you think about this?,"1, 1 - Hardly ever think about it|2, 2|3, 3|4, 4|5, 5 - Think about it all the time",,,,,,[pdi_17_v2] = '1',y,,,,,
pdi_20_v2,family_history_and_asi,,dropdown,How sure are you about this?,"1, 1 - Don't believe it is true|2, 2|3, 3|4, 4|5, 5 - Believe it is absolutely true",,,,,,[pdi_17_v2] = '1',y,,,,,
pdi_21_v2,family_history_and_asi,,yesno,Do you ever feel as if you are (or are destined to be) someone very important?,,,,,,,,y,,,,,
pdi_22_v2,family_history_and_asi,,dropdown,How distressing is this to you?,"1, 1 - Not at all|2, 2|3, 3|4, 4|5, 5 - Very distressing",,,,,,[pdi_21_v2] = '1',y,,,,,
pdi_23_v2,family_history_and_asi,,dropdown,How often do you think about this?,"1, 1 - Hardly ever think about it|2, 2|3, 3|4, 4|5, 5 - Think about it all the time",,,,,,[pdi_21_v2] = '1',y,,,,,
pdi_24_v2,family_history_and_asi,,dropdown,How sure are you about this?,"1, 1 - Don't believe it is true|2, 2|3, 3|4, 4|5, 5 - Believe it is absolutely true",,,,,,[pdi_21_v2] = '1',y,,,,,
pdi_25_v2,family_history_and_asi,,yesno,Do you ever feel that you are a very special or unusual person?,,,,,,,,y,,,,,
pdi_26_v2,family_history_and_asi,,dropdown,How distressing is this to you?,"1, 1 - Not at all|2, 2|3, 3|4, 4|5, 5 - Very distressing",,,,,,[pdi_25_v2] = '1',y,,,,,
pdi_27_v2,family_history_and_asi,,dropdown,How often do you think about this?,"1, 1 - Hardly ever think about it|2, 2|3, 3|4, 4|5, 5 - Think about it all the time",,,,,,[pdi_25_v2] = '1',y,,,,,
pdi_28_v2,family_history_and_asi,,dropdown,How sure are you about this?,"1, 1 - Don't believe it is true|2, 2|3, 3|4, 4|5, 5 - Believe it is absolutely true",,,,,,[pdi_25_v2] = '1',y,,,,,
pdi_29_v2,family_history_and_asi,,yesno,Do you ever feel that you are especially close to your Higher Power?,,,,,,,,y,,,,,
pdi_30_v2,family_history_and_asi,,dropdown,How distressing is this to you?,"1, 1 - Not at all|2, 2|3, 3|4, 4|5, 5 - Very distressing",,,,,,[pdi_29_v2] = '1',y,,,,,
pdi_31_v2,family_history_and_asi,,dropdown,How often do you think about this?,"1, 1 - Hardly ever think about it|2, 2|3, 3|4, 4|5, 5 - Think about it all the time",,,,,,[pdi_29_v2] = '1',y,,,,,
pdi_32_v2,family_history_and_asi,,dropdown,How sure are you about this?,"1, 1 - Don't believe it is true|2, 2|3, 3|4, 4|5, 5 - Believe it is absolutely true",,,,,,[pdi_29_v2] = '1',y,,,,,
pdi_33_v2,family_history_and_asi,,yesno,Do you ever think people can communicate telepathically?,,,,,,,,y,,,,,
pdi_34_v2,family_history_and_asi,,dropdown,How distressing is this to you?,"1, 1 - Not at all|2, 2|3, 3|4, 4|5, 5 - Very distressing",,,,,,[pdi_33_v2] = '1',y,,,,,
pdi_35_v2,family_history_and_asi,,dropdown,How often do you think about this?,"1, 1 - Hardly ever think about it|2, 2|3, 3|4, 4|5, 5 - Think about it all the time",,,,,,[pdi_33_v2] = '1',y,,,,,
pdi_36_v2,family_history_and_asi,,dropdown,How sure are you about this?,"1, 1 - Don't believe it is true|2, 2|3, 3|4, 4|5, 5 - Believe it is absolutely true",,,,,,[pdi_33_v2] = '1',y,,,,,
pdi_37_v2,family_history_and_asi,,yesno,Do you ever feel as if electronic devices like computers can influence the way you think?,,,,,,,,y,,,,,
pdi_38_v2,family_history_and_asi,,dropdown,How distressing is this to you?,"1, 1 - Not at all|2, 2|3, 3|4, 4|5, 5 - Very distressing",,,,,,[pdi_37_v2] = '1',y,,,,,
pdi_39_v2,family_history_and_asi,,dropdown,How often do you think about this?,"1, 1 - Hardly ever think about it|2, 2|3, 3|4, 4|5, 5 - Think about it all the time",,,,,,[pdi_37_v2] = '1',y,,,,,
pdi_40_v2,family_history_and_asi,,dropdown,How sure are you about this?,"1, 1 - Don't believe it is true|2, 2|3, 3|4, 4|5, 5 - Believe it is absolutely true",,,,,,[pdi_37_v2] = '1',y,,,,,
attn_check_surveybl3,family_history_and_asi,,yesno,"Please select ""Yes"" to show you are paying attention :)",,,,,,,,y,,,,,
pdi_41_v2,family_history_and_asi,,yesno,Do you ever feel as if you have been chosen by your Higher Power in some way?,,,,,,,,y,,,,,
pdi_42_v2,family_history_and_asi,,dropdown,How distressing is this to you?,"1, 1 - Not at all|2, 2|3, 3|4, 4|5, 5 - Very distressing",,,,,,[pdi_41_v2] = '1',y,,,,,
pdi_43_v2,family_history_and_asi,,dropdown,How often do you think about this?,"1, 1 - Hardly ever think about it|2, 2|3, 3|4, 4|5, 5 - Think about it all the time",,,,,,[pdi_41_v2] = '1',y,,,,,
pdi_44_v2,family_history_and_asi,,dropdown,How sure are you about this?,"1, 1 - Don't believe it is true|2, 2|3, 3|4, 4|5, 5 - Believe it is absolutely true",,,,,,[pdi_41_v2] = '1',y,,,,,
pdi_45_v2,family_history_and_asi,,yesno,"Do you believe in the power of witchcraft, voodoo, or the occult?",,,,,,,,y,,,,,
pdi_46_v2,family_history_and_asi,,dropdown,How distressing is this to you?,"1, 1 - Not at all|2, 2|3, 3|4, 4|5, 5 - Very distressing",,,,,,[pdi_45_v2] = '1',y,,,,,
pdi_47_v2,family_history_and_asi,,dropdown,How often do you think about this?,"1, 1 - Hardly ever think about it|2, 2|3, 3|4, 4|5, 5 - Think about it all the time",,,,,,[pdi_45_v2] = '1',y,,,,,
pdi_48_v2,family_history_and_asi,,dropdown,How sure are you about this?,"1, 1 - Don't believe it is true|2, 2|3, 3|4, 4|5, 5 - Believe it is absolutely true",,,,,,[pdi_45_v2] = '1',y,,,,,
pdi_49_v2,family_history_and_asi,,yesno,Are you often worried that your partner may be unfaithful?,,,,,,,,y,,,,,
pdi_50_v2,family_history_and_asi,,dropdown,How distressing is this to you?,"1, 1 - Not at all|2, 2|3, 3|4, 4|5, 5 - Very distressing",,,,,,[pdi_49_v2] = '1',y,,,,,
pdi_51_v2,family_history_and_asi,,dropdown,How often do you think about this?,"1, 1 - Hardly ever think about it|2, 2|3, 3|4, 4|5, 5 - Think about it all the time",,,,,,[pdi_49_v2] = '1',y,,,,,
pdi_52_v2,family_history_and_asi,,dropdown,How sure are you about this?,"1, 1 - Don't believe it is true|2, 2|3, 3|4, 4|5, 5 - Believe it is absolutely true",,,,,,[pdi_49_v2] = '1',y,,,,,
pdi_53_v2,family_history_and_asi,,yesno,Do you ever feel that you have sinned more than the average person?,,,,,,,,y,,,,,
pdi_54_v2,family_history_and_asi,,dropdown,How distressing is this to you?,"1, 1 - Not at all|2, 2|3, 3|4, 4|5, 5 - Very distressing",,,,,,[pdi_53_v2] = '1',y,,,,,
pdi_55_v2,family_history_and_asi,,dropdown,How often do you think about this?,"1, 1 - Hardly ever think about it|2, 2|3, 3|4, 4|5, 5 - Think about it all the time",,,,,,[pdi_53_v2] = '1',y,,,,,
pdi_56_v2,family_history_and_asi,,dropdown,How sure are you about this?,"1, 1 - Don't believe it is true|2, 2|3, 3|4, 4|5, 5 - Believe it is absolutely true",,,,,,[pdi_53_v2] = '1',y,,,,,
pdi_57_v2,family_history_and_asi,,yesno,Do you ever feel that people look at you oddly because of your appearance?,,,,,,,,y,,,,,
pdi_58_v2,family_history_and_asi,,dropdown,How distressing is this to you?,"1, 1 - Not at all|2, 2|3, 3|4, 4|5, 5 - Very distressing",,,,,,[pdi_57_v2] = '1',y,,,,,
pdi_59_v2,family_history_and_asi,,dropdown,How often do you think about this?,"1, 1 - Hardly ever think about it|2, 2|3, 3|4, 4|5, 5 - Think about it all the time",,,,,,[pdi_57_v2] = '1',y,,,,,
pdi_60_v2,family_history_and_asi,,dropdown,How sure are you about this?,"1, 1 - Don't believe it is true|2, 2|3, 3|4, 4|5, 5 - Believe it is absolutely true",,,,,,[pdi_57_v2] = '1',y,,,,,
pdi_61_v2,family_history_and_asi,,yesno,Do you ever feel as if you had no thoughts in your head at all?,,,,,,,,y,,,,,
pdi_62_v2,family_history_and_asi,,dropdown,How distressing is this to you?,"1, 1 - Not at all|2, 2|3, 3|4, 4|5, 5 - Very distressing",,,,,,[pdi_61_v2] = '1',y,,,,,
pdi_63_v2,family_history_and_asi,,dropdown,How often do you think about this?,"1, 1 - Hardly ever think about it|2, 2|3, 3|4, 4|5, 5 - Think about it all the time",,,,,,[pdi_61_v2] = '1',y,,,,,
pdi_64_v2,family_history_and_asi,,dropdown,How sure are you about this?,"1, 1 - Don't believe it is true|2, 2|3, 3|4, 4|5, 5 - Believe it is absolutely true",,,,,,[pdi_61_v2] = '1',y,,,,,
pdi_65_v2,family_history_and_asi,,yesno,Do you ever feel as if the world is about to end?,,,,,,,,y,,,,,
pdi_66_v2,family_history_and_asi,,dropdown,How distressing is this to you?,"1, 1 - Not at all|2, 2|3, 3|4, 4|5, 5 - Very distressing",,,,,,[pdi_65_v2] = '1',y,,,,,
pdi_67_v2,family_history_and_asi,,dropdown,How often do you think about this?,"1, 1 - Hardly ever think about it|2, 2|3, 3|4, 4|5, 5 - Think about it all the time",,,,,,[pdi_65_v2] = '1',y,,,,,
pdi_68_v2,family_history_and_asi,,dropdown,How sure are you about this?,"1, 1 - Don't believe it is true|2, 2|3, 3|4, 4|5, 5 - Believe it is absolutely true",,,,,,[pdi_65_v2] = '1',y,,,,,
pdi_69_v2,family_history_and_asi,,yesno,Have your thoughts ever felt alien to you in some way?,,,,,,,,y,,,,,
pdi_70_v2,family_history_and_asi,,dropdown,How distressing is this to you?,"1, 1 - Not at all|2, 2|3, 3|4, 4|5, 5 - Very distressing",,,,,,[pdi_69_v2] = '1',y,,,,,
pdi_71_v2,family_history_and_asi,,dropdown,How often do you think about this?,"1, 1 - Hardly ever think about it|2, 2|3, 3|4, 4|5, 5 - Think about it all the time",,,,,,[pdi_69_v2] = '1',y,,,,,
pdi_72_v2,family_history_and_asi,,dropdown,How sure are you about this?,"1, 1 - Don't believe it is true|2, 2|3, 3|4, 4|5, 5 - Believe it is absolutely true",,,,,,[pdi_69_v2] = '1',y,,,,,
pdi_73_v2,family_history_and_asi,,yesno,Have your thoughts ever been so vivid that you were worried other people would hear them?,,,,,,,,y,,,,,
pdi_74_v2,family_history_and_asi,,dropdown,How distressing is this to you?,"1, 1 - Not at all|2, 2|3, 3|4, 4|5, 5 - Very distressing",,,,,,[pdi_73_v2] = '1',y,,,,,
pdi_75_v2,family_history_and_asi,,dropdown,How often do you think about this?,"1, 1 - Hardly ever think about it|2, 2|3, 3|4, 4|5, 5 - Think about it all the time",,,,,,[pdi_73_v2] = '1',y,,,,,
pdi_76_v2,family_history_and_asi,,dropdown,How sure are you about this?,"1, 1 - Don't believe it is true|2, 2|3, 3|4, 4|5, 5 - Believe it is absolutely true",,,,,,[pdi_73_v2] = '1',y,,,,,
pdi_77_v2,family_history_and_asi,,yesno,Do you ever feel your thoughts are being echoed back to you?,,,,,,,,y,,,,,
pdi_78_v2,family_history_and_asi,,dropdown,How distressing is this to you?,"1, 1 - Not at all|2, 2|3, 3|4, 4|5, 5 - Very distressing",,,,,,[pdi_77_v2] = '1',y,,,,,
pdi_79_v2,family_history_and_asi,,dropdown,How often do you think about this?,"1, 1 - Hardly ever think about it|2, 2|3, 3|4, 4|5, 5 - Think about it all the time",,,,,,[pdi_77_v2] = '1',y,,,,,
pdi_80_v2,family_history_and_asi,,dropdown,How sure are you about this?,"1, 1 - Don't believe it is true|2, 2|3, 3|4, 4|5, 5 - Believe it is absolutely true",,,,,,[pdi_77_v2] = '1',y,,,,,
pdi_81_v2,family_history_and_asi,,yesno,Do you ever feel as if you are a robot or a zombie without a will of your own? ,,,,,,,,y,,,,,
pdi_82_v2,family_history_and_asi,,dropdown,How distressing is this to you?,"1, 1 - Not at all|2, 2|3, 3|4, 4|5, 5 - Very distressing",,,,,,[pdi_81_v2] = '1',y,,,,,
pdi_83_v2,family_history_and_asi,,dropdown,How often do you think about this?,"1, 1 - Hardly ever think about it|2, 2|3, 3|4, 4|5, 5 - Think about it all the time",,,,,,[pdi_81_v2] = '1',y,,,,,
pdi_84_v2,family_history_and_asi,,dropdown,How sure are you about this?,"1, 1 - Don't believe it is true|2, 2|3, 3|4, 4|5, 5 - Believe it is absolutely true",,,,,,[pdi_81_v2] = '1',y,,,,,
famhx_url,family_history_and_asi,,text,Instrument URL,,,,,,,,,,,,," @CALCTEXT([form-url:instrument])
@HIDDEN-SURVEY"
fam_hx_done,family_history_and_asi,,radio,Click to continue! :) ,"1, Click here!",,,,,,,y,,,,,
timestamp_famhx,family_history_and_asi,,text,,,,datetime_seconds_mdy,,,,,,,,,," @HIDDEN-SURVEY
@NOW"
task_data_spacejunk_bl,family_history_and_asi,,text,,,,,,,,,,,,,, @HIDDEN-SURVEY
task_data_spacejunk_bl_complete,family_history_and_asi,,text,,,,,,,,,,,,,," @HIDDEN-SURVEY
@DEFAULT='<font color=""red"">Incomplete</font>'"
vch_url,visual_ch_task,"<div class=""rich-text-field-label""><p>First Game: Look for the Pattern!</p></div>",text,Instrument URL,,,,,,,,,,,,," @CALCTEXT([form-url:instrument])
@HIDDEN-SURVEY"
vch_surveyurl,visual_ch_task,,text,Survey URL,,,,,,,,,,,,," @CALCTEXT([survey-url:instrument])
@HIDDEN-SURVEY"
no_survey1,visual_ch_task,,radio,"<div class=""rich-text-field-label""><p><span style=""font-weight: normal;"">Thank you so much for your interest! Unfortunately, </span>the survey is temporarily closed <span style=""font-weight: normal;"">because the maximum number of responses has been reached for this pay period.</span></p> <p><span style=""font-weight: normal;"">We expect to be recruiting more participants, so please feel free to inquire about the status of the project by messaging YalePsychedelicStudy on Reddit or Bluelight.org or by emailing <a href=""mailto:maximillian.greenwald@yale.edu"">maximillian.greenwald@yale.edu</a>. </span></p> <p> </p> <p><span style=""font-weight: normal;"">-Powers Lab</span></p></div>","1, Please check back later to see if we are recruiting.",,,,,,"[ffmq_8_bl]=""""",y,,,,, @READONLY
headphones_check,visual_ch_task,,notes,"<div class=""rich-text-field-label""><p>What model or type of headphones are you using?</p></div>",,,,,,,,y,,,,,
monitor_check,visual_ch_task,,notes,"<div class=""rich-text-field-label""><p>What type of computer monitor are you using or type of laptop?</p></div>",,,,,,,,y,,,,,
browser_vch,visual_ch_task,,radio,What browser are you using?,"1, Google Chrome | 2, Safari | 3, Mozilla Firefox | 4, Microsoft Edge | 5, Internet Explorer",,,,,,,y,,,,,
private_place_vch,visual_ch_task,,yesno,"<div class=""rich-text-field-label""><p>Are you in a quiet, private, distraction-free place?<br /><br /></p></div>",,,,,,,,y,,,,,
bad_setting_vch,visual_ch_task,,descriptive,"You will not be able to proceed until you are in a private, quiet, distraction-free place!",,,,,,,[private_place_vch]='0',,,,,,
vch_task_qualifying,visual_ch_task,System Audio & Video Checks,descriptive,"<div class=""rich-text-field-label""><p><span style=""font-weight: normal;"">Click on the links below to start your tasks. You cannot proceed until you have completed all the tasks. Please refresh the page once you complete the tasks.</span></p> <p>IMPORTANT INSTRUCTIONS:</p> <p><span style=""font-weight: normal;"">1. Please put your headphones on at this time </span></p> <p><span style=""font-weight: normal;"">2. Turn your system volume to 100%</span></p> <p><span style=""font-weight: normal;"">3. Turn your screen brightness to 100%</span></p> <p><span style=""font-weight: normal;"">(Reminder: Our program can detect if you do not have the above requirements met. The game will not complete without errors and you will have to continually re-play the game until the requirements are met. Please make sure all requirements are met to save you time from having to retake the games.)</span></p> <p><span style=""font-weight: normal;"">4. Close ALL OTHER tabs in your browser so that anything that generates noise will not be heard during the games </span></p> <p><span style=""color: #ff6600;"">LASTLY, PLEASE NOTE: YOUR PERFORMANCE WILL BE REVIEWED PRIOR TO PAYMENT. BEHAVIOR SUSPICIOUS FOR RANDOM OR DISINGENUOUS ANSWERING MAY RESULT IN YOUR PAYMENT BEING WITHHELD.</span></p> <p>Each task will have instructions on what to do. </p> <p style=""text-align: center;"">Links to tasks</p> <p style=""text-align: center;""><a href=""https://powerslab.research.yale.edu/VisualQualifyingTask/#/?id=[encrypted_metadata_uri]&survey_url=[survey-url]""><span style=""font-size: 14pt;"">Visual Qualifying Task</span></a><span style=""font-size: 14pt;""> (2 minutes) - [task_data_visual_qualifying_complete]</span></p> <p style=""text-align: center;""><span style=""font-size: 14pt;""><a href=""https://powerslab.research.yale.edu/AuditoryQualifyingTask/#/?id=[encrypted_metadata_uri]&survey_url=[survey-url]"">Auditory Qualifying Task</a> (2 minutes) - [task_data_auditory_qualifying_complete]</span></p></div>",,,,,,,[private_place_vch]='1',,,,,,
exceed_3_vch_2,visual_ch_task, ,calc,Check if it's been longer than 14 days since baseline survey,"datediff([timestamp_survey_bl], [timestamp_vch_bl], 'd', 'mdy')",,,,,,,,,,,, @HIDDEN-SURVEY
fraud_3,visual_ch_task,,radio,"<div class=""rich-text-field-label""><p>Your responses have been determined to be fraudulent, and your study participation ends here. Your data will be deleted.</p></div>","1, Checkbox disabled.",,,,,,[qc_passed]='0',y,,,,, @READONLY
exceed_3_vch,visual_ch_task,,calc,Check if it's been longer than 14 days since baseline survey,"if([exceed_3_vch_2] > 3, 1, 0)",,,,,,,,,,,, @HIDDEN-SURVEY
stop_3days,visual_ch_task,,radio,"<div class=""rich-text-field-label""><p><span style=""font-weight: normal;"">This survey was intended to be completed within 24 hours and is required to be done within 72 hours. </span>You have exceed 72 hours<span style=""font-weight: normal;""> since you gave answers about psychedelic and other drug use and so any data we collect now would be </span>invalid<span style=""font-weight: normal;"">. </span></p> <p> </p> <p>You are no longer allowed to proceed :(</p> <p> </p> <p><span style=""font-weight: normal;"">If you are still willing to do the study, please email</span> <a href=""mailto:maximillian.greenwald@yale.edu"">maximillian.greenwald@yale.edu</a><span style=""font-weight: normal;""> to let the Powers Lab know and you may be allowed to start over from screening</span></p></div>","1, Button disabled; please exit the survey",,,,,,[exceed_3_vch]='1',y,,,,, @READONLY
vch_task,visual_ch_task,,descriptive,"<div class=""rich-text-field-label""><p style=""text-align: center;"">Now you're ready for the game!</p> <p style=""text-align: center;"">Remember to keep your headphones in, volume at 100% and screen brightness at 100%!</p> <p> </p> <p style=""text-align: center;""><span style=""font-size: 14pt;""><a title=""Visual Task - F"" href=""https://powerslab.research.yale.edu/vch_short_psychedelic_bl/#/?id=[encrypted_metadata_uri]&survey_url=[survey-url]"">""Can You See The Pattern?"" Game</a> (25 minutes) - [task_data_vch_short_psychedelic_bl_complete]</span></p></div>",,,,,,,"[task_data_visual_qualifying] <> """" and [task_data_auditory_qualifying] <> """"",,,,,,
incomplete_qual_vch_bl,visual_ch_task,,checkbox,"<div class=""rich-text-field-label""><p><span style=""font-weight: normal;"">Not all tasks are complete. In order to proceed,</span> please complete the remaining tasks.<span style=""font-weight: normal;""> </span><br><br>If you have completed the tasks<span style=""font-weight: normal;"">, then </span>refresh <span style=""font-weight: normal;"">this page.</span></p></div>","1, Checkbox disabled until all tasks are complete. Refresh the page to update.",,,,,,"[task_data_visual_qualifying] = """" or [task_data_auditory_qualifying] = """"",y,,,,, @READONLY
incomplete_task_vch_bl,visual_ch_task,,checkbox,"<div class=""rich-text-field-label""><p><span style=""font-weight: normal;"">Not all tasks are complete. In order to proceed,</span> please complete the remaining tasks.<span style=""font-weight: normal;""> </span><br><br>If you have completed the tasks<span style=""font-weight: normal;"">, then </span>refresh <span style=""font-weight: normal;"">this page.</span></p></div>","1, Checkbox disabled until all tasks are complete. Refresh the page to update.",,,,,,"[task_data_vch_short_psychedelic_bl] = """" and [task_data_vch_bl_retrieved] = """"",y,,,,, @READONLY
task_nosave_yn_vch_bl,visual_ch_task,,yesno,"<div class=""rich-text-field-label""><p><span style=""font-weight: normal;"">Have you </span>completed<span style=""font-weight: normal;""> the ""Can You See the Pattern?"" Game but </span>it's still not letting you move on?</p></div>",,,,,,,"[task_data_vch_short_psychedelic_bl] = """"",,,,,,
task_nosave_opt_vch_bl,visual_ch_task,,yesno,"<div class=""rich-text-field-label""><p><span style=""text-decoration: underline;"">FIRST</span><span style=""font-weight: normal;""> you should try </span><em>clicking the link again</em><span style=""font-weight: normal;""> and waiting 5 seconds to see if it</s<p>If you want to finish this survey as soon as possible<span style=""font-weight: normal;""> the best option is to replay the game (we're sorry!) <em>Just make sure you have stable internet first!</em></span></p> <p> </p> <p>If you most want to avoid replaying the game<span style=""font-weight: normal;""> there is one way to check to see if you can recover the data and move on. </span></p> <p> </p> <p><span style=""text-decoration: underline;""><span style=""font-weight: normal;"">Hit </span>Yes<span style=""font-weight: normal;""> if you want to see this method. </span></span></p> <p> </p> <p><em>if either approach fails, </em><span style=""font-weight: normal;"">you may </span>email maximillian.greenwald@yale.edu<span style=""font-weight: normal;""> with the </span>subject line ""Task data not saving for [record_id]"" <span style=""font-weight: normal;"">and include in the body of the email </span>which game<span style=""font-weight: normal;""> you are on and the </span>date<span style=""font-weight: normal;""> and </span>time<span style=""font-weight: normal;""> you completed the game.</span></p></div>",,,,,,,[task_nosave_yn_vch_bl]='1',,,,,,
task_nosave_vch_bl,visual_ch_task,,descriptive,"<div class=""rich-text-field-label""><p><span style=""font-weight: normal;"">Steps for retrieving a backup of your data :</span></p> <ol> <li>Right<span style=""font-weight: normal;""> click</span></li> <li><span style=""font-weight: normal;""> Select ""</span>inspect<span style=""font-weight: normal;"">""</span></li> <li><span style=""font-weight: normal;"">Select the</span> ""console"" tab<span style=""font-weight: normal;""> from the little box that pops up</span></li> <li><span style=""font-weight: normal;"">Enter (at the bottom of the box -- your cursor should already be there)</span> console.log(localStorage.getItem('vch_short_psychedelic_bl'))<span style=""font-weight: normal;""> -- <em>Note: if you are trying to copy and paste this into the console you will need to type ""allow pasting"" before doing so!</em></span> </li> <li> <p dir=""ltr"" role=""presentation""><span style=""font-weight: normal;"">If you see a bunch of test saying 'survey_url', 'response', 'encrypted_metadata' then success! This is your data. If not -- sorry :( you probably lost connection during the game and need to play again. </span></p> <span style=""font-weight: normal;""><strong id=""docs-internal-guid-fcd58c73-7fff-42ff-9fa0-1cebeb05d281""></strong></span></li> <li><span style=""font-weight: normal;"">If you do have the data, just copy it (you can click and drag but better is to hit the little </span>copy<span style=""font-weight: normal;""> button that should be at the end)</span></li> <li><span style=""font-weight: normal;"">Then</span> paste the giant blob of text into the box below!</li> </ol></div>",,,,,,,[task_nosave_opt_vch_bl]='1',,,,,,
task_data_vch_bl_retrieved,visual_ch_task,,notes,"<div class=""rich-text-field-label""><p><span style=""font-weight: normal;"">If you got the task data, </span>paste it here<span style=""font-weight: normal;""> and you can move on! MAKE SURE YOU COPY AND PASTE THE DATA CAREFULLY! Omitting a single character will result in us being unable to interpret your data and you needing to replay :( Remember! All answers are reviewed in detail before payment can be made!</span></p></div>",,,,,,,[task_nosave_opt_vch_bl]='1',,,,,,
confirm_vch_tasks,visual_ch_task,,checkbox,"<div class=""rich-text-field-label""><p>Congratulations! You have completed the game.</p> <p><span style=""font-weight: normal;"">Take a break now if you need one! You can take as long of a break as you need, as long as the games are completed within 24 hours. </span>Just click ""Save and Return Later"" at the bottom and input your email address when prompted to receive your return link. <span style=""font-weight: normal;"">Click the return link in your email inbox when you're ready to continue. </span></p> <p>If you're not going to take a break, <em>click the box</em> so you can proceed to the next game!</p></div>","1, Click to proceed",,,,,,"[task_data_vch_short_psychedelic_bl] <> """" or [task_data_vch_bl_retrieved] <> """"",y,,,,,
vch_replay,visual_ch_task,,yesno,Had to replay?,,,,,,,,,,,,, @HIDDEN-SURVEY
vch_replay_2,visual_ch_task,,yesno,Had to replay? 2x,,,,,,,,,,,,, @HIDDEN-SURVEY
vch_replay_3,visual_ch_task,,yesno,Had to replay? 3x,,,,,,,,,,,,, @HIDDEN-SURVEY
vch_replay_4,visual_ch_task,,yesno,Had to replay? 4x,,,,,,,,,,,,, @HIDDEN-SURVEY
timestamp_vch_bl,visual_ch_task,,text,,,,datetime_seconds_mdy,,,,,,,,,," @NOW
@HIDDEN"
monitor_recheck_prl,prl_task,"<div class=""rich-text-field-label""><p>Second Game: The Lucky Picture Picking Game!</p></div>",yesno,Are you using the same monitor or laptop as you used before? ,,,,,,,,y,,,,,
monitor_check_prl,prl_task,,notes,"<div class=""rich-text-field-label""><p>What type of computer monitor or laptop are you using?</p></div>",,,,,,,[monitor_recheck_prl]='0',y,,,,,
prl_url,prl_task,,text,Instrument URL,,,,,,,,,,,,," @CALCTEXT([form-url:instrument])
@HIDDEN-SURVEY"
prl_surveyurl,prl_task,,text,Survey URL,,,,,,,,,,,,," @CALCTEXT([survey-url:instrument])
@HIDDEN-SURVEY"
fraud_4,prl_task,,radio,"<div class=""rich-text-field-label""><p>Your responses have been determined to be fraudulent, and your study participation ends here. Your data will be deleted.</p></div>","1, Checkbox disabled.",,,,,,[qc_passed]='0',y,,,,, @READONLY
browser_prl,prl_task,,radio,What browser are you using?,"1, Google Chrome | 2, Safari | 3, Mozilla Firefox | 4, Microsoft Edge | 5, Internet Explorer",,,,,,,y,,,,,
full_screen,prl_task,,yesno,"<div class=""rich-text-field-label""><p><span style=""font-weight: normal;"">Make sure your window is set to </span><span style=""text-decoration: underline;"">full screen</span><span style=""font-weight: normal;"">.</span></p> <p> </p> <p><span style=""font-weight: normal;"">Is your window </span><span style=""text-decoration: underline;"">full screen?</span><span style=""font-weight: normal;""> </span></p></div>",,,,,,,,y,,,,,
exceed_3_prl_2,prl_task, ,calc,Check if it's been longer than 14 days since baseline survey,"datediff([timestamp_survey_bl], [timestamp_prl], 'd', 'mdy')",,,,,,,,,,,, @HIDDEN-SURVEY
exceed_3_prl,prl_task,,calc,Check if it's been longer than 14 days since baseline survey,"if([exceed_3_prl_2] > 3, 1, 0)",,,,,,,,,,,, @HIDDEN-SURVEY
stop_3days_prl,prl_task,,radio,"<div class=""rich-text-field-label""><p><span style=""font-weight: normal;"">This survey was intended to be completed within 24 hours and is required to be done within 72 hours. </span>You have exceed 72 hours<span style=""font-weight: normal;""> since you gave answers about psychedelic and other drug use and so any data we collect now would be </span>invalid<span style=""font-weight: normal;"">. </span></p> <p> </p> <p>You are no longer allowed to proceed. </p> <p> </p> <p><span style=""font-weight: normal;"">If you would still like to do the study, please email</span> <a href=""mailto:maximillian.greenwald@yale.edu"">maximillian.greenwald@yale.edu</a><span style=""font-weight: normal;""> to let the Powers Lab know and you may be allowed to start over from screening</span></p></div>","1, Button disabled; please exit the survey",,,,,,[exceed_3_prl]='1',y,,,,, @READONLY
prl_task,prl_task,,descriptive,"<div class=""rich-text-field-label""><p style=""text-align: center;"">Now you're ready for the game!</p> <p style=""text-align: center;"">Remember to keep your screen <span style=""text-decoration: underline;"">brightness at 100%</span> and window <span style=""text-decoration: underline;"">full screen</span>!</p> <p style=""text-align: center;""> </p> <p style=""text-align: center;"">Keep up the attention for this next one: <span style=""text-decoration: underline;"">the top 20% of players get an extra $2 after the study is completed!</span> :)</p> <p> </p> <p style=""text-align: center;""><em>Click the link below to begin!:</em></p> <p style=""text-align: center;""><span style=""font-size: 14pt;""><a title=""Probabilistic Reversal Learning Task"" href=""https://powerslab.research.yale.edu/PRLtask/#/?id=[encrypted_metadata_uri]&survey_url=[survey-url]"">Lucky Picture Picking Game</a> (~15 minutes) - [task_data_prltask_complete]</span></p></div>",,,,,,,,,,,,,
incomplete_trials_prl,prl_task, ,checkbox,"<div class=""rich-text-field-label""><p><span style=""font-weight: normal;"">Not all tasks are complete. In order to proceed, please </span>complete the remaining tasks.<br /><br />If you have completed the tasks<span style=""font-weight: normal;"">, then </span>refresh <span style=""font-weight: normal;"">this page.</span><br /><br /><span style=""font-weight: normal;"">If you are still unable to proceed but have completed the tasks, please email </span>maximillian.greenwald@yale.edu<span style=""font-weight: normal;""> with the subject line ""T</span>ask data not saving for [record_id]<span style=""font-weight: normal;"">"" and include in the body of the email which </span>game you are on<span style=""font-weight: normal;""> and the </span>date and time you completed the game<span style=""font-weight: normal;"">.</span></p></div>","1, Checkbox disabled until all tasks are complete. Refresh the page to update.",,,,,,"[task_data_prltask] = """" and [task_data_prl_bl_retrieved]= """"",y,,,,, @READONLY
task_nosave_yn_prlbl,prl_task,,yesno,"<div class=""rich-text-field-label""><p><span style=""font-weight: normal;"">Have you </span>completed<span style=""font-weight: normal;""> the Lucky Picture Picking Game but </span>it's still not letting you move on?</p></div>",,,,,,,"[task_data_prltask] = """"",,,,,,
task_nosave_opt_prlbl,prl_task,,yesno,"<div class=""rich-text-field-label""><p><span style=""text-decoration: underline;"">FIRST</span><span style=""font-weight: normal;""> you should try </span><em>clicking the link again</em><span style=""font-weight: normal;""> and waiting 5 seconds to see if it</s<p>If you want to finish this survey as soon as possible<span style=""font-weight: normal;""> the best option is to replay the game (we're sorry!) <em>Just make sure you have stable internet first!</em></span></p> <p> </p> <p>If you most want to avoid replaying the game<span style=""font-weight: normal;""> there is one way to check to see if you can recover the data and move on. </span></p> <p> </p> <p><span style=""text-decoration: underline;""><span style=""font-weight: normal;"">Hit </span>Yes<span style=""font-weight: normal;""> if you want to see this method. </span></span></p> <p> </p> <p><em>if either approach fails, </em><span style=""font-weight: normal;"">you may </span>email maximillian.greenwald@yale.edu<span style=""font-weight: normal;""> with the </span>subject line ""Task data not saving for [record_id]"" <span style=""font-weight: normal;"">and include in the body of the email </span>which game<span style=""font-weight: normal;""> you are on and the </span>date<span style=""font-weight: normal;""> and </span>time<span style=""font-weight: normal;""> you completed the game.</span></p></div>",,,,,,,[task_nosave_yn_prlbl]='1',,,,,,
task_nosave_prlbl,prl_task,,descriptive,"<div class=""rich-text-field-label""><p><span style=""font-weight: normal;"">Steps for retrieving a backup of your data :</span></p> <ol> <li>Right<span style=""font-weight: normal;""> click</span></li> <li><span style=""font-weight: normal;""> Select ""</span>inspect<span style=""font-weight: normal;"">""</span></li> <li><span style=""font-weight: normal;"">Select the</span> ""console"" tab<span style=""font-weight: normal;""> from the little box that pops up</span></li> <li><span style=""font-weight: normal;"">Enter (at the bottom of the box -- your cursor should already be there)</span> console.log(sessionStorage.getItem('taskData'))<span style=""font-weight: normal;""> -- <em>Note: if you are trying to copy and paste this into the console you will need to type ""allow pasting"" before doing so!</em></span> </li> <li> <p dir=""ltr"" role=""presentation""><span style=""font-weight: normal;"">If you see a bunch of test saying 'survey_url', 'response', 'encrypted_metadata' then success! This is your data. If not -- sorry :( you probably lost connection during the game and need to play again. </span></p> <span style=""font-weight: normal;""><strong id=""docs-internal-guid-fcd58c73-7fff-42ff-9fa0-1cebeb05d281""></strong></span></li> <li><span style=""font-weight: normal;"">If you do have the data, just copy it (you can click and drag but better is to hit the little </span>copy<span style=""font-weight: normal;""> button that should be at the end)</span></li> <li><span style=""font-weight: normal;"">Then</span> paste the giant blob of text into the box below!</li> </ol></div>",,,,,,,[task_nosave_opt_prlbl]='1',,,,,,
task_data_prl_bl_retrieved,prl_task,,notes,"<div class=""rich-text-field-label""><p><span style=""font-weight: normal;"">If you got the task data, </span>paste it here<span style=""font-weight: normal;""> and you can move on! MAKE SURE YOU COPY AND PASTE THE DATA CAREFULLY! Omitting a single character will result in us being unable to interpret your data and you needing to replay :( Remember! All answers are reviewed in detail before payment can be made!</span></p></div>",,,,,,,[task_nosave_opt_prlbl]='1',,,,,,
confirm_prl_complete,prl_task,,radio,"<div class=""rich-text-field-label""><p>Congratulations! You have completed the game.</p> <p><span style=""font-weight: normal;"">Take a break now if you need one! You can take as long of a break as you need, as long as the games are completed within 24 hours. </span>Just click ""Save and Return Later"" at the bottom and input your email address when prompted to receive your return link. <span style=""font-weight: normal;"">Click the return link in your email inbox when you're ready to continue. </span></p> <p>If you're not going to take a break, <em>click the box</em> so you can proceed to the next game!</p></div>","1, Click to proceed",,,,,,"[task_data_prltask] <> """" or [task_data_prl_bl_retrieved] <> """"",y,,,,,
yale_issues,prl_task,,yesno,"<div class=""rich-text-field-label""><p><span style=""font-weight: 400;"">Did you encounter any issues on either of the tasks? </span></p></div>",,,,,,,"[student_yn]='1' and [task_data_prltask] <> """" and [cope_pw]=""""",y,,,,,
yale_issues_description,prl_task,,notes,Please describe the issues you ran into,,,,,,,[yale_issues]='1',y,,,,,
prl_replay,prl_task,,yesno,Had to Replay?,,,,,,,,,,,,, @HIDDEN-SURVEY
prl_replay_2,prl_task,,yesno,Had to replay? 2x,,,,,,,,,,,,, @HIDDEN-SURVEY
prl_replay_3,prl_task,,yesno,Had to replay? 3x,,,,,,,,,,,,, @HIDDEN-SURVEY
prl_replay_4,prl_task,,yesno,Had to replay? 4x,,,,,,,,,,,,, @HIDDEN-SURVEY
timestamp_prl,prl_task,,text,,,,datetime_seconds_mdy,,,,,,,,,," @NOW
@HIDDEN"
headphones_recheck_ah,auditory_ch_task,"<div class=""rich-text-field-label""><p>Next Game: Listen for the tone!</p> <p> </p></div>",yesno,"<div class=""rich-text-field-label""><p>Are you using the same headphones as you were before?</p></div>",,,,,,,,y,,,,,
headphones_type_ah,auditory_ch_task,,notes,"<div class=""rich-text-field-label""><p>What model or type of headphones are you using now?</p></div>",,,,,,,[headphones_recheck_ah]='0',y,,,,,
monitor_recheck_ah,auditory_ch_task,,yesno,"<div class=""rich-text-field-label""><p>Are you using the same monitor or laptop as you were before?</p></div>",,,,,,,,y,,,,,
ach_url,auditory_ch_task,,text,Instrument URL,,,,,,,,,,,,," @CALCTEXT([form-url:instrument])
@HIDDEN-SURVEY"
ach_surveyurl,auditory_ch_task,,text,Surveyt URL,,,,,,,,,,,,," @CALCTEXT([survey-url:instrument])
@HIDDEN-SURVEY"
monitor_type_ah,auditory_ch_task,,notes,"<div class=""rich-text-field-label""><p>What type of monitor or laptop are you using now?</p></div>",,,,,,,[monitor_recheck_ah]='0',y,,,,,
fraud_5,auditory_ch_task,,radio,"<div class=""rich-text-field-label""><p>Your responses have been determined to be fraudulent, and your study participation ends here. Your data will be deleted.</p></div>","1, Checkbox disabled.",,,,,,[qc_passed]='0',y,,,,, @READONLY
browser_ach,auditory_ch_task,,radio,What browser are you using?,"1, Google Chrome | 2, Safari | 3, Mozilla Firefox | 4, Microsoft Edge | 5, Internet Explorer",,,,,,,y,,,,,
ach_task_qualifying,auditory_ch_task, ,descriptive,"<div class=""rich-text-field-label""><p><span style=""font-weight: normal;""><span style=""font-size: 14px;"">Click on the links below to start your tasks.</span><span style=""font-size: 14px;""> You cannot proceed until you have completed all the tasks. </span><span style=""font-size: 14px;"">Please refresh the page once you complete the tasks.</span></span></p> <p>IMPORTANT INSTRUCTIONS: </p> <p><span style=""font-weight: normal;"">1. Please put your headphones on at this time</span></p> <p><span style=""font-weight: normal;"">2. Turn your system </span>volume <span style=""font-weight: normal;"">to <span style=""text-decoration: underline;"">100%</span> </span></p> <p><span style=""font-weight: normal;"">3. Turn your screen </span>brightness <span style=""font-weight: normal;"">to <span style=""text-decoration: underline;"">100</span>%</span></p> <p><span style=""font-weight: normal;"">(Reminder: Our program can detect if you do not have the above requirements met. The game will not complete without errors and you will have to continually re-play the game until the requirements are met. Please make sure all requirements are met to save you time from having to retake the games.)</span></p> <p><span style=""font-weight: normal;"">4. Close ALL OTHER tabs in your browser so that anything that generates noise will not be heard during the games </span></p> <p><span style=""color: #ff6600;"">LASTLY, PLEASE NOTE: YOUR PERFORMANCE WILL BE REVIEWED PRIOR TO PAYMENT. BEHAVIOR SUSPICIOUS FOR RANDOM OR DISINGENUOUS ANSWERING MAY RESULT IN YOUR PAYMENT BEING WITHHELD</span></p> <p>Each task will have instructions on what to do. </p> <p> </p> <p style=""text-align: center;"">Links to tasks</p> <p style=""text-align: center;""><span style=""font-size: 14pt;""><a href=""https://powerslab.research.yale.edu/VisualQualifyingTask2/#/?id=[encrypted_metadata_uri]&survey_url=[survey-url]"">Visual Qualifying Task</a> (2 minutes) - [task_data_visual_qualifying_task_2_complete]</span></p> <p style=""text-align: center;""><span style=""font-size: 14pt;""><a href=""https://powerslab.research.yale.edu/AuditoryQualifyingTask2/#/?id=[encrypted_metadata_uri]&survey_url=[survey-url]"">Auditory Qualifying Task</a> (2 minutes) - [task_data_auditory_qualifying_task_2_complete]</span></p></div>",,,,,,,,,,,,,
exceed_3_ach,auditory_ch_task, ,calc,Check if it's been longer than 14 days since baseline survey,"datediff([timestamp_survey_bl], [timestamp_ah], 'd', 'mdy')",,,,,,,,,,,, @HIDDEN-SURVEY
exceed_3_ach_2,auditory_ch_task,,calc,Check if it's been longer than 14 days since baseline survey,"if([exceed_3_ach] > 3, 1, 0)",,,,,,,,,,,, @HIDDEN-SURVEY
stop_3days_ach,auditory_ch_task,,radio,"<div class=""rich-text-field-label""><p><span style=""font-weight: normal;"">This survey was intended to be completed within 24 hours and is required to be done within 72 hours. </span>You have exceed 72 hours<span style=""font-weight: normal;""> since you gave answers about psychedelic and other drug use and so any data we collect now would be </span>invalid<span style=""font-weight: normal;"">. </span></p> <p> </p> <p>You are no longer allowed to proceed. </p> <p> </p> <p><span style=""font-weight: normal;"">If you would still like to do the study, please email</span> <a href=""mailto:maximillian.greenwald@yale.edu"">maximillian.greenwald@yale.edu</a><span style=""font-weight: normal;""> to let the Powers Lab know and you may be allowed to start over from screening</span></p></div>","1, Button disabled; please exit the survey",,,,,,[exceed_3_ach_2]='1',y,,,,, @READONLY
ach_task,auditory_ch_task,,descriptive,"<div class=""rich-text-field-label""><p style=""text-align: center;"">Now you're ready for the game!</p> <p style=""text-align: center;"">Remember to keep your headphones in, <span style=""text-decoration: underline;"">volume at 100% </span>and <span style=""text-decoration: underline;"">screen brightness at 100%!</span></p> <p style=""text-align: center;"">And click the link below!</p> <p style=""text-align: center;""><span style=""font-size: 14pt;""><a href=""https://powerslab.research.yale.edu/ACH_Task_Short_Baseline/#/?id=[encrypted_metadata_uri]&survey_url=[survey-url]"">""Can You Hear the Tone?"" Game</a> (~15 minutes) - [task_data_ach_task_short_baseline_complete]</span></p> <p style=""text-align: center;""> </p></div>",,,,,,,"[task_data_visual_qualifying_task_2] <> """" and [task_data_auditory_qualifying_task_2] <> """"",,,,,,
ach_vol_adj_yn,auditory_ch_task,,yesno,Did you decrease the white noise volume?,,,,,,,,y,,,,,
ach_vol_adj_amnt,auditory_ch_task,,radio,How many times did you decrease the white noise volume?,"1, 1 | 2, 2 | 3, 3 | 4, 4 | 5, 5 | 6, I don't know",,,,,,[ach_vol_adj_yn]='1',y,,,,,
incomplete_qual_ach_bl,auditory_ch_task,,checkbox,"<div class=""rich-text-field-label""><p><span style=""font-weight: normal;"">Not all tasks are complete. In order to proceed,</span> please complete the remaining tasks.<span style=""font-weight: normal;""> </span><br><br>If you have completed the tasks<span style=""font-weight: normal;"">, then </span>refresh <span style=""font-weight: normal;"">this page.</span></p></div>","1, Checkbox disabled until all tasks are complete. Refresh the page to update.",,,,,,"[task_data_visual_qualifying_task_2] = """" or [task_data_auditory_qualifying_task_2] = """"",y,,,,, @READONLY
incomplete_task_ach_bl,auditory_ch_task,,checkbox,"<div class=""rich-text-field-label""><p><span style=""font-weight: normal;"">Not all tasks are complete. In order to proceed,</span> please complete the remaining tasks.<span style=""font-weight: normal;""> </span><br><br>If you have completed the tasks<span style=""font-weight: normal;"">, then </span>refresh <span style=""font-weight: normal;"">this page.</span></p></div>","1, Checkbox disabled until all tasks are complete. Refresh the page to update.",,,,,,"[task_data_ach_task_short_baseline] = """" and [task_data_ach_bl_retrieved] = """"",y,,,,, @READONLY
task_nosave_yn_ach_bl,auditory_ch_task,,yesno,"<div class=""rich-text-field-label""><p><span style=""font-weight: normal;"">Have you </span>completed<span style=""font-weight: normal;""> the ""Can You Hear the Tone?"" Game but </span>it's still not letting you move on?</p></div>",,,,,,,"[task_data_ach_task_short_baseline] = """"",,,,,,
task_nosave_opt_ach_bl,auditory_ch_task,,yesno,"<div class=""rich-text-field-label""><p><span style=""text-decoration: underline;"">FIRST</span><span style=""font-weight: normal;""> you should try </span><em>clicking the link again</em><span style=""font-weight: normal;""> and waiting 5 seconds to see if it</s<p>If you want to finish this survey as soon as possible<span style=""font-weight: normal;""> the best option is to replay the game (we're sorry!) <em>Just make sure you have stable internet first!</em></span></p> <p> </p> <p>If you most want to avoid replaying the game<span style=""font-weight: normal;""> there is one way to check to see if you can recover the data and move on. </span></p> <p> </p> <p><span style=""text-decoration: underline;""><span style=""font-weight: normal;"">Hit </span>Yes<span style=""font-weight: normal;""> if you want to see this method. </span></span></p> <p> </p> <p><em>if either approach fails, </em><span style=""font-weight: normal;"">you may </span>email maximillian.greenwald@yale.edu<span style=""font-weight: normal;""> with the </span>subject line ""Task data not saving for [record_id]"" <span style=""font-weight: normal;"">and include in the body of the email </span>which game<span style=""font-weight: normal;""> you are on and the </span>date<span style=""font-weight: normal;""> and </span>time<span style=""font-weight: normal;""> you completed the game.</span></p></div>",,,,,,,[task_nosave_yn_ach_bl]='1',,,,,,
task_nosave_ach_bl,auditory_ch_task,,descriptive,"<div class=""rich-text-field-label""><p><span style=""font-weight: normal;"">Steps for retrieving a backup of your data :</span></p> <ol> <li>Right<span style=""font-weight: normal;""> click</span></li> <li><span style=""font-weight: normal;""> Select ""</span>inspect<span style=""font-weight: normal;"">""</span></li> <li><span style=""font-weight: normal;"">Select the</span> ""console"" tab<span style=""font-weight: normal;""> from the little box that pops up</span></li> <li><span style=""font-weight: normal;"">Enter (at the bottom of the box -- your cursor should already be there)</span> console.log(localStorage.getItem('ach_task_short_baseline'))<span style=""font-weight: normal;""> -- <em>Note: if you are trying to copy and paste this into the console you will need to type ""allow pasting"" before doing so!</em></span> </li> <li> <p dir=""ltr"" role=""presentation""><span style=""font-weight: normal;"">If you see a bunch of test saying 'survey_url', 'response', 'encrypted_metadata' then success! This is your data. If not -- sorry :( you probably lost connection during the game and need to play again. </span></p> <span style=""font-weight: normal;""><strong id=""docs-internal-guid-fcd58c73-7fff-42ff-9fa0-1cebeb05d281""></strong></span></li> <li><span style=""font-weight: normal;"">If you do have the data, just copy it (you can click and drag but better is to hit the little </span>copy<span style=""font-weight: normal;""> button that should be at the end)</span></li> <li><span style=""font-weight: normal;"">Then</span> paste the giant blob of text into the box below!</li> </ol></div>",,,,,,,[task_nosave_opt_ach_bl]='1',,,,,,
task_data_ach_bl_retrieved,auditory_ch_task,,notes,"<div class=""rich-text-field-label""><p><span style=""font-weight: normal;"">If you got the task data, </span>paste it here<span style=""font-weight: normal;""> and you can move on! MAKE SURE YOU COPY AND PASTE THE DATA CAREFULLY! Omitting a single character will result in us being unable to interpret your data and you needing to replay :( Remember! All answers are reviewed in detail before payment can be made!</span></p></div>",,,,,,,[task_nosave_opt_ach_bl]='1',,,,,,
confirm_ach_tasks,auditory_ch_task,"<div class=""rich-text-field-label""></div>",radio,"<div class=""rich-text-field-label""><p>Congratulations! You have completed the game.</p> <p><span style=""font-weight: normal;"">Take a break now if you need one! You can take as long of a break as you need, as long as the games are completed within 24 hours. </span>Just click ""Save and Return Later"" at the bottom and input your email address when prompted to receive your return link. <span style=""font-weight: normal;"">Click the return link in your email inbox when you're ready to continue. </span></p> <p>If you're not going to take a break, <em>click the box</em> so you can proceed to the next game!</p></div>","1, Click to proceed",,,,,,"[task_data_ach_task_short_baseline] <> """" or [task_data_ach_bl_retrieved] <> """"",y,,,,,
ach_replay,auditory_ch_task,,yesno,Had to replay?,,,,,,,,,,,,, @HIDDEN-SURVEY
ach_replay_2,auditory_ch_task,,yesno,Had to replay? 2x,,,,,,,,,,,,, @HIDDEN-SURVEY
ach_replay_3,auditory_ch_task,,yesno,Had to replay? 3x,,,,,,,,,,,,, @HIDDEN-SURVEY
ach_replay_4,auditory_ch_task,,yesno,Had to replay? 4x,,,,,,,,,,,,, @HIDDEN-SURVEY
timestamp_ah,auditory_ch_task,,text,,,,datetime_seconds_mdy,,,,,,,,,," @NOW
@HIDDEN"
monitor_recheck_spacejunk,spacejunk_game,"<div class=""rich-text-field-label""><p>Last(!) game: the Space Junk Game</p></div>",yesno,Are you using the same monitor or laptop as you used before? ,,,,,,,,y,,,,,
monitor_check_spacejunk,spacejunk_game,,notes,"<div class=""rich-text-field-label""><p>What type of computer monitor or laptop are you using?</p></div>",,,,,,,[monitor_recheck_spacejunk]='0',y,,,,,
browser_spacejunk,spacejunk_game,,radio,What browser are you using?,"1, Google Chrome | 2, Safari | 3, Mozilla Firefox | 4, Microsoft Edge | 5, Internet Explorer",,,,,,,y,,,,,
spacejunk_url,spacejunk_game,,text,Instrument URL,,,,,,,,,,,,," @CALCTEXT([form-url:instrument])
@HIDDEN-SURVEY"
full_screen_spacejunk,spacejunk_game,,yesno,"<div class=""rich-text-field-label""><p><span style=""font-weight: normal;"">Make sure your window is set to </span><span style=""text-decoration: underline;"">full screen</span><span style=""font-weight: normal;"">.</span></p> <p> </p> <p><span style=""font-weight: normal;"">Is your window </span><span style=""text-decoration: underline;"">full screen?</span><span style=""font-weight: normal;""> </span></p></div>",,,,,,,,y,,,,,
spacejunk_task,spacejunk_game, ,descriptive,"<div class=""rich-text-field-label""><p style=""text-align: center;"">Now you're ready for the game!</p> <p style=""text-align: center;"">Remember to keep your screen <span style=""text-decoration: underline;"">brightness at 100%</span> and window <span style=""text-decoration: underline;"">full screen</span>!</p> <p> </p> <p style=""text-align: center;""><em>Click the link below to begin!:</em></p> <p style=""text-align: center;""><span style=""font-size: 14pt;""><a title=""Space Junk Task"" href=""https://powerslab.research.yale.edu/spacejunk_bl/#/?id=[encrypted_metadata_uri]&survey_url=[survey-url]"">Space Junk</a> (~15 minutes) - [task_data_spacejunk_bl_complete]</span></p></div>",,,,,,,,,,,,,
incomplete_trials_spacejunk,spacejunk_game,,checkbox,"<div class=""rich-text-field-label""><p><span style=""font-weight: normal;"">Not all tasks are complete. In order to proceed, please </span>complete the remaining tasks.<br><br>If you have completed the tasks<span style=""font-weight: normal;"">, then </span>refresh <span style=""font-weight: normal;"">this page.</span><br><br><span style=""font-weight: normal;"">If you are still unable to proceed but have completed the tasks, please email </span>maximillian.greenwald@yale.edu<span style=""font-weight: normal;""> with the subject line ""T</span>ask data not saving for [record_id]<span style=""font-weight: normal;"">"" and include in the body of the email which </span>game you are on<span style=""font-weight: normal;""> and the </span>date and time you completed the game<span style=""font-weight: normal;"">.</span></p></div>","1, Checkbox disabled until all tasks are complete. Refresh the page to update.",,,,,,"[task_data_spacejunk_bl] = """" and [task_data_spacejunk_bl_retrieved]=""""",y,,,,, @READONLY
task_nosave_yn_spacejunktaskbl,spacejunk_game,,yesno,"<div class=""rich-text-field-label""><p><span style=""font-weight: 400;"">Did the SpaceJunk game not save and you need to <span style=""text-decoration: underline;""><span style=""font-weight: normal;"">paste</span></span> the <span style=""text-decoration: underline;"">downloaded</span> data?</span></p></div>",,,,,,,"[task_data_spacejunk_bl] = """"",,,,,,
task_data_spacejunk_bl_retrieved,spacejunk_game,,notes,"<div class=""rich-text-field-label""><p><span style=""font-weight: normal;"">If you got the task data downloaded, open </span><em>users.json</em><span style=""font-weight: normal;"">, copy ALL of it (we recommend control or command + A before copying), </span>paste it here<span style=""font-weight: normal;""> and you can move on! </span></p> <p> </p> <p><span style=""font-weight: normal;"">Omitting a single character will result in us being unable to interpret your data and you needing to replay :(</span></p> <p><span style=""font-weight: normal;""> Remember! All answers are reviewed in detail before payment can be made!</span></p></div>",,,,,,,[task_nosave_yn_spacejunktaskbl]='1',,,,,,
confirm_spacejunktask_complete,spacejunk_game,,checkbox,"<div class=""rich-text-field-label""><p>Congratulations! You have completed the game.</p> <p><span style=""font-weight: 400;"">Click to continue to the next page : )</span></p></div>","1, Click to proceed",,,,,,"[task_data_spacejunk_bl] <> """" or [task_data_spacejunk_bl_retrieved] <> """"",y,,,,,
timestamp_spacejunk,spacejunk_game,,text,,,,datetime_seconds_mdy,,,,,,,,,," @NOW
@HIDDEN-SURVEY"
spacejunk_problems_yn,spacejunk_game, ,yesno,"<div class=""rich-text-field-label""><p><span style=""font-weight: normal;"">Did you </span><span style=""text-decoration: underline;"">encounter any difficulties</span><span style=""font-weight: normal;""> during the game or </span><span style=""text-decoration: underline;"">have any reason why we should consider not using your data</span><span style=""font-weight: normal;"">? </span></p> <p> </p> <p><span style=""font-weight: normal;"">This will </span><span style=""text-decoration: underline;"">NOT</span><span style=""font-weight: normal;""> influence whether or not you receive payment :)</span></p></div>",,,,,,,,y,,,,,
spacejunk_problems,spacejunk_game,,notes,What problems did you run into? ,,,,,,,[spacejunk_problems_yn]='1',y,,,,,
spacejunk_feedback,spacejunk_game,,notes,"<div class=""rich-text-field-label""><p><span style=""font-weight: normal;"">Do you have any other </span><span style=""text-decoration: underline;"">feedback</span><span style=""font-weight: normal;""> on the Space Junk game or these new questions? </span></p></div>",,,,,,,"[cope_pw]<>""""",,,,,,
fraud_7,spacejunk_game,,radio,"<div class=""rich-text-field-label""><p>Your responses have been determined to be fraudulent, and your study participation ends here. Your data will be deleted.</p></div>","1, Checkbox disabled.",,,,,,[qc_passed]='0',y,,,,, @READONLY
spacejunk_replay,spacejunk_game,,yesno,Had to replay?,,,,,,,,,,,,, @HIDDEN-SURVEY
spacejunk_replay_2,spacejunk_game,,yesno,Had to replay? 2x,,,,,,,,,,,,, @HIDDEN-SURVEY
spacejunk_replay_3,spacejunk_game,,yesno,Had to replay? 3x,,,,,,,,,,,,, @HIDDEN-SURVEY
spacejunk_replay_4,spacejunk_game,,yesno,Had to replay? 4x,,,,,,,,,,,,, @HIDDEN-SURVEY
age_qc,validity_checks,,text,"<div class=""rich-text-field-label""><p>What is your age? (in years)</p></div>",,,number,18,70,,[student_yn]='0',y,,,,,
fraud_8,validity_checks,,radio,"<div class=""rich-text-field-label""><p>Your responses have been determined to be fraudulent, and your study participation ends here. Your data will be deleted.</p></div>","1, Checkbox disabled.",,,,,,[qc_passed]='0',y,,,,, @READONLY
validity_url,validity_checks,,text,Instrument URL,,,,,,,,,,,,," @CALCTEXT([form-url:instrument])
@HIDDEN-SURVEY"
timestamp_validity,validity_checks,,text,,,,datetime_seconds_dmy,,,,[student_yn]='0',,,,,," @HIDDEN
@NOW"
timestamp_validity_2,validity_checks,,text,,,,date_mdy,,,,[student_yn]='0',,,,,," @HIDDEN
@NOW"
race_qc,validity_checks,,radio,"<div class=""rich-text-field-label""><p>What is your race?</p></div>","1, American Indian/Alaska Native | 2, Asian | 3, Native Hawaiian or Other Pacific Islander | 4, Black or African American | 5, White | 6, More than one race | 7, Unknown/I prefer not to say",,,,,,[student_yn]='0',y,,,,,
sp_type_recent_qc,validity_checks,,radio,"<div class=""rich-text-field-label""><p><span style=""font-weight: normal;"">Which psychedelic did you use</span> most recently<span style=""font-weight: normal;"">?</span></p></div>","1, Psilocybin (magic mushrooms) | 2, LSD | 3, Mescaline (peyote, san pedro) | 4, DMT (Ayahuasca, smoked) | 5, 5-MeO-DMT (bufo, toads) | 6, Other",,,,,,"[sp_type_recent]<>""""",y,,,,,
qc_textbox,validity_checks,,descriptive,"<div class=""rich-text-field-label""><p>The following questions will not affect your pay and are solely intended to assess the quality of collected data.</p></div>",,,,,,,,,,,,,
honesty_qc,validity_checks,,dropdown,"<div class=""rich-text-field-label""><p>I answered the questions truthfully.</p></div>","1, strongly disagree | 2, disagree | 3, neither agree nor disagree | 4, agree | 5, strongly agree",,,,,,,y,,,,,
attentionq_qc,validity_checks,,dropdown,"<div class=""rich-text-field-label""><p>I paid close attention to the questions.</p></div>","1, strongly disagree | 2, disagree | 3, neither agree nor disagree | 4, agree | 5, strongly agree",,,,,,,y,,,,,
effort_qc,validity_checks,,dropdown,"<div class=""rich-text-field-label""><p>I did the best I could on the tasks.</p></div>","1, strongly disagree | 2, disagree | 3, neither agree nor disagree | 4, agree | 5, strongly agree",,,,,,,y,,,,,
distraction_qc,validity_checks,,dropdown,"<div class=""rich-text-field-label""><p>I was not distracted by my phone or other things during the surveys and tasks.</p></div>","1, strongly disagree | 2, disagree | 3, neither agree nor disagree | 4, agree | 5, strongly agree",,,,,,,y,,,,,
onlinehonesty_qc,validity_checks,,dropdown,"<div class=""rich-text-field-label""><p>I find it easier to answer senstive questions honestly online, compared to an interview over the phone or in person.</p></div>","1, strongly disagree | 2, disagree | 3, neither agree nor disagree | 4, agree | 5, strongly agree",,,,,,,y,,,,,
ch_exit1a,validity_checks,,notes,"Please describe any issues you ran into while doing the tasks (eg. distracting background noises, getting sleepy, technical issues, getting distracted, etc.). ",,,,,,,[student_yn]='0',,LV,,,,
issues_tasks,validity_checks,,checkbox,Which tasks did you encounter issues with?,"1, Find the Pattern! | 2, The Lucky Picture Picking Game | 3, Can You Hear the Tone? | 4, Guess Which Pond! | 5, Space Junk | 6, NO ISSUES ENCOUNTERED",,,,,,,,,,,,
strategy_yn,validity_checks,,yesno,Did you use any specific strategy for the Lucky Picture Picking Game? What about Space Junk?,,,,,,,[student_yn]='0',y,,,,,
strategy_notes,validity_checks,,notes,Please describe the strategy you used for the Lucky Picture Picking Game and/or the Space Junk Game,,,,,,,[student_yn]='0',y,,,,,
past_participant_yn,validity_checks,,yesno,"<div class=""rich-text-field-label""><p>Had you ALREADY played any of these games online <span style=""text-decoration: underline;"">before</span>? (eg. for Powers Lab online studies, Prolific, MTurk, etc.?)</p></div>",,,,,,,[student_yn]='0',y,,,,,
past_participant_games,validity_checks,,checkbox,Which of the games have you played before?,"1, Can You See the Pattern? | 2, Can You Hear the Tone? | 3, The Lucky Picture Picking Game | 4, Guess Which Pond! | 5, Space Junk | 6, I HAVE NEVER PLAYED ANY OF THESE BEFORE",,,,,,[past_participant_yn]='1',y,,,,,
ch_exit3,validity_checks,,radio,"In general, when were you more confident: when indicating that you heard a tone or when indicating that you did not hear a tone?","1, Hearing the tone | 2, Not hearing | 3, Equal",,,,,,[student_yn]='0',y,LV,,,,
ch_exit5,validity_checks,,radio,"In the cases where you didn't know whether or not you heard the tone, were you more likely to indicate you heard the tone or had not heard the tone?","1, Heard the tone | 2, Did not hear the tone | 3, I never didn't know whether or not I had heard the tone",,,,,,[student_yn]='0',y,LV,,,,
ch_exit6a,validity_checks,,checkbox,How did your confidence in hearing the tone change or not change as the game went on? ,"1, No change | 2, Less confident in hearing the tone with time | 3, More confident in hearing the tone with time | 4, Less confident in NOT hearing the tone with time | 5, More confident in NOT hearing the tone with time",,,,,,[student_yn]='0',y,LV,,,,
ch_exit_7,validity_checks,,radio,"If there times when the screen flashed and you thought you heard a tone but you also could have been hearing it in your head -- how often did you report the tone as present?
","1, Never | 2, Sometimes | 3, Half the time | 4, Most of the time | 5, Always | 6, This never happened to me",,,,,,[student_yn]='0',y,,,,,
vch_exit3,validity_checks,,radio,"In general, when were you more confident: when indicating that you saw the pattern or when indicating that you did not see the pattern?","1, Seeing the pattern | 2, No seeing the pattern | 3, Equal",,,,,,[student_yn]='0',y,,,,,
vch_exit6,validity_checks,,radio,"In the cases where you didn't know whether or not you saw the pattern, were you more likely to indicate you saw the pattern or did not see the pattern?","1, Saw the pattern | 2, Did not see the pattern | 3, I never didn't know whether or not I had seen the pattern",,,,,,[student_yn]='0',y,LV,,,,
vch_exit6a,validity_checks,,checkbox,How did your confidence in seeing the pattern change or not change as the game went on? ,"1, No change | 2, Less confident in seeing the pattern with time | 3, More confident in seeing the pattern with time | 4, Less confident in NOT seeing the pattern with time | 5, More confident in NOT seeing the pattern with time",,,,,,[student_yn]='0',y,,,,,
ch_exit_9,validity_checks,,notes,"If you imagine the tune to the song ""Happy Birthday"", do you feel like you are hearing it?",,,,,,,[student_yn]='0',,,,,,
vch_exit_9,validity_checks,,notes,"If you imagine seeing a loved one's face with your eyes closed, do you feel like you can really see it? Can you make the face change its expressions or talk? ",,,,,,,[student_yn]='0',,,,,,
final_feedback,validity_checks,,checkbox,"Thank you SO MUCH for your participation! Your experience participating is important to us, and we want to continue working with members of the psychedelic community. Do you have any feedback on any aspect of the study for us to improve on in the future? ","1, None of these | 2, Language used (eg. for psychedelics, experiences related to psychedelics, mental health, experiences that others do not share, etc.) | 3, Study duration | 4, games or screening questions| 5, Games | 6, Compensation options | 7, Privacy | 8, Questions NOT asked | 9, Advertising | 10, Clarity (eg. instructions, questions, etc.)",,,,,,,y,,,,,
feedback_language,validity_checks,,notes,"What feedback do you want to give us about the language used in this study? (eg. regarding psychedelics, psychedelic experiences, and mental health)",,,,,,,[final_feedback(2)] = '1',y,,,,,
feedback_duration,validity_checks,,notes,What feedback do you want to give us about the duration in this study? ,,,,,,,[final_feedback(3)] = '1',y,,,,,
feedback_games,validity_checks,,notes,What feedback do you want to give us about the games in this study? ,,,,,,,[final_feedback(5)] = '1',y,,,,,
feedback_questionnaires,validity_checks,,notes,What feedback do you want to give us about the questionnaires in this study? ,,,,,,,[final_feedback(4)] = '1',y,,,,,
feedback_compensation,validity_checks,,notes,What feedback do you want to give us about the compensation in this study? ,,,,,,,[final_feedback(6)] = '1',y,,,,,
feedback_privacy,validity_checks,,notes,What feedback do you want to give us about the privacy in this study? ,,,,,,,[final_feedback(7)] = '1',y,,,,,
feedback_unasked_questions,validity_checks,,notes,What feedback do you want to give us about unasked questions in this study? ,,,,,,,[final_feedback(8)] = '1',y,,,,,
feedback_advertising,validity_checks,,notes,What feedback do you want to give us about the advertising in this study? ,,,,,,,[final_feedback(9)] = '1',y,,,,,
feedback_clarity,validity_checks,,notes,What feedback do you want to give us about the clarity in this study? ,,,,,,,[final_feedback(10)] = '1',y,,,,,
feedback_qualitative,validity_checks,,yesno,Would you be interested in discussing improvements for this study or future studies working with members of the psychedelic community over a longer zoom call with a researcher? ,,,,,,,[final_feedback(2)] = '1' or [final_feedback(3)] = '1' or [final_feedback(4)] = '1' or [final_feedback(5)] = '1' or [final_feedback(6)] = '1' or [final_feedback(7)] = '1' or [final_feedback(8)] = '1' or [final_feedback(9)] = '1' or [final_feedback(10)] = '1',,,,,,
duration_validity_checks,validity_checks,,calc,,[survey-duration-completed:validity_checks:m],,,,,,,,,,,, @HIDDEN-SURVEY
duration_consent_baseline,validity_checks,,calc,,[survey-duration-completed:consent_baseline:m],,,,,,,,,,,, @HIDDEN-SURVEY
duration_verification_survey,validity_checks,,calc,,[survey-duration-completed:verification_survey:m],,,,,,,,,,,, @HIDDEN-SURVEY
duration_family_history_and_asi,validity_checks,,calc,,[survey-duration-completed:family_history_and_asi:m],,,,,,,,,,,, @HIDDEN-SURVEY
duration_spacejunk_game,validity_checks,,calc,,[survey-duration-completed:spacejunk_game:m],,,,,,,,,,,, @HIDDEN-SURVEY
duration_auditory_ch_task,validity_checks,,calc,,[survey-duration-completed:auditory_ch_task:m],,,,,,,,,,,, @HIDDEN-SURVEY
duration_prl_task,validity_checks,,calc,,[survey-duration-completed:prl_task:m],,,,,,,,,,,, @HIDDEN-SURVEY
duration_visual_ch_task,validity_checks,,calc,,[survey-duration-completed:visual_ch_task:m],,,,,,,,,,,, @HIDDEN-SURVEY
duration_screening_survey,validity_checks,,calc,,[survey-duration-completed:screening_survey:m],,,,,,,,,,,, @HIDDEN-SURVEY
duration_survey_perception_substance_use,validity_checks,,calc,,[survey-duration-completed:survey_perception_substance_use:m],,,,,,,,,,,, @HIDDEN-SURVEY
duration_sms_verification,validity_checks,,calc,,[survey-duration-completed:sms_verification:m],,,,,,,,,,,, @HIDDEN-SURVEY
yale_email,validity_checks,,text,Please mark your yale email in case you need to be contacted regarding responses :),,,email,,,,[student_yn]='1',,,,,,
yale_debrief_2,validity_checks,,descriptive,"<div class=""rich-text-field-label""><p>Congratulations! <span style=""font-weight: normal;"">You are all done. </span></p> <p><span style=""font-weight: normal;"">Please see the </span>debriefing form<span style=""font-weight: normal;""> attached and email </span><a href=""mailto:maximillian.greenwald@yale.edu"">maximillian.greenwald@yale.edu</a><span style=""font-weight: normal;""> if you want more information or </span>want to get involved in this research<span style=""font-weight: normal;""> (<em>we are working with patients receiving psychedelics in clinical trials this year!</em>)</span></p></div>",,,,,,,"[student_yn]='1' and [task_data_spacejunk_bl]<>""""",,,,,,
yale_debrief_4,validity_checks,,descriptive,"<div class=""rich-text-field-label""><p>Congratulations! <span style=""font-weight: normal;"">You are all done. </span></p> <p><span style=""font-weight: normal;"">Please see the </span>debriefing form<span style=""font-weight: normal;""> attached and email </span><a href=""mailto:maximillian.greenwald@yale.edu"">maximillian.greenwald@yale.edu</a><span style=""font-weight: normal;""> if you want more information or </span>want to get involved in this research<span style=""font-weight: normal;""> (<em>we are working with patients receiving psychedelics in clinical trials this year!</em>)</span></p></div>",,,,,,,"[student_yn]='1' and [task_data_prltask]<>""""",,,,,,
yale_debrief_3,validity_checks,,descriptive,"<div class=""rich-text-field-label""><p>Congratulations! <span style=""font-weight: normal;"">You are all done. </span></p> <p><span style=""font-weight: normal;"">Please see the </span>debriefing form<span style=""font-weight: normal;""> attached and email </span><a href=""mailto:maximillian.greenwald@yale.edu"">maximillian.greenwald@yale.edu</a><span style=""font-weight: normal;""> if you want more information or </span>want to get involved in this research<span style=""font-weight: normal;""> (<em>we are working with patients receiving psychedelics in clinical trials this year!</em>)</span></p></div>",,,,,,,"[student_yn]='1' and [task_data_vchshortd1]<>""""",,,,,,
payment_url,payment_form,"Payment Screening Psychedelics -- Baseline
Payment Method: [payment_pref]
Date of Completion: [timestamp_validity_2]
Amount: $40 
Participant: [record_id]
Email: [replay_email]",text,Instrument URL,,,,,,,,,,,,," @CALCTEXT([form-url:instrument])
@HIDDEN-SURVEY"
paytype,payment_form,,text,What form of payment is requested? ,,,,,,,,,,,,," @CALCTEXT([payment_pref])
@HIDDEN-SURVEY"
employee_name,payment_form,,text,Name of the yale employee dispensing payment? ,,,,,,,,,,,,,
pay_total,payment_form,,text,Grand Total Recieved: $,,,,,,,,,,,,," @CALCTEXT(""40"")"
pay_activity,payment_form,,text,What was completed today?,,,,,,,,,,,,," @CALCTEXT(""Completion of Aim 7; baseline tasks"")"
pay_total_2,payment_form,,text,Participant ID,,,,,,,,,,,,, @CALCTEXT([record_id])
pay_day_ofweek,payment_form,,radio,Please select the day ,"1, Monday | 2, Tuesday | 3, Wednesday | 4, Thursday | 5, Friday | 6, Saturday | 7, Sunday",,,,,,,,,,,,
visa_address,payment_form,,descriptive,"<div class=""rich-text-field-label""><p><span style=""font-weight: normal;"">Shipping Address: </span>[payment_address_bl]</p></div>",,,,,,,[payment_pref]='1',,,,,,
amazon_email,payment_form,,descriptive,"<div class=""rich-text-field-label""><p><span style=""font-weight: normal;"">Amazon Gift Card email: </span>[payment_email_bl]</p></div>",,,,,,,[payment_pref]='2',,,,,,
date_finished,payment_form,,text,"<div class=""rich-text-field-label""><p><span style=""font-weight: normal;"">What day did they </span>fully finish the study<span style=""font-weight: normal;"">? </span><br><span style=""font-weight: normal;"">(this will be later than validity checks if they had to replay or re-answer anything. Check the QC script which will calculate the latest date for you)</span></p></div>",,,date_mdy,,,,,,,,,, @DEFAULT=CALCTEXT([datedone_validity_checks])
qc_passed,payment_form,,yesno,"<div class=""rich-text-field-label""><p>Quality Check passed?</p> <p><em><span style=""font-weight: normal;"">Download the data</span></em></p> <p><em><span style=""font-weight: normal;"">go to:</span></em></p> <p><em>/Users/msg74/Desktop/powers_lab/Analysis/Aim1_Baseline/quickQC_baseline.ipynb</em><em><span style=""font-weight: normal;""> </span></em></p> <p><em><span style=""font-weight: normal;"">Replace the csv name with the new date and time of download</span></em></p> <p><em><span style=""font-weight: normal;"">and check whether to pay</span></em><span style=""font-weight: normal;"">.</span></p></div>",,,,,,,,y,LH,,,,
verify_emailed,payment_form,,yesno,Has this person been sent a verification email if their psychedelic data requires verification?,,,,,,,,,,,,,
rpt_invite_yn,payment_form,,yesno,"<div class=""rich-text-field-label""><p><span style=""font-weight: normal;"">Has an email been sent to </span>[interested_spstudy] <span style=""font-weight: normal;"">inviting them to <a href=""https://redcap.research.yale.edu/redcap_v14.5.25/Surveys/invite_participants.php?participant_list=1&pid=606"">the longitudinal study</a>?</span></p> <p><span style=""font-weight: normal;"">Subject line: </span>Powers Lab @ Yale Online Research: Invitation to Longitudinal Study</p></div>",,,,,,,[qc_passed]='1',y,,,,,
qc_instructions,payment_form,,descriptive,"<div class=""rich-text-field-label""><p>If they have failed the QC, click the relevant record ID Consent form and delete the JSON string for that task (copy and <a href=""https://docs.google.com/spreadsheets/d/17QAGLx2Ug329ccTmPJDbUMfkLdMvJ31qhpKwmjavD-Y/edit?usp=sharing"">paste it into this file</a>) <br><br></p></div>",,,,,,,[qc_passed]='0',,,,,,
qc_bad_data,payment_form,,yesno,"<div class=""rich-text-field-label""><p>Did they fail the major QC suggesting repeat survey taking and need their data deleted?</p></div>",,,,,,,[qc_passed]='0',,,,,,
payment_link,payment_form,,yesno,"<div class=""rich-text-field-label""><p>Upload payment to: the <a href=""https://yaleedu-my.sharepoint.com/:x:/r/personal/silmilly_toribio_yale_edu/_layouts/15/Doc.aspx?sourcedoc=%7B989CA093-98FB-412F-A0BA-F99D26B72AAF%7D&file=Participant%20Payment%20Request%20Psychedelics%20MSG.xlsx&action=default&mobileredirect=true&wdsle=0"">sharepoint</a><br><br></p> <p><span style=""font-weight: normal;"">For the following fields:</span></p> <p>Yale Researcher Making Payment =<span style=""font-weight: normal;""> Similly Toribio</span></p> <p>Type of Participation or Assessment Point = <span style=""font-weight: normal;"">Completion of Aim 7; baseline tasks</span></p> <p>Amount<span style=""font-weight: normal;""> = $60</span></p> <p><span style=""font-weight: normal;"">Leave </span>Date of payment<span style=""font-weight: normal;""> blank!</span></p></div>",,,,,,,[qc_passed]='1',y,LV,,,,
salvage_yn,payment_form,,yesno,"<div class=""rich-text-field-label""><p>If they never finished but have SOME data -- do they otherwise pass QC?</p></div>",,,,,,,,,,,,,
scree_paid_bl,payment_form,,radio,Payment Sent to Participant?,"1, Yes | 0, No",,,,,,[qc_passed]='1',,,,,,
credit_yn,payment_form,,yesno,Credit Awarded? ,,,,,,,[qc_passed]='1' and [student_yn]='1',y,,,,,
scree_payment_date_bl,payment_form,,text,Date of Payment,,,date_mdy,,,,[qc_passed]='1',,,,,,
scree_payment_number_bl,payment_form,,text,Receipt number,,,,,,,[qc_passed]='1',,,,,,
qc_notes,payment_form,,notes,Any additional notes on QC for this participant?,,,,,,,,,,,,,
spacejunk_yn,payment_form,,yesno,Completed space junk add on game? ,,,,,,,,,,,,,
space_junkqc,payment_form,,yesno,Passed space junk QC? ,,,,,,,[spacejunk_yn]='1',,,,,,
payment_link_2,payment_form,,yesno,"<div class=""rich-text-field-label""><p>Upload payment to: the <a href=""https://yaleedu-my.sharepoint.com/:x:/r/personal/silmilly_toribio_yale_edu/_layouts/15/Doc.aspx?sourcedoc=%7B989CA093-98FB-412F-A0BA-F99D26B72AAF%7D&file=Participant%20Payment%20Request%20Psychedelics%20MSG.xlsx&action=default&mobileredirect=true&wdsle=0"">sharepoint</a><br><br></p> <p><span style=""font-weight: normal;"">For the following fields:</span></p> <p>Yale Researcher Making Payment =<span style=""font-weight: normal;""> Similly Toribio</span></p> <p>Type of Participation or Assessment Point = <span style=""font-weight: normal;"">Completion of Aim 7; Add-on questionnaire and task #1)</span></p> <p>Amount<span style=""font-weight: normal;""> = $15</span></p> <p><span style=""font-weight: normal;"">Leave </span>Date of payment<span style=""font-weight: normal;""> blank!</span></p></div>",,,,,,,[space_junkqc]='1',y,LV,,,,
addons_completed,payment_form,,yesno,Completed the < 10min add-on questions? ,,,,,,,,,,,,,
addons_payment,payment_form,,yesno,Payment submitted for add-on questions? ,,,,,,,,,,,,,
datedone_consent_baseline,payment_form,,text,consent_baseline completion date,,,date_mdy,,,,,,,,,," @CALCTEXT([survey-time-completed:consent_baseline:value])
\n@HIDDEN-SURVEY"
datedone_screening_survey,payment_form,,text,screening_survey completion date,,,date_mdy,,,,,,,,,," @CALCTEXT([survey-time-completed:screening_survey:value])
\n@HIDDEN-SURVEY"
datedone_sms_verification,payment_form,,text,sms_verification completion date,,,date_mdy,,,,,,,,,," @CALCTEXT([survey-time-completed:sms_verification:value])
\n@HIDDEN-SURVEY"
datedone_screening_result,payment_form,,text,screening_result completion date,,,date_mdy,,,,,,,,,," @CALCTEXT([survey-time-completed:screening_result:value])
\n@HIDDEN-SURVEY"
datedone_eligibile,payment_form,,text,eligibile completion date,,,date_mdy,,,,,,,,,," @CALCTEXT([survey-time-completed:eligibile:value])
\n@HIDDEN-SURVEY"
datedone_survey_perception_substance_use,payment_form,,text,survey_perception_substance_use completion date,,,date_mdy,,,,,,,,,," @CALCTEXT([survey-time-completed:survey_perception_substance_use:value])
\n@HIDDEN-SURVEY"
datedone_family_history_and_asi,payment_form,,text,family_history_and_asi completion date,,,date_mdy,,,,,,,,,," @CALCTEXT([survey-time-completed:family_history_and_asi:value])
\n@HIDDEN-SURVEY"
datedone_visual_ch_task,payment_form,,text,visual_ch_task completion date,,,date_mdy,,,,,,,,,," @CALCTEXT([survey-time-completed:visual_ch_task:value])
\n@HIDDEN-SURVEY"
datedone_prl_task,payment_form,,text,prl_task completion date,,,date_mdy,,,,,,,,,," @CALCTEXT([survey-time-completed:prl_task:value])
\n@HIDDEN-SURVEY"
datedone_auditory_ch_task,payment_form,,text,auditory_ch_task completion date,,,date_mdy,,,,,,,,,," @CALCTEXT([survey-time-completed:auditory_ch_task:value])
\n@HIDDEN-SURVEY"
datedone_spacejunk_game,payment_form,,text,spacejunk_game completion date,,,date_mdy,,,,,,,,,," @CALCTEXT([survey-time-completed:spacejunk_game:value])
\n@HIDDEN-SURVEY"
datedone_validity_checks,payment_form,,text,validity_checks completion date,,,date_mdy,,,,,,,,,," @CALCTEXT([survey-time-completed:validity_checks:value])
\n@HIDDEN-SURVEY"
datedone_clarification_survey,payment_form,,text,clarification_survey completion date,,,date_mdy,,,,,,,,,," @CALCTEXT([survey-time-completed:clarification_survey:value])
\n@HIDDEN-SURVEY"
datedone_answer_checks,payment_form,,text,answer_checks completion date,,,date_mdy,,,,,,,,,," @CALCTEXT([survey-time-completed:answer_checks:value])
\n@HIDDEN-SURVEY"
datedone_payment_form,payment_form,,text,payment_form completion date,,,date_mdy,,,,,,,,,," @CALCTEXT([survey-time-completed:payment_form:value])
\n@HIDDEN-SURVEY"
datedone_longitudinal_study_waiting,payment_form,,text,longitudinal_study_waiting completion date,,,date_mdy,,,,,,,,,," @CALCTEXT([survey-time-completed:longitudinal_study_waiting:value])
\n@HIDDEN-SURVEY"
datedone_prolific_screening_result,payment_form,,text,prolific_screening_result completion date,,,date_mdy,,,,,,,,,," @CALCTEXT([survey-time-completed:prolific_screening_result:value])
\n@HIDDEN-SURVEY"
datedone_visual_ch_task_shortened_dlb,payment_form,,text,visual_ch_task_shortened_dlb completion date,,,date_mdy,,,,,,,,,," @CALCTEXT([survey-time-completed:visual_ch_task_shortened_dlb:value])
\n@HIDDEN-SURVEY"
datedone_add_on_questions,payment_form,,text,add_on_questions completion date,,,date_mdy,,,,,,,,,," @CALCTEXT([survey-time-completed:add_on_questions:value])
\n@HIDDEN-SURVEY"
datedone_extra_questions,payment_form,,text,extra_questions completion date,,,date_mdy,,,,,,,,,," @CALCTEXT([survey-time-completed:extra_questions:value])
\n@HIDDEN-SURVEY"
email_max,payment_form,,yesno,Email Max because somebody has a weird number? ,,,,,,,,,,,,,
send_addon,payment_form,,yesno,"<div class=""rich-text-field-label""><p><span style=""font-weight: normal;"">Should we send them their link to the add on questions? </span></p></div>",,,,,,,,,,,,,
fraudulent_email_inconsistentanswers,payment_form,,yesno,"Send 'fraudulent_email_inconsistentanswers.emltpl'? (Failed attention check, failed race/age QC, or absurd/inconsistent psychedelic responses)",,,,,,,,,,,,,
fraudulent_email,payment_form,,yesno,"Send 'fraudulent_email.emltpl'? (Copy-pasted task data (ACH, PRL, VCH))",,,,,,,,,,,,,
inconsistent_sp_answers,payment_form,,yesno,"Send 'inconsistent_sp_answers.emltpl'? (Inconsistent psychedelic use answers (repeat_nomic_q, meant_micro, failed_usetime_qc, illogical_life, illogical_year, illogical_6month))",,,,,,,,,,,,,
replay_links_ach,payment_form,,yesno,Send 'replay_links_ach.emltpl'? (Failed auditory CH task (first replay)),,,,,,,,,,,,,
replay_links_ach_2,payment_form,,yesno,Send 'replay_links_ach_2.emltpl'? (Failed auditory CH task (second replay)),,,,,,,,,,,,,
replay_links_ach_3,payment_form,,yesno,Send 'replay_links_ach_3.emltpl'? (Failed auditory CH task (third replay)),,,,,,,,,,,,,
replay_links_ach_4,payment_form,,yesno,Send 'replay_links_ach_4.emltpl'? (Failed auditory CH task (fourth replay)),,,,,,,,,,,,,
replay_links_vch,payment_form,,yesno,Send 'replay_links_vch.emltpl'? (Failed visual CH task (first replay)),,,,,,,,,,,,,
replay_links_vch_2,payment_form,,yesno,Send 'replay_links_vch_2.emltpl'? (Failed visual CH task (second replay)),,,,,,,,,,,,,
replay_links_vch_3,payment_form,,yesno,Send 'replay_links_vch_3.emltpl'? (Failed visual CH task (third replay)),,,,,,,,,,,,,
replay_links_vch_4,payment_form,,yesno,Send 'replay_links_vch_4.emltpl'? (Failed visual CH task (fourth replay)),,,,,,,,,,,,,
replay_links_prl,payment_form,,yesno,Send 'replay_links_prl.emltpl'? (Failed PRL task (first replay)),,,,,,,,,,,,,
replay_links_prl_2,payment_form,,yesno,Send 'replay_links_prl_2.emltpl'? (Failed PRL task (second replay)),,,,,,,,,,,,,
replay_links_prl_3,payment_form,,yesno,Send 'replay_links_prl_3.emltpl'? (Failed PRL task (third replay)),,,,,,,,,,,,,
replay_links_prl_4,payment_form,,yesno,Send 'replay_links_prl_4.emltpl'? (Failed PRL task (fourth replay)),,,,,,,,,,,,,
fourth_fail,payment_form,,yesno,Send 'fourth_fail.emltpl'? (Failed any task more than three times),,,,,,,,,,,,,
ip_zoom_invite,payment_form,,yesno,"Send 'ip_zoom_invite.emltpl'? (Suspicious IP address, needs Zoom follow-up)",,,,,,,,,,,,,
longitudinal_waiting_confirmation_better,payment_form,,yesno,"Send 'longitudinal_waiting_confirmation_better.emltpl'? (Eligible, needs to wait for longitudinal study (waiting period))",,,,,,,,,,,,,
longitudinal_continue_link,payment_form,,yesno,Send 'longitudinal_continue_link.emltpl'? (Send link for longitudinal study continuation),,,,,,,,,,,,,
eligible_notify,payment_form,,yesno,"Send 'eligible_notify.emltpl'? (Passed screening, eligible, notify participant)",,,,,,,,,,,,,
ineligibile_fraud,payment_form,,yesno,"Send 'ineligibile_fraud.emltpl'? (Failed screening, ineligible due to fraud)",,,,,,,,,,,,,
zoom_eligibility,payment_form,,yesno,Send 'zoom_eligibility.emltpl'? (Needs Zoom call to discuss cannabis washout),,,,,,,,,,,,,
al_yale_student_mentalhealth,payment_form,,yesno,"Send 'al_yale_student_mentalhealth.emltpl'? (Yale student reporting severe depression, suicidality, or problematic substance use)",,,,,,,,,,,,,
al_yale_student_mentalhealth_mdd_si,payment_form,,yesno,Send 'al_yale_student_mentalhealth_MDD/SI.emltpl'? (Yale student reporting severe depression or suicidality),,,,,,,,,,,,,
al_yale_student_mentalhealth_psychosis,payment_form,,yesno,Send 'al_yale_student_mentalhealth_Psychosis.emltpl'? (Yale student reporting psychosis symptoms),,,,,,,,,,,,,
al_yale_student_mentalhealth_substances,payment_form,,yesno,Send 'al_yale_student_mentalhealth_Substances.emltpl'? (Yale student reporting substance abuse),,,,,,,,,,,,,
cannabis_continue,payment_form,,yesno,Send 'cannabis_continue.emltpl'? (Cannabis user needs to abstain for a period before continuing),,,,,,,,,,,,,
close_study,payment_form,,text,Send Max and email letting him know we need to close the study? ,,,,,,,,,,,,,
close_control,payment_form,,text,Send Max and email letting him know we need to stop allowing control participants? ,,,,,,,,,,,,,
send_pay_confirm,payment_form,,yesno,Send the update that they are being paid for the main study?,,,,,,,,,,,,,
send_participation_resume,payment_form,,yesno,Send the email inviting them to continue the study if they change their answers?  ,,,,,,,,,,,,,
send_restart,payment_form,,yesno,Send the email letting people who are trying again to change their answers?  ,,,,,,,,,,,,,
continue_sms,payment_form,,yesno,Send email letting them continue cuz sms verificatin is down,,,,,,,,,,,,,
clarification_url,clarification_survey,,text,Instrument URL,,,,,,,,,,,,," @CALCTEXT([form-url:instrument])
@HIDDEN-SURVEY"
clarification_surveyurl,clarification_survey,,text,Survey URL,,,,,,,,,,,,," @CALCTEXT([survey-url:instrument])
@HIDDEN-SURVEY"
sp_verify_pass,clarification_survey,,yesno,Are these answers good enough that we should pass them? ,,,,,,,,,,,,, @HIDDEN-SURVEY
sp_since_survey1_yn,clarification_survey,,yesno,"<div class=""rich-text-field-label""><p><span style=""font-weight: normal;"">Have you used </span>macrodoses<span style=""font-weight: normal;""> (non-microdoses) of serotonergic psychedelics </span>since you finished our survey<span style=""font-weight: normal;"">?</span></p></div>",,,,,,,,y,,,,,
sp_doses_sincesurvey1,clarification_survey,,text,"<div class=""rich-text-field-label""><p>How many times <span style=""font-weight: normal;"">have you used psychedelics (</span>non-microdoses<span style=""font-weight: normal;"">) since the first survey? </span></p></div>",,,,,,,[sp_since_survey1_yn]='1',,,,,,
sp_tot_verify,clarification_survey,,text,How many times have you used serotonergic psychedelics in your entire life?,,,integer,,,,,y,,,,,
og_dayslastuse_2,clarification_survey,,descriptive,"<div class=""rich-text-field-label""><p><span style=""font-weight: normal;"">OG answer:</span> [psychedelicuse_lifetimetot]</p></div>",,,,,,,,,,,,, @HIDDEN-SURVEY
sp_tot_verify_2,clarification_survey,,text,"<div class=""rich-text-field-label""><p><span style=""font-weight: normal;"">How many times have you used </span>mAcrodoses<span style=""font-weight: normal;""> of serotonergic psychedelics in your entire </span>life<span style=""font-weight: normal;"">?</span></p></div>",,,integer,,,,,y,,,,,
og_dayslastuse_3,clarification_survey,,descriptive,"<div class=""rich-text-field-label""><p><span style=""font-weight: normal;"">OG answer:</span> [psycheduse_life_nomic]</p></div>",,,,,,,,,,,,, @HIDDEN-SURVEY
sp_lastuse_verify,clarification_survey,,text,About how many days has it been since you last used a serotonergic psychedelic?,,,integer,,,,,y,,,,,
sp_dayslastuse_nomic_ver,clarification_survey,,text,"<div class=""rich-text-field-label""><p><span style=""font-weight: normal;"">About how many </span> days <span style=""font-weight: normal;""> has it been since you </span>last <span style=""font-weight: normal;""> used a serotonergic psychedelic </span><span style=""text-decoration: underline;"">NOT</span><span style=""font-weight: normal;""> including</span> <span style=""font-weight: normal;"">microdoses?</span></p></div>",,1 year = 365 days; 1 month = 30 days; 1 week = 7 days,integer,0,,,,y,,,,,
og_dayslastuse,clarification_survey,,descriptive,"<div class=""rich-text-field-label""><p><span style=""font-weight: normal;"">OG answer:</span> [sp_dayslastuse]</p></div>",,,,,,,,,,,,, @HIDDEN-SURVEY
sp_month_nomic_ver,clarification_survey,,text,"<div class=""rich-text-field-label""><p><span style=""font-weight: normal;"">Approximately how many times in the past </span>month <span style=""font-weight: normal;"">did you use a psychedelic </span><span style=""text-decoration: underline;"">NOT</span> including <span style=""font-weight: normal;"">microdosing?</span></p></div>",,,integer,0,31,,,y,,,,,
monthog,clarification_survey,,descriptive,OG answer: [psycheduse_month_nomic],,,,,,,,,,,,,
sp_6month_nomic_ver,clarification_survey,,text,"<div class=""rich-text-field-label""><p><span style=""font-weight: normal;"">Approximately how many times in the past</span> 6 months<span style=""font-weight: normal;""> did you use a psychedelic </span><span style=""text-decoration: underline;"">NOT</span> <span style=""font-weight: normal;"">including</span> <span style=""font-weight: normal;"">microdosing?</span></p></div>",,,integer,0,60,,,y,,,,,
sixmonthog,clarification_survey,,descriptive,OG answer: [psycheduse_6month_nomic],,,,,,,,,,,,,
sp_year_nomic_ver,clarification_survey,,text,"<div class=""rich-text-field-label""><p><span style=""font-weight: normal;"">Approximately how many times in the past </span>year <span style=""font-weight: normal;"">did you use a psychedelic </span><span style=""text-decoration: underline;"">NOT</span><span style=""font-weight: normal;""> including</span> <span style=""font-weight: normal;"">microdosing?</span></p></div>",,,integer,0,750,,,y,,,,,
yearog,clarification_survey,,descriptive,OG answer: [psycheduse_year_nomic],,,,,,,,,,,,,
microdose_verify_yn,clarification_survey,,yesno,"<div class=""rich-text-field-label""><p><span style=""font-weight: normal;"">Have you </span><em>ever</em><span style=""font-weight: normal;""> </span>microdosed<span style=""font-weight: normal;""> psychedelics?</span><br><br><span style=""font-weight: normal;"">(microdose = take doses so low you do not feel a subjective high)</span></p></div>",,,,,,,,y,,,,,
micro_verify_life_micro,clarification_survey,,text,"<div class=""rich-text-field-label""><p><span style=""font-weight: normal;"">Approximately how many times in your </span>life <span style=""font-weight: normal;"">have you </span>microdosed <span style=""font-weight: normal;"">psychedelics?</span></p></div>",,,integer,0,,,[microdose_verify_yn]='1',y,,,,,
lifeog_mic,clarification_survey,,descriptive,OG answer: [psycheduse_life_micro],,,,,,,,,,,,,
micro_verify_dayslastuse,clarification_survey,,text,"<div class=""rich-text-field-label""><p><span style=""font-weight: normal;"">About how many </span> days <span style=""font-weight: normal;""> has it been since you LAST </span>microdosed <span style=""font-weight: normal;"">a serotonergic psychedelic?</span></p></div>",,1 year = 365 days; 1 month = 30 days; 1 week = 7 days,integer,0,,,[microdose_verify_yn]='1',y,,,,,
dayslastuseog_mic,clarification_survey,,descriptive,OG answer: [psych_dayslastuse_micro],,,,,,,,,,,,,
micro_verify_month,clarification_survey,,text,"<div class=""rich-text-field-label""><p><span style=""font-weight: normal;"">Approximately how many times in the past </span>month <span style=""font-weight: normal;"">did you </span>microdose <span style=""font-weight: normal;"">psychedelics?</span></p></div>",,,integer,0,100,,[microdose_verify_yn]='1',y,,,,,
monthog_mic,clarification_survey,,descriptive,OG answer: [psycheduse_month],,,,,,,,,,,,,
micro_verify_6month,clarification_survey,,text,"<div class=""rich-text-field-label""><p><span style=""font-weight: normal;"">Approximately how many times in the past </span>6 months did<span style=""font-weight: normal;""> you </span>microdose<span style=""font-weight: normal;""> psychedelics</span><span style=""font-weight: normal;"">?</span></p></div>",,,integer,0,100,,[microdose_verify_yn]='1',y,,,,,
sixmonthog_mic,clarification_survey,,descriptive,OG answer: [psycheduse_6month],,,,,,,,,,,,,
micro_verify_year,clarification_survey,,text,"<div class=""rich-text-field-label""><p><span style=""font-weight: normal;"">Approximately how many times in the past </span>year <span style=""font-weight: normal;"">did you </span>microdose<span style=""font-weight: normal;""> psychedelics</span><span style=""font-weight: normal;"">?</span></p></div>",,,integer,0,,,[microdose_verify_yn]='1',y,,,,,
yearog_mic,clarification_survey,,descriptive,OG answer: [psycheduse_year],,,,,,,,,,,,,
psychedelic_primary_verify,clarification_survey,,radio,"<div class=""rich-text-field-label""><p>What psychedelic do you most often use?</p></div>","1, Psilocybin (magic mushrooms) | 2, LSD | 3, Mescaline (peyote, san pedro) | 4, DMT (Ayahuasca, smoked) | 5, 5-MeO-DMT (bufo, toads) | 6, Other",,,,,,[psychedelicuse_lifetimetot]>0,y,,,,,
sp_type_recent_verify,clarification_survey,,radio,"<div class=""rich-text-field-label""><p><span style=""font-weight: normal;"">Which psychedelic did you use</span> most recently<span style=""font-weight: normal;"">?</span></p></div>","1, Psilocybin (magic mushrooms) | 2, LSD | 3, Mescaline (peyote, san pedro) | 4, DMT (Ayahuasca, smoked) | 5, 5-MeO-DMT (bufo, toads) | 6, Other",,,,,,[psychedelicuse_lifetimetot]>0,y,,,,,
sex_verify,answer_checks,,radio,What sex were you assigned at birth?,"1, Male | 2, Female | 3, Other",,,,,,,y,,,,,
gender_verify,answer_checks,,radio,What is your gender identity?,"1, Male | 2, Female | 3, Nonbinary | 4, Genderfluid | 5, Other",,,,,,,y,,,,,
age_verify,answer_checks,,dropdown,"<div class=""rich-text-field-label""><p>What is your age? (in years)</p></div>","17, under 18 | 18, 18 | 19, 19 | 20, 20 | 21, 21 | 22, 22 | 23, 23 | 24, 24 | 25, 25 | 26, 26 | 27, 27 | 28, 28 | 29, 29 | 30, 30 | 31, 31 | 32, 32 | 33, 33 | 34, 34 | 35, 35 | 36, 36 | 37, 37 | 38, 38 | 39, 39 | 40, 40 | 41, 41 | 42, 42 | 43, 43 | 44, 44 | 45, 45 | 46, 46 | 47, 47 | 48, 48 | 49, 49 | 50, 50 | 51, 51 | 52, 52 | 53, 53 | 54, 54 | 55, 55 | 56, 56 | 57, 57 | 58, 58 | 59, 59 | 60, 60 | 61, 61 | 62, 62 | 63, 63 | 64, 64 | 65, 65 | 66, over 65",,,,,,,y,,,,,
race_verify,answer_checks,,radio,What is your race?,"1, American Indian/Alaska Native | 2, Asian | 3, Native Hawaiian or Other Pacific Islander | 4, Black or African American | 5, White | 6, More than one race | 7, Unknown/I prefer not to say",,,,,,,y,,,,,
ethnicity_verify,answer_checks,,radio,What is your ethnicity?,"1, Hispanic or Latino | 2, NOT Hispanic or Latino | 3, Unknown/I prefer not to say",,,,,,,y,,,,,
highest_education_verify,answer_checks,,radio,What is your highest level of education?,"1, Less than 8th grade | 2, Some high school | 3, Highschool diploma or GED | 4, Some college | 5, 2-year degree | 6, 4-year bachelor's degree | 7, Master's degree | 8, Doctoral or 4 year professional degree",,,,,,,y,,,,,
ses_income_verify,answer_checks,,text,"<div class=""rich-text-field-label""><p>What is your <em>approximate</em> <span style=""text-decoration: underline;"">household</span> income in <span style=""text-decoration: underline;"">US dollars?</span> (give one number; not a range -- it's OK to approximate!)</p> <p> </p> <p><em><span style=""font-weight: normal;"">If over $10 million, please simply type 10000000</span></em></p></div>",,,number,0,10000000,,,y,,,,,
highest_education_parents_verify,answer_checks,,radio,"<div class=""rich-text-field-label""><p>What is the highest level of education between both your <span style=""text-decoration: underline;"">parents</span>?</p> <p> </p> <p><span style=""font-weight: normal;""><em>If over $10 million, please simply type 10000000</em></span></p></div>","1, Less than 8th grade | 2, Some high school | 3, Highschool diploma or GED | 4, Some college | 5, 2-year degree | 6, 4-year bachelor's degree | 7, Master's degree | 8, Doctoral or 4 year professional degree",,,,,,,y,,,,,
ses_income_parents_verify,answer_checks,,text,"<div class=""rich-text-field-label""><p>What was the <em>approximate</em> income of your <em>household</em> growing up? (in <span style=""text-decoration: underline;"">US dollars</span>)</p></div>",,,number,0,10000000,,,y,,,,,
ses_employ_verify,answer_checks,,radio,What is your employment status?,"1, Employed full time | 2, Employed part-time | 3, Unemployed but seeking work | 4, Unemployed indefinitely (disability) | 5, Unemployed indefinitely (retired) | 6, Unemployed indefinitely (stay-at-home parent or homemaker)",,,,,,,y,,,,,
ses_marital_verify,answer_checks,,radio,What is your relationship status?,"1, Married | 2, Separated or Divorced | 3, Widowed | 4, Never Married (Single) | 5, Never Married (in a relationship)",,,,,,,y,,,,,
psych_spectrum_verify,answer_checks,,yesno,"<div class=""rich-text-field-label""><p><span style=""font-weight: normal;"">Have you ever been diagnosed with a psychotic spectrum disorder such as </span>Schizophrenia<span style=""font-weight: normal;"">, </span>Schizophreniform<span style=""font-weight: normal;""> disorder, </span>Schizoaffective<span style=""font-weight: normal;""> disorder,</span> Schizotypal personality<span style=""font-weight: normal;""> disorder,</span> Bipolar<span style=""font-weight: normal;""> </span>with<span style=""font-weight: normal;""> </span>psychotic <span style=""font-weight: normal;"">features, </span>Major Depressive Disorder with psychotic<span style=""font-weight: normal;""> features,</span> brief psychotic disorder<span style=""font-weight: normal;"">, </span>delusional disorder<span style=""font-weight: normal;""> or </span>psychosis NOS<span style=""font-weight: normal;""> (not otherwise specified)</span><span style=""font-weight: normal;"">?</span></p></div>",,,,,,,,y,,,,,
psychosis_spec_verify,answer_checks,,checkbox,Which diagnoses have you received? ,"1, Bipolar with psychotic features | 2, Brief psychotic disorder | 3, Delusional disorder | 4, Major Depressive Disorder with psychotic features | 5, Psychosis NOS (not otherwise specified) | 6, Schizoaffective disorder | 7, Schizophrenia | 8, Schizophreniform disorder | 9, Schizotypal personality disorder",,,,,,[psych_spectrum_verify]='1',y,,,,,
mental_illness2_verify,answer_checks,,yesno,Have you ever received a mental illness diagnosis (besides those listed above)?,,,,,,,,y,,,,,
mental_illness_dx_verify,answer_checks,,checkbox,"<div class=""rich-text-field-label""><p>Which of the diagnoses below do you have?</p></div>","1, Adjustment Disorder | 2, Alcohol Use Disorder (AUD; Alcoholism, Drinking) | 3, Anorexia Nervosa | 4, Antisocial Personality Disorder (ASPD) | 5, Attention Deficit Hyperactivity Disorder (ADHD; Attention Deficit Disorder) | 6, Autism Spectrum Disorder (ASD; Autism, Asperger) | 7, Avoidant Personality Disorder | 8, Avoidant/Restrictive Food Intake Disorder (ARFID) | 9, Bipolar Disorder without psychosis (Manic Depression) | 10, Borderline Personality Disorder (BPD; Emotionally Unstable Personality Disorder) | 11, Bulimia | 12, Binge Eating Disorder | 13, Cannabis Use Disorder (CUD; Marijuana) | 14, Cocaine Use Disorder | 15, Complex Post-Traumatic Stress Disorder (C-PTSD; Complex PTSD) | 16, Conduct Disorder | 17, Dependent Personality Disorder | 18, Depersonalization/Derealization Disorder | 19, Dissociative Identity Disorder | 20, Generalized Anxiety Disorder (GAD) | 21, Hallucinogen Use Disorder | 22, Histrionic Personality Disorder | 23, Illness Anxiety Disorder | 24, Insomnia Disorder | 25, Ketamine Use Disorder | 26, Major Depressive Disorder (MDD; Depression, Unipolar Depression, Persistent Depressive Disorder) | 27, MDMA Use Disorder | 28, Narcissistic Personality Disorder (NPD) | 29, Narcolepsy | 30, Obsessive-Compulsive Disorder (OCD) | 31, Obsessive-Compulsive Personality Disorder (OCPD) | 32, Opioid Use Disorder (OUD; Heroin, Fentanyl, Oxy) | 33, Other Substance Use Disorder | 34, Panic Disorder | 35, Paranoid Personality Disorder | 36, Persistent Depressive Disorder (Dysthymia) | 37, Phencyclidine Use Disorder (PCP Use Disorder) | 38, Post-Traumatic Stress Disorder (PTSD; Trauma) | 39, Schizoid Personality Disorder | 40, Sleep Apnea | 41, Social Phobia (Social Anxiety) | 42, Somatic Symptom Disorder (Conversion Disorder) | 43, Specific Phobia | 44, Stimulant Use Disorder (Methamphetamine, Amphetamine) | 45, Tourette's Syndrome | 46, Trichotillomania (Hair Pulling Disorder) | 47, Tobacco Use Disorder | 48, Other",,,,,,[mental_illness2_verify]=1,y,,,,,
mental_illness_other_verify,answer_checks,,notes,"<div class=""rich-text-field-label""><p><span style=""font-weight: normal;"">If you selected </span>""Other"" <span style=""font-weight: normal;"">above, please use this space to list any mental health diagnoses you have received that were </span>not listed above<span style=""font-weight: normal;"">.</span></p> <p><span style=""font-weight: normal;"">Otherwise you may </span>skip this box<span style=""font-weight: normal;"">. </span></p></div>",,,,,,,[mental_illness2_verify]='1',,,,,,
mental_illness_current_yn_verify,answer_checks,,yesno,"<div class=""rich-text-field-label""><p><span style=""font-weight: normal;"">Are any of the mental health diagnoses you listed above </span>no longer present<span style=""font-weight: normal;"">?</span></p></div>",,,,,,,[mental_illness2_verify]='1',y,,,,,
mental_illness_current_dx_verify,answer_checks,,checkbox,"<div class=""rich-text-field-label""><p><span style=""font-weight: normal;"">Please indicate the diagnoses you have received that are </span>no longer present<span style=""font-weight: normal;"">. </span></p> <p><span style=""font-weight: normal;""><em>The lis is alphabetical using the official DSM-5 diagnoses  -- </em>y</span><span style=""font-weight: normal;"">ou may want to press </span>control + F <span style=""font-weight: normal;"">or </span>command + F <span style=""font-weight: normal;"">to </span>search for and find <span style=""font-weight: normal;"">the diagnoses you want! :) </span></p></div>","1, Adjustment Disorder | 2, Alcohol Use Disorder (AUD; Alcoholism, Drinking) | 3, Anorexia Nervosa | 4, Antisocial Personality Disorder (ASPD) | 5, Attention Deficit Hyperactivity Disorder (ADHD; Attention Deficit Disorder) | 6, Autism Spectrum Disorder (ASD; Autism, Asperger) | 7, Avoidant Personality Disorder | 8, Avoidant/Restrictive Food Intake Disorder (ARFID) | 9, Bipolar Disorder without psychosis (Manic Depression) | 10, Borderline Personality Disorder (BPD; Emotionally Unstable Personality Disorder) | 11, Bulimia | 12, Binge Eating Disorder | 13, Cannabis Use Disorder (CUD; Marijuana) | 14, Cocaine Use Disorder | 15, Complex Post-Traumatic Stress Disorder (C-PTSD; Complex PTSD) | 16, Conduct Disorder | 17, Dependent Personality Disorder | 18, Depersonalization/Derealization Disorder | 19, Dissociative Identity Disorder | 20, Generalized Anxiety Disorder (GAD; Anxiety) | 21, Hallucinogen Use Disorder | 22, Histrionic Personality Disorder | 23, Illness Anxiety Disorder | 24, Insomnia Disorder | 25, Ketamine Use Disorder | 26, Major Depressive Disorder (MDD; Depression, Unipolar Depression, Persistent Depressive Disorder) | 27, MDMA Use Disorder | 28, Narcissistic Personality Disorder (NPD) | 29, Narcolepsy | 30, Obsessive-Compulsive Disorder (OCD) | 31, Obsessive-Compulsive Personality Disorder (OCPD) | 32, Opioid Use Disorder (OUD; Heroin, Fentanyl, Oxy) | 33, Other Substance Use Disorder | 34, Panic Disorder | 35, Paranoid Personality Disorder | 36, Persistent Depressive Disorder (Dysthymia) | 37, Phencyclidine Use Disorder (PCP Use Disorder) | 38, Post-Traumatic Stress Disorder (PTSD; Trauma) | 39, Schizoid Personality Disorder | 40, Sleep Apnea | 41, Social Phobia (Social Anxiety) | 42, Somatic Symptom Disorder (Conversion Disorder) | 43, Specific Phobia | 44, Stimulant Use Disorder (Methamphetamine, Amphetamine) | 45, Tourette's Syndrome | 46, Trichotillomania (Hair Pulling Disorder) | 47, Tobacco Use Disorder | 48, Other",,,,,,[mental_illness_current_yn_verify]='1',y,,,,,
waiting_emailed_yn,longitudinal_study_waiting,,yesno,Has this person been emailed by us yet? ,,,,,,,,,,,,, @HIDDEN-SURVEY
waiting_url,longitudinal_study_waiting,,text,Instrument URL,,,,,,,,,,,,," @CALCTEXT([form-url:instrument])
@HIDDEN-SURVEY"
eligibile_survey_url,longitudinal_study_waiting,,text,Eligible Survey URL,,,,,,,,,,,,," @CALCTEXT([survey-url:eligible])
@HIDDEN-SURVEY"
sp_wait_regret,longitudinal_study_waiting,,yesno,"<div class=""rich-text-field-label""><p><span style=""font-weight: normal;"">Did you </span>reach this page accidentally <span style=""font-weight: normal;"">and you actually want to complete the study </span>as soon as possible<span style=""font-weight: normal;"">?</span></p> <p> </p> <p><span style=""font-weight: normal;"">We will review this answer and let you proceed as soon as we are alerted of this survey being done. </span></p></div>",,,,,,,,y,,,,,
rpt_description,longitudinal_study_waiting,,descriptive,"<div class=""rich-text-field-label""><p><span style=""font-weight: normal;"">Thank you so much for your interest in our </span>longitudinal<span style=""font-weight: normal;""> study! </span></p> <p><span style=""font-weight: normal;"">Here is a helpful picture to show you how the </span>full study<span style=""font-weight: normal;""> (since all the emails and times can be confusing!)</span></p> <p><span style=""font-weight: normal;"">You will receive this via email but you can also download it now :) </span></p></div>",,,,,,,,,,,,,
sp_wait_zoom,longitudinal_study_waiting,,yesno,"<div class=""rich-text-field-label""><p><span style=""font-weight: normal;"">Would you like to schedule a zoom call to discuss this study or the longitudinal study? </span></p></div>",,,,,,,,y,,,,,
bookinglink,longitudinal_study_waiting,,descriptive,"<div class=""rich-text-field-label""><p><span style=""font-weight: normal;""><span style=""font-size: 14pt;""><a href=""https://outlook.office.com/book/YalePsychedelicStudy@yale.edu/s/ZQ2KyFZg1kOiVuWLPFaZCg2?ismsaljsauthenabled"">Click here</a></span> and pick a 15 minute time slot to chat about the longitudinal study :) </span></p> <p><span style=""font-weight: normal;"">If you are having booking issues, then you can also email <a href=""mailto:maximillian.greenwald@yale.edu"">maximillian.greenwald@yale.edu.</a></span></p></div>",,,,,,,,,,,,,
sp_wait_notes,longitudinal_study_waiting,,notes,"<div class=""rich-text-field-label""><p><span style=""font-weight: normal;"">Please use this space to </span>leave us any notes <span style=""font-weight: normal;"">that you think we should know about your </span>future psychedelic or cannabis use. </p> <p> </p> <p><span style=""text-decoration: underline;""><span style=""font-weight: normal;"">Remember to not use another psychedelic for</span> [days_to_3months] days<span style=""font-weight: normal;""> (on </span>[continue_date]<span style=""font-weight: normal;"">)</span></span></p> <p><span style=""text-decoration: underline;""><span style=""font-weight: normal;"">Please also </span>do not use cannabis for at least 3 days prior to the study start</span></p> <p> </p></div>",,,,,,,,,,,,,
continue_date,longitudinal_study_waiting,,text,"<div class=""rich-text-field-label""><p><span style=""font-weight: 400;"">Date when they will be 3 months out from SP:</span></p></div>",,,date_mdy,,,,,,,,,," @HIDDEN-SURVEY
@CALCDATE([timestamp_screen_day], [days_to_3months], 'd')"
heresemail,longitudinal_study_waiting,,descriptive,"<div class=""rich-text-field-label""><p><span style=""font-weight: normal;"">Their email is: </span>[interested_spstudy]</p> <p><span style=""font-weight: normal;"">Day they can continue: </span>[continue_date]</p> <p><span style=""font-weight: normal;"">Days they must abstain </span>[days_to_3months]</p> <p><span style=""font-weight: normal;"">Link for the continue email:</span> [survey-url:eligibile]</p></div>",,,,,,,,,,,,, @HIDDEN-SURVEY
not_eligible_prolific,prolific_screening_result,"<div class=""rich-text-field-label""></div>",descriptive,"<div class=""rich-text-field-label""><p>Thank you for your interest in participation! You are not eligibile for the rest of the study, unfortunately.  Your completion code for completing the screening form is: COQP0YDT</p></div>",,,,,,,([age_v2] > 65 or [age_v2] <18 or [cognition_screener_v2]='1' or [seizure_hx_v2]='1' or [intox_screen_v2] = '1' or [psychspec_druguse] ='3' or [psycheduse_yn]='2') and ([prolific_yn]='1'),,,,,,
not_eligible_prolific_ravenn,prolific_screening_result,"<div class=""rich-text-field-label""></div>",descriptive,"<div class=""rich-text-field-label""><p>Thank you for your interest in participation! You are not eligibile for the rest of the study, unfortunately. Your completion code for completing the screening form is: COQP0YDT</p></div>",,,,,,,[raven_total_score_v2] < 1 and [prolific_yn]='1',,,,,,
not_eligible_prolific_weed,prolific_screening_result,"<div class=""rich-text-field-label""></div>",descriptive,"<div class=""rich-text-field-label""><p>Thank you for your interest in participation! You are not eligibile for the rest of the study, unfortunately. Your completion code for completing the screening form is: COQP0YDT</p></div>",,,,,,,(([activecannabisuse_lastuse] < '28' and [cannabis_frequency] > '9') or ([activecannabisuse_lastuse] < '14' and ([cannabis_frequency] = '9' or [cannabis_frequency] = '8')) or ([activecannabisuse_lastuse] < '7' and [cannabis_frequency] = '7') or [activecannabisuse_lastuse] < '3') and ([prolific_yn]='1'),,,,,,
timestamp_vch_d1,visual_ch_task_shortened_dlb,"<div class=""rich-text-field-label""><p>First Game: Look for the Pattern!</p></div>",text,,,,datetime_seconds_mdy,,,,,,,,,," @HIDDEN
@NOW"
headphones_check_d1,visual_ch_task_shortened_dlb,,notes,"<div class=""rich-text-field-label""><p>What model or type of headphones are you using?</p></div>",,,,,,,,y,,,,,
monitor_check_d1,visual_ch_task_shortened_dlb,,notes,"<div class=""rich-text-field-label""><p>What type of computer monitor are you using or type of laptop?</p></div>",,,,,,,,y,,,,,
private_place_d1,visual_ch_task_shortened_dlb,,yesno,"Are you in a quiet, private, distraction-free place?
",,,,,,,,,,,,,
vch_task_qualifying_d1,visual_ch_task_shortened_dlb,,descriptive,"<div class=""rich-text-field-label""><p><span style=""font-weight: normal;"">Click on the links below to start your tasks. You cannot proceed until you have completed all the tasks. Please refresh the page once you complete the tasks.</span></p> <p>IMPORTANT INSTRUCTIONS:</p> <p><span style=""font-weight: normal;"">1. Please put your headphones on at this time </span></p> <p><span style=""font-weight: normal;"">2. Turn your system volume to 100%</span></p> <p><span style=""font-weight: normal;"">3. Turn your screen brightness to 100%</span></p> <p><span style=""font-weight: normal;"">(Reminder: Our program can detect if you do not have the above requirements met. The game will not complete without errors and you will have to continually re-play the game until the requirements are met. Please make sure all requirements are met to save you time from having to retake the games.)</span></p> <p><span style=""font-weight: normal;"">4. Close ALL OTHER tabs in your browser so that anything that generates noise will not be heard during the games </span></p> <p><span style=""color: #ff6600;"">LASTLY, PLEASE NOTE: YOUR PERFORMANCE WILL BE REVIEWED PRIOR TO COMPENSATION. BEHAVIOR SUSPICIOUS FOR RANDOM OR DISINGENUOUS ANSWERING MAY RESULT IN WITHHOLDING OF COMPENSATION AND DELETION OF YOUR DATA</span></p> <p>Each task will have instructions on what to do. </p> <p style=""text-align: center;"">Links to tasks</p> <p style=""text-align: center;""><a href=""https://powerslab.research.yale.edu/VisualQualifyingTask/#/?id=[encrypted_metadata_uri]&survey_url=[survey-url]"">Visual Qualifying Task</a> (2 minutes) - [task_data_visual_qualifying_complete]</p> <p style=""text-align: center;""><a href=""https://powerslab.research.yale.edu/AuditoryQualifyingTask/#/?id=[encrypted_metadata_uri]&survey_url=[survey-url]"">Auditory Qualifying Task</a> (2 minutes) - [task_data_auditory_qualifying_complete]</p> <p style=""text-align: center;""> </p></div>",,,,,,,[private_place_d1]='1',,,,,,
vch_task_d1,visual_ch_task_shortened_dlb,"If you've finished the Visual and Auditory Qualifying Tasks then you're ready for the ""Can You See the Pattern?"" Game!",descriptive,"<div class=""rich-text-field-label""><p style=""text-align: center;""><span style=""font-weight: normal;"">Now you're ready for the game!</span></p> <p style=""text-align: center;""><span style=""font-weight: normal;"">Remember to keep your </span>headphones in<span style=""font-weight: normal;"">, </span>volume at 100%<span style=""font-weight: normal;""> and </span>screen brightness at 100%!</p> <p> </p> <p style=""text-align: center;""><a title=""Visual Task - F"" href=""https://powerslab.research.yale.edu/vchshortd1/#/?id=[encrypted_metadata_uri]&survey_url=[survey-url]"">Can You See the Pattern? Game (click here!)</a> (~15 minutes) - [task_data_vchshortd1_complete]</p></div>",,,,,,,"[task_data_visual_qualifying] <> """" or [task_data_auditory_qualifying] <> """"",,,,,,
incomplete_trials_4_d1,visual_ch_task_shortened_dlb,,checkbox,"Not all tasks are complete. In order to proceed, please complete the remaining tasks. If you have completed the tasks, then refresh this page.","1, Checkbox disabled until all tasks are complete. Refresh the page to update.",,,,,,"[task_data_visual_qualifying] = """" or [task_data_auditory_qualifying] = """"",y,,,,, @READONLY
incomplete_trials_4_d4,visual_ch_task_shortened_dlb,,checkbox,"Not all tasks are complete. In order to proceed, please complete the remaining tasks. If you have completed the tasks, then refresh this page.","1, Checkbox disabled until all tasks are complete. Refresh the page to update.",,,,,,"[task_data_vchshortd1] = """"",y,,,,, @READONLY
confirm_vch_tasks_d1,visual_ch_task_shortened_dlb,,checkbox,"<div class=""rich-text-field-label""><p>Congratulations! You have completed the game.</p> <p><span style=""font-weight: normal;"">Take a break now if you need one! You can take as long of a break as you need, as long as the games are completed within 24 hours. </span>Just click ""Save and Return Later"" at the bottom and input your email address when prompted to receive your return link. <span style=""font-weight: normal;"">Click the return link in your email inbox when you're ready to continue. </span></p> <p>If you're not going to take a break, <em>click the box</em> so you can proceed to the next game!</p></div>","1, Click to proceed",,,,,,"[task_data_vchshortd1] <> """"",y,,,,,
moreinfo,extra_questions,,notes,"<div class=""rich-text-field-label""><p><span style=""font-weight: normal;"">Please answer the researcher's question below.</span></p> <p><span style=""font-weight: normal;"">A researcher should have emailed you a question to answer -- please reach out to <a href=""mailto:maximillian.greenwald@yale.edu"">maximillian.greenwald@yale.edu</a> if you are not sure what you are supposed to be answering here!</span></p></div>",,,,,,,,y,LV,,,,
addon_qs_url,add_on_questions,,text,,,,,,,,,,,,,," @HIDDEN-SURVEY
@CALCTEXT([survey-url:instrument])"
timestamp_addonqs,add_on_questions,,text,,,,date_mdy,,,,,,,,,," @HIDDEN
@NOW"
reconsent_baseline,add_on_questions,,descriptive,"<div class=""rich-text-field-label""><p style=""mso-margin-top-alt: auto; mso-margin-bottom-alt: auto; line-height: normal;""><span style=""font-size: 14pt;"">New Consent </span></p> <p style=""mso-margin-top-alt: auto; mso-margin-bottom-alt: auto; line-height: normal;""><span style=""font-weight: normal;"">You have to sign this new consent form that allows us to send $5 for new questions answered :) </span></p> <p style=""mso-margin-top-alt: auto; mso-margin-bottom-alt: auto; line-height: normal;""><span style=""font-size: 14pt;"">IMPORTANT: </span><span style=""font-weight: normal;"">please download and/or scroll through the attached PDF consent form -- <em>you will need to correctly answer a simple, brief quiz on aspects of this consent on the following page to ensure you understand what your participation consists of.</em></span></p></div>",,,,,,,,,,,,,
reconsent_agree,add_on_questions,,radio,"By clicking the box below, you are agreeing to take part in this study.
","1, Yes, I agree to participate in this study",,,,,,,y,,,,,
new_digital_card,add_on_questions,,radio,"<div class=""rich-text-field-label""><p><span style=""font-weight: normal;"">We now allow</span> prepaid digital gift cards <span style=""font-weight: normal;"">through US Bank!  More details are below.</span></p> <p><span style=""font-weight: normal;""><em> If you previously received a </em></span><em>hardcopy VISA</em><span style=""font-weight: normal;""><em> card, this is, unfortunately, </em></span><em>no longer an option</em><span style=""font-weight: normal;""><em> </em>(We're sorry! Too many getting lost in the mail!) <em>and you will need to select either the digital US bank card or Amazon gift card</em>. </span></p> <p><span style=""font-weight: normal;"">If you used an Amazon Gift card previously, but wanted a digital VISA, </span><em>you can opt for that here</em><span style=""font-weight: normal;"">!</span></p> <p><span style=""text-decoration: underline; font-size: 14pt;"">What payment method do you prefer?</span></p></div>","1, Digital Gift Card (US Bank) | 2, Amazon Gift Card",,,,,,[reconsent_agree]='1',y,,,,,
usbankinfo_reconsent,add_on_questions,,descriptive,"Please see this PDF for information on how to claim your emailed US Bank Gift Card!
(You can download and save if you want -- the email will also contain information on how to activate your card)",,,,,,,[reconsent_agree]='1',,,,,,
needs_digitalcard,add_on_questions,,radio,"Unfortunately, because we payed you with a hard-copy VISA card and are no longer offering these, you can only proceed if you are OK with being payed by a digital gift card!","1, Once you correct your emails to match you can move forward",,,,,,"[payment_pref]='1' and [new_digital_card]=""""",y,,,,, @READONLY
payment_email_reconsent,add_on_questions,,text,Please enter an email address that we can send your Gift Card to,,,email,,,,[reconsent_agree]='1',y,,,,,
payment_email_reconsent_2,add_on_questions,,text,Please re-enter the email address,,,email,,,,[reconsent_agree]='1',y,,,,,
payment_email_reconsent_3,add_on_questions,,radio,Please double check your payment email and make sure it's spelled correctly :),"1, Once you correct your emails to match you can move forward",,,,,,[payment_email_reconsent_2]<>[payment_email_reconsent],y,,,,, @READONLY
firstname_reconsent,add_on_questions,,text,"<div class=""rich-text-field-label""><p><span style=""font-weight: normal;"">Please type your </span>legal first name</p> <p><span style=""font-weight: normal;""><span style=""text-decoration: underline;"">NOTE</span>: While we do not encourage it, if for <em>privacy reasons</em> you enter a name different than your true name </span><em>you will still be able to use your card if you use the false name when using the card.</em></p> <p><span style=""text-decoration: underline;"">The risk</span><span style=""font-weight: normal;""> in doing this is that merchants who require registrant information (eg. a mailing address and name) may reject your card, and you will be unable to troubleshoot, request a physical card, or seek help from US Bank. </span></p> <p><em><span style=""font-weight: normal;"">Providing a false name is </span>NOT illegal <span style=""font-weight: normal;"">and will </span>NOT affect your participation. </em></p></div>",,,,,,,[new_digital_card]='1',y,,,,,
lastname_reconsent,add_on_questions,,text,"<div class=""rich-text-field-label""><p><span style=""font-weight: normal;"">Please type your </span>legal last name</p> <p><span style=""font-weight: normal;""><span style=""text-decoration: underline;"">NOTE</span>: While we do not encourage it, if for <em>privacy reasons</em> you enter a name different than your true name </span><em>you will still be able to use your card if you use the false name when using the card.</em></p> <p><span style=""text-decoration: underline;"">The risk</span><span style=""font-weight: normal;""> in doing this is that merchants who require registrant information (eg. a mailing address and name) may reject your card, and you will be unable to troubleshoot, request a physical card, or seek help from US Bank. </span></p> <p><em><span style=""font-weight: normal;"">Providing a false name is </span>NOT illegal <span style=""font-weight: normal;"">and will </span>NOT affect your participation. </em></p></div>",,,,,,,[new_digital_card]='1',y,,,,,
ses_occupation_addon,add_on_questions,,text,"<div class=""rich-text-field-label""><p><span style=""font-weight: normal;"">What is your </span>current occupation (job)<span style=""font-weight: normal;"">?</span><br><span style=""font-weight: normal;"">If not currently employed, what was your </span><em>last</em> occupation (job)<span style=""font-weight: normal;"">?</span></p></div>",,,,,,,,y,,,,,
ses_income_addon,add_on_questions,,text,"<div class=""rich-text-field-label""><p>What is your <em>approximate</em> <span style=""text-decoration: underline;"">household</span> income in <span style=""text-decoration: underline;"">***US dollars (USD)****?</span> (give one number; not a range -- it's OK to approximate!)</p> <p> </p> <p><em><span style=""font-weight: normal;"">If over $10 million, please simply type 10000000</span></em></p></div>",,,number,0,10000000,,,y,,,,,
persist_hear_yn_addon,add_on_questions,,yesno,"<div class=""rich-text-field-label""><p><span style=""font-weight: normal;"">Participants who have used psychedelics have reported fascinating, non-distressing hallucination-like visual experiences after using psychedelics (eg. breathing objects, moving patterns, more visual intensity, etc.). </span><br><span style=""font-weight: normal;"">We want to know about other sensory experiences people may have after using psychedelics outside just what they see. </span><br>Have you ever noted NEW unusual experiences in your <span style=""text-decoration: underline;""><span style=""font-size: 12pt;"">HEARING</span></span> (sounds, noises, audition, etc.) that started AFTER a psychedelic experience, when you were NO LONGER high?<span style=""font-weight: normal;""> </span><br><em><span style=""font-weight: normal;"">This does NOT count times when (1) you were under the influence of another psychoactive drug or (2) you were in a trance, falling asleep, waking up, or had not slept in a long time, or (3) you were experiencing known symptoms of a psychotic spectrum disorder (schizophrenia, bipolar disorder, schizoaffective disorder, schizophreniform disorder, etc.)</span> </em></p></div>",,,,,,,[psychedelicuse_lifetimetot]>0,y,,,,,
persist_hear_sxlist_addon,add_on_questions,,notes,"Please list, in a numbered list, any changes you've had in your HEARING (sounds, noises, audition, etc.) in the days, weeks, or years after psychedelic use. Please provide as much detail surroudning the experience as you are willing to offer with regard to what the experience was, what triggered it, how long it lasted, how frequent it was, and how long you've had experiences like it since psychedelic use. You may also include additional details that you think may be worth noting. Please just include each on its own numbered line. 
    For example: 
    1. Processed foods tasted worse. This started after LSD when I was 22 and is present now. It is constant. 
    2. I randomly tasted metal three times after one DMT experience at 45. The last time this happened was 4 days after the DMT. It came out of the blue and lasted for 1-5 seconds...
    3. Etc.",,,,,,,[persist_hear_yn_addon] = '1',y,,,,,
persist_hear_most_addon,add_on_questions,,text,Which effect was the most vivid/intense?,,,,,,,[persist_hear_yn_addon] = '1',y,,,,,
persist_hear_time_addon,add_on_questions,,radio,"What is the longest you experienced any of these unusual experiences with your HEARING (sounds, noises, audition, etc.) after a psychedelic?","1, I've never experienced any hearing effect the day after taking a psychedelic | 2, < 1 day | 3, 1 - 3 days | 4, 3 days - 1 week | 5, 1 week - 1 month | 6, 1 - 6 months | 7, 6 months - 1 year | 8, >1 year | 9, I still experience these effects",,,,,,[persist_hear_yn_addon] = '1',y,,,,,
persist_hear_duration_addon,add_on_questions,,radio,"Were these unusual experiences with your HEARING (sounds, noises, audition, etc.) constant, present for brief spurts (minutes or seconds), or came and went in longer periods (hours to days)?","1, Brief spurts (seconds to minutes) | 2, Longer periods (hours to days) | 3, Constant | 0, I have never had unusual experiences with my HEARING (sounds, noises, audition, etc.) starting the day after taking a psychedelic",,,,,,[persist_hear_yn_addon] = '1',y,,,,,
persist_hear_psychdoses_addon,add_on_questions,,text,"<div class=""rich-text-field-label""><p><span style=""font-weight: normal;"">About </span>how many times had you taken psychedelics<span style=""font-weight: normal;""> before you</span> first noticed <span style=""font-weight: normal;"">any of these unusual experiences with your HEARING (sounds, noises, audition, etc.)? </span><br>If you've never had this effect<span style=""font-weight: normal;""> or used psychedelics, please </span>type ""Na""</p></div>",,,,,,,[persist_hear_yn_addon] = '1',y,,,,,
persist_hear_distress_addon,add_on_questions,,radio,"Did these unusual experiences with your HEARING (sounds, noises, audition, etc.) ever cause you any distress or make it hard to go about your life? (work, relationships, etc.)","1, Yes | 2, No | 3, NA",,,,,,[persist_hear_yn_addon] = '1',y,,,,,
persist_hear_txseek_addon,add_on_questions,,radio,"Did you ever seek help for these unusual experiences with your HEARING (sounds, noises, audition, etc.)?","1, Yes | 2, No | 3, NA",,,,,,[persist_hear_yn_addon] = '1',y,,,,,
persist_touch_yn_addon,add_on_questions,,yesno,"<div class=""rich-text-field-label""><p><span style=""font-weight: normal;"">Participants who have used psychedelics have reported fascinating, non-distressing hallucination-like visual experiences after using psychedelics (eg. breathing objects, moving patterns, more visual intensity, etc.). </span><br><span style=""font-weight: normal;"">We want to know about other sensory experiences people may have after using psychedelics outside just what they see. </span><br>Have you ever noted NEW unusual experiences in your <span style=""text-decoration: underline; font-size: 12pt;"">TOUCH</span> (physical feelings on skin/outside of your body, tactile sensations, etc.) that started AFTER a psychedelic experience, when you were NO LONGER high?<span style=""font-weight: normal;""> </span><br><em><span style=""font-weight: normal;"">This does NOT count times when (1) you were under the influence of another psychoactive drug or (2) you were in a trance, falling asleep, waking up, or had not slept in a long time, or (3) you were experiencing known symptoms of a psychotic spectrum disorder (schizophrenia, bipolar disorder, schizoaffective disorder, schizophreniform disorder, etc.) </span></em></p></div>",,,,,,,[psychedelicuse_lifetimetot]>0,y,,,,,
persist_touch_sxlist_addon,add_on_questions,,notes,"Please list, in a numbered list, any changes you've had in your TOUCH (physical feelings on skin/outside of your body, tactile sensations, etc.) in the days, weeks, or years after psychedelic use. Please provide as much detail surroudning the experience as you are willing to offer with regard to what the experience was, what triggered it, how long it lasted, how frequent it was, and how long you've had experiences like it since psychedelic use. You may also include additional details that you think may be worth noting. Please just include each on its own numbered line. 
    For example: 
    1. Processed foods tasted worse. This started after LSD when I was 22 and is present now. It is constant. 
    2. I randomly tasted metal three times after one DMT experience at 45. The last time this happened was 4 days after the DMT. It came out of the blue and lasted for 1-5 seconds...
    3. Etc.",,,,,,,[persist_touch_yn_addon] = '1',y,,,,,
persist_touch_most_addon,add_on_questions,,text,Which effect was the most vivid/intense?,,,,,,,[persist_touch_yn_addon] = '1',y,,,,,
persist_touch_time_addon,add_on_questions,,radio,"What is the longest you experienced any of these unusual experiences with your TOUCH (physical feelings on skin/outside of your body, tactile sensations, etc.) after a psychedelic?","1, I've never experienced any tactile effect the day after taking a psychedelic | 2, < 1 day | 3, 1 - 3 days | 4, 3 days - 1 week | 5, 1 week - 1 month | 6, 1 - 6 months | 7, 6 months - 1 year | 8, >1 year | 9, I still experience these effects",,,,,,[persist_touch_yn_addon] = '1',y,,,,,
persist_touch_duration_addon,add_on_questions,,radio,"Were these unusual experiences with your TOUCH (physical feelings on skin/outside of your body, tactile sensations, etc.) constant, present for brief spurts (minutes or seconds), or came and went in longer periods (hours to days)?","1, Brief spurts (seconds to minutes) | 2, Longer periods (hours to days) | 3, Constant | 0, I have never had unusual experiences with my TOUCH (physical feelings on skin/outside of your body, tactile sensations, etc.) starting the day after taking a psychedelic",,,,,,[persist_touch_yn_addon] = '1',y,,,,,
persist_touch_psychdoses_addon,add_on_questions,,text,"<div class=""rich-text-field-label""><p><span style=""font-weight: normal;"">About </span>how many times had you taken psychedelics<span style=""font-weight: normal;""> before you</span> first noticed <span style=""font-weight: normal;"">any of these unusual experiences with your TOUCH (physical feelings on skin/outside of your body, tactile sensations, etc.)? </span><br>If you've never had this effect<span style=""font-weight: normal;""> or used psychedelics, please </span>type ""Na""</p></div>",,,,,,,[persist_touch_yn_addon] = '1',y,,,,,
persist_touch_distress_addon,add_on_questions,,radio,"Did these unusual experiences with your TOUCH (physical feelings on skin/outside of your body, tactile sensations, etc.) ever cause you any distress or make it hard to go about your life? (work, relationships, etc.)","1, Yes | 2, No | 3, NA",,,,,,[persist_touch_yn_addon] = '1',y,,,,,
persist_touch_txseek_addon,add_on_questions,,radio,"Did you ever seek help for these unusual experiences with your TOUCH (physical feelings on skin/outside of your body, tactile sensations, etc.)?","1, Yes | 2, No | 3, NA",,,,,,[persist_touch_yn_addon] = '1',y,,,,,
persist_taste_yn_addon,add_on_questions,,yesno,"<div class=""rich-text-field-label""><p><span style=""font-weight: normal;"">Participants who have used psychedelics have reported fascinating, non-distressing hallucination-like visual experiences after using psychedelics (eg. breathing objects, moving patterns, more visual intensity, etc.). </span><br><span style=""font-weight: normal;"">We want to know about other sensory experiences people may have after using psychedelics outside just what they see. </span><br>Have you ever noted NEW unusual experiences in your <span style=""text-decoration: underline;""><span style=""font-size: 12pt;"">TASTE</span></span> (food, flavor, things on tongue, gustation, etc.) that started AFTER a psychedelic experience, when you were NO LONGER high?<span style=""font-weight: normal;""> </span><br><em><span style=""font-weight: normal;"">This does NOT count times when (1) you were under the influence of another psychoactive drug or (2) you were in a trance, falling asleep, waking up, or had not slept in a long time, or (3) you were experiencing known symptoms of a psychotic spectrum disorder (schizophrenia, bipolar disorder, schizoaffective disorder, schizophreniform disorder, etc.) </span></em></p></div>",,,,,,,[psychedelicuse_lifetimetot]>0,y,,,,,
persist_taste_sxlist_addon,add_on_questions,,notes,"Please list, in a numbered list, any changes you've had in your TASTE (food, flavor, things on tongue, gustation, etc.) in the days, weeks, or years after psychedelic use. Please provide as much detail surroudning the experience as you are willing to offer with regard to what the experience was, what triggered it, how long it lasted, how frequent it was, and how long you've had experiences like it since psychedelic use. You may also include additional details that you think may be worth noting. Please just include each on its own numbered line. 
    For example: 
    1. Processed foods tasted worse. This started after LSD when I was 22 and is present now. It is constant. 
    2. I randomly tasted metal three times after one DMT experience at 45. The last time this happened was 4 days after the DMT. It came out of the blue and lasted for 1-5 seconds...
    3. Etc.",,,,,,,[persist_taste_yn_addon] = '1',y,,,,,
persist_taste_most_addon,add_on_questions,,text,Which effect was the most vivid/intense?,,,,,,,[persist_taste_yn_addon] = '1',y,,,,,
persist_taste_time_addon,add_on_questions,,radio,"What is the longest you experienced any of these unusual experiences with your TASTE (food, flavor, things on tongue, gustation, etc.) after a psychedelic?","1, I've never experienced any taste change the day after taking a psychedelic | 2, < 1 day | 3, 1 - 3 days | 4, 3 days - 1 week | 5, 1 week - 1 month | 6, 1 - 6 months | 7, 6 months - 1 year | 8, >1 year | 9, I still experience these effects",,,,,,[persist_taste_yn_addon] = '1',y,,,,,
persist_taste_duration_addon,add_on_questions,,radio,"Were these unusual experiences with your TASTE (food, flavor, things on tongue, gustation, etc.) constant, present for brief spurts (minutes or seconds), or came and went in longer periods (hours to days)?","1, Brief spurts (seconds to minutes) | 2, Longer periods (hours to days) | 3, Constant | 0, I have never had unusual experiences with my TASTE (food, flavor, things on tongue, gustation, etc.) starting the day after taking a psychedelic",,,,,,[persist_taste_yn_addon] = '1',y,,,,,
persist_taste_psychdoses_addon,add_on_questions,,text,"<div class=""rich-text-field-label""><p><span style=""font-weight: normal;"">About </span>how many times had you taken psychedelics<span style=""font-weight: normal;""> before you</span> first noticed <span style=""font-weight: normal;"">any of these unusual experiences with your TASTE (food, flavor, things on tongue, gustation, etc.)? </span><br>If you've never had this effect<span style=""font-weight: normal;""> or used psychedelics, please </span>type ""Na""</p></div>",,,,,,,[persist_taste_yn_addon] = '1',y,,,,,
persist_taste_distress_addon,add_on_questions,,radio,"Did these unusual experiences with your TASTE (food, flavor, things on tongue, gustation, etc.) ever cause you any distress or make it hard to go about your life? (work, relationships, etc.)","1, Yes | 2, No | 3, NA",,,,,,[persist_taste_yn_addon] = '1',y,,,,,
persist_taste_txseek_addon,add_on_questions,,radio,"Did you ever seek help for these unusual experiences with your TASTE (food, flavor, things on tongue, gustation, etc.)?","1, Yes | 2, No | 3, NA",,,,,,[persist_taste_yn_addon] = '1',y,,,,,
persist_smell_yn_addon,add_on_questions,,yesno,"<div class=""rich-text-field-label""><p><span style=""font-weight: normal;"">Participants who have used psychedelics have reported fascinating, non-distressing hallucination-like visual experiences after using psychedelics (eg. breathing objects, moving patterns, more visual intensity, etc.). </span><br><span style=""font-weight: normal;"">We want to know about other sensory experiences people may have after using psychedelics outside just what they see. </span><br>Have you ever noted NEW unusual experiences in your <span style=""text-decoration: underline;""><span style=""font-size: 12pt;"">SMELL</span></span> (scents, olfaction, etc.) that started AFTER a psychedelic experience, when you were NO LONGER high? <br><em><span style=""font-weight: normal;"">This does NOT count times when (1) you were under the influence of another psychoactive drug or (2) you were in a trance, falling asleep, waking up, or had not slept in a long time, or (3) you were experiencing known symptoms of a psychotic spectrum disorder (schizophrenia, bipolar disorder, schizoaffective disorder, schizophreniform disorder, etc.) </span></em></p></div>",,,,,,,[psychedelicuse_lifetimetot]>0,y,,,,,
persist_smell_sxlist_addon,add_on_questions,,notes,"Please list, in a numbered list, any changes you've had in your SMELL (scents, olfaction, etc.) in the days, weeks, or years after psychedelic use. Please provide as much detail surroudning the experience as you are willing to offer with regard to what the experience was, what triggered it, how long it lasted, how frequent it was, and how long you've had experiences like it since psychedelic use. You may also include additional details that you think may be worth noting. Please just include each on its own numbered line. 
    For example: 
    1. Processed foods tasted worse. This started after LSD when I was 22 and is present now. It is constant. 
    2. I randomly tasted metal three times after one DMT experience at 45. The last time this happened was 4 days after the DMT. It came out of the blue and lasted for 1-5 seconds...
    3. Etc.",,,,,,,[persist_smell_yn_addon] = '1',y,,,,,
persist_smell_most_addon,add_on_questions,,text,Which effect was the most vivid/intense?,,,,,,,[persist_smell_yn_addon] = '1',y,,,,,
persist_smell_time_addon,add_on_questions,,radio,"What is the longest you experienced any of these unusual experiences with your SMELL (scents, olfaction, etc.) after a psychedelic?","1, I've never experienced any smell change the day after taking a psychedelic | 2, < 1 day | 3, 1 - 3 days | 4, 3 days - 1 week | 5, 1 week - 1 month | 6, 1 - 6 months | 7, 6 months - 1 year | 8, >1 year | 9, I still experience these effects",,,,,,[persist_smell_yn_addon] = '1',y,,,,,
persist_smell_duration_addon,add_on_questions,,radio,"Were these unusual experiences with your SMELL (scents, olfaction, etc.) constant, present for brief spurts (minutes or seconds), or came and went in longer periods (hours to days)?","1, Brief spurts (seconds to minutes) | 2, Longer periods (hours to days) | 3, Constant | 0, I have never had unusual experiences with my SMELL (scents, olfaction, etc.) starting the day after taking a psychedelic",,,,,,[persist_smell_yn_addon] = '1',y,,,,,
persist_smell_psychdoses_addon,add_on_questions,,text,"<div class=""rich-text-field-label""><p><span style=""font-weight: normal;"">About </span>how many times had you taken psychedelics<span style=""font-weight: normal;""> before you</span> first noticed <span style=""font-weight: normal;"">any of these unusual experiences with your SMELL (scents, olfaction, etc.)? </span><br>If you've never had this effect<span style=""font-weight: normal;""> or used psychedelics, please </span>type ""Na""</p></div>",,,,,,,[persist_smell_yn_addon] = '1',y,,,,,
persist_smell_distress_addon,add_on_questions,,radio,"Did these unusual experiences with your SMELL (scents, olfaction, etc.) ever cause you any distress or make it hard to go about your life? (work, relationships, etc.)","1, Yes | 2, No | 3, NA",,,,,,[persist_smell_yn_addon] = '1',y,,,,,
persist_smell_txseek_addon,add_on_questions,,radio,"Did you ever seek help for these unusual experiences with your SMELL (scents, olfaction, etc.)?","1, Yes | 2, No | 3, NA",,,,,,[persist_smell_yn_addon] = '1',y,,,,,
persist_interoception_yn_addon,add_on_questions,,yesno,"<div class=""rich-text-field-label""><p><span style=""font-weight: normal;"">Participants who have used psychedelics have reported fascinating, non-distressing hallucination-like visual experiences after using psychedelics (eg. breathing objects, moving patterns, more visual intensity, etc.). </span><br><span style=""font-weight: normal;"">We want to know about other sensory experiences people may have after using psychedelics outside just what they see. </span><br>Have you ever noted NEW unusual experiences in your <span style=""text-decoration: underline; font-size: 12pt;"">INTERNAL FEELINGS</span> (feelings on the inside of your body, interoception, your heart, your guts, your lungs, etc.) that started AFTER a psychedelic experience, when you were NO LONGER high? <br><em><span style=""font-weight: normal;"">This does NOT count times when (1) you were under the influence of another psychoactive drug or (2) you were in a trance, falling asleep, waking up, or had not slept in a long time, or (3) you were experiencing known symptoms of a psychotic spectrum disorder (schizophrenia, bipolar disorder, schizoaffective disorder, schizophreniform disorder, etc.) </span></em></p></div>",,,,,,,[psychedelicuse_lifetimetot]>0,y,,,,,
persist_interoception_sxlist_addon,add_on_questions,,notes,"Please list, in a numbered list, any changes you've had in your INTERNAL FEELINGS (feelings on the inside of your body, interoception, your heart, your guts, your lungs, etc.) in the days, weeks, or years after psychedelic use. Please provide as much detail surroudning the experience as you are willing to offer with regard to what the experience was, what triggered it, how long it lasted, how frequent it was, and how long you've had experiences like it since psychedelic use. You may also include additional details that you think may be worth noting. Please just include each on its own numbered line. 
    For example: 
    1. Processed foods tasted worse. This started after LSD when I was 22 and is present now. It is constant. 
    2. I randomly tasted metal three times after one DMT experience at 45. The last time this happened was 4 days after the DMT. It came out of the blue and lasted for 1-5 seconds...
    3. Etc.",,,,,,,[persist_interoception_yn_addon] = '1',y,,,,,
persist_interoception_most_addon,add_on_questions,,text,Which effect was the most vivid/intense?,,,,,,,[persist_interoception_yn_addon] = '1',y,,,,,
persist_interoception_time_addon,add_on_questions,,radio,"What is the longest you experienced any of these unusual experiences with your INTERNAL FEELINGS (feelings on the inside of your body, interoception, your heart, your guts, your lungs, etc.) after a psychedelic?","1, I've never experienced any interoceptive effect the day after taking a psychedelic | 2, < 1 day | 3, 1 - 3 days | 4, 3 days - 1 week | 5, 1 week - 1 month | 6, 1 - 6 months | 7, 6 months - 1 year | 8, >1 year | 9, I still experience these effects",,,,,,[persist_interoception_yn_addon] = '1',y,,,,,
persist_interoception_duration_addon,add_on_questions,,radio,"Were these unusual experiences with your INTERNAL FEELINGS (feelings on the inside of your body, interoception, your heart, your guts, your lungs, etc.) constant, present for brief spurts (minutes or seconds), or came and went in longer periods (hours to days)?","1, Brief spurts (seconds to minutes) | 2, Longer periods (hours to days) | 3, Constant | 0, I have never had unusual experiences with my INTERNAL FEELINGS (feelings on the inside of your body, interoception, your heart, your guts, your lungs, etc.) starting the day after taking a psychedelic",,,,,,[persist_interoception_yn_addon] = '1',y,,,,,
persist_interoception_psychdoses_addon,add_on_questions,,text,"<div class=""rich-text-field-label""><p><span style=""font-weight: normal;"">About </span>how many times had you taken psychedelics<span style=""font-weight: normal;""> before you</span> first noticed <span style=""font-weight: normal;"">any of these unusual experiences with your INTERNAL FEELINGS (feelings on the inside of your body, interoception, your heart, your guts, your lungs, etc.)? </span><br>If you've never had this effect<span style=""font-weight: normal;""> or used psychedelics, please </span>type ""Na""</p></div>",,,,,,,[persist_interoception_yn_addon] = '1',y,,,,,
persist_interoception_distress_addon,add_on_questions,,radio,"Did these unusual experiences with your INTERNAL FEELINGS (feelings on the inside of your body, interoception, your heart, your guts, your lungs, etc.) ever cause you any distress or make it hard to go about your life? (work, relationships, etc.)","1, Yes | 2, No | 3, NA",,,,,,[persist_interoception_yn_addon] = '1',y,,,,,
persist_interoception_txseek_addon,add_on_questions,,radio,"Did you ever seek help for these unusual experiences with your INTERNAL FEELINGS (feelings on the inside of your body, interoception, your heart, your guts, your lungs, etc.)?","1, Yes | 2, No | 3, NA",,,,,,[persist_interoception_yn_addon] = '1',y,,,,,
pc_screen_addon1,add_on_questions,Module: Thoughts and Perceptions,radio,1. I think that I have felt that there are odd or unusual things going on that I can't explain.,"0, Definitely disagree | 1, Somewhat disagree | 2, Slightly disagree | 3, Not sure | 4, Slightly agree | 5, Somewhat agree | 6, Definitely agree",,,,,,,,,,prime_pc_screen_addon,,
pc_screen_addon2,add_on_questions,,radio,2. I think that I might be able to predict the future.,"0, Definitely disagree | 1, Somewhat disagree | 2, Slightly disagree | 3, Not sure | 4, Slightly agree | 5, Somewhat agree | 6, Definitely agree",,,,,,,,,,prime_pc_screen_addon,,
pc_screen_addon3,add_on_questions,,radio,"3. I may have felt that there could possibly be something interrupting or controlling my thoughts, feelings, or actions.","0, Definitely disagree | 1, Somewhat disagree | 2, Slightly disagree | 3, Not sure | 4, Slightly agree | 5, Somewhat agree | 6, Definitely agree",,,,,,,,,,prime_pc_screen_addon,,
pc_screen_addon4,add_on_questions,,radio,4. I have had the experience of doing something differently because of my superstitions.,"0, Definitely disagree | 1, Somewhat disagree | 2, Slightly disagree | 3, Not sure | 4, Slightly agree | 5, Somewhat agree | 6, Definitely agree",,,,,,,,,,prime_pc_screen_addon,,
pc_screen_addon5,add_on_questions,,radio,5. I think that I may get confused at times whether something I experience or perceive may be real or may be just part of my imagination or dreams.,"0, Definitely disagree | 1, Somewhat disagree | 2, Slightly disagree | 3, Not sure | 4, Slightly agree | 5, Somewhat agree | 6, Definitely agree",,,,,,,,,,prime_pc_screen_addon,,
pc_screen_addon6,add_on_questions,,radio,"6. I have thought that it might be possible that other people can read my mind, or that I can read other's minds.","0, Definitely disagree | 1, Somewhat disagree | 2, Slightly disagree | 3, Not sure | 4, Slightly agree | 5, Somewhat agree | 6, Definitely agree",,,,,,,,,,prime_pc_screen_addon,,
pc_screen_addon7,add_on_questions,,radio,7. I wonder if people may be planning to hurt me or even may be about to hurt me.,"0, Definitely disagree | 1, Somewhat disagree | 2, Slightly disagree | 3, Not sure | 4, Slightly agree | 5, Somewhat agree | 6, Definitely agree",,,,,,,,,,prime_pc_screen_addon,,
pc_screen_addon8,add_on_questions,,radio,8. I believe that I have special natural or supernatural gifts beyond my talents and natural strengths.,"0, Definitely disagree | 1, Somewhat disagree | 2, Slightly disagree | 3, Not sure | 4, Slightly agree | 5, Somewhat agree | 6, Definitely agree",,,,,,,,,,prime_pc_screen_addon,,
pc_screen_addon9,add_on_questions,,radio,"9. I think I might feel like my mind is ""playing tricks"" on me.","0, Definitely disagree | 1, Somewhat disagree | 2, Slightly disagree | 3, Not sure | 4, Slightly agree | 5, Somewhat agree | 6, Definitely agree",,,,,,,,,,prime_pc_screen_addon,,
pc_screen_addon10,add_on_questions,,radio,10. I have had the experience of hearing faint or clear sounds of people or a person mumbling or talking when there is no one near me.,"0, Definitely disagree | 1, Somewhat disagree | 2, Slightly disagree | 3, Not sure | 4, Slightly agree | 5, Somewhat agree | 6, Definitely agree",,,,,,,,,,prime_pc_screen_addon,,
pc_screen_addon11,add_on_questions,,radio,11. I think that I may hear my own thoughts being said out loud.,"0, Definitely disagree | 1, Somewhat disagree | 2, Slightly disagree | 3, Not sure | 4, Slightly agree | 5, Somewhat agree | 6, Definitely agree",,,,,,,,,,prime_pc_screen_addon,,
pc_screen_addon12,add_on_questions,,radio,"12. I have been concerned that I might be ""going crazy"".","0, Definitely disagree | 1, Somewhat disagree | 2, Slightly disagree | 3, Not sure | 4, Slightly agree | 5, Somewhat agree | 6, Definitely agree",,,,,,,,,,prime_pc_screen_addon,,
caps_addon_1,add_on_questions,"<div class=""rich-text-field-label""><p>Module: Experienced Perceptions and Sensations.</p></div>
Please think about your experiences in the past MONTH when answering these questions :)",yesno,Do you ever notice that sounds are much louder than they normally would be?,,,,,,,,y,,,,,
caps_addon_1a,add_on_questions,,radio,How distressing is this for you? ,"1, Not at all distressing | 2, Slightly distressing | 3, Somewhat distressing | 4, Regularly distressing | 5, Very distressing",,,,,,[caps_addon_1]='1',y,,,,,
caps_addon_1b,add_on_questions,,radio,How distracting is this for you? ,"1, Not at all distracting | 2, Slightly distracting | 3, Somewhat distracting | 4, Regularly distracting | 5, Very distracting",,,,,,[caps_addon_1]='1',y,,,,,
caps_addon_1c,add_on_questions,,radio,How often does this happen? ,"1, Hardly happens at all | 2, Does not happen often | 3, Happens sometimes | 4, Happens regularly | 5, Happens all the time",,,,,,[caps_addon_1]='1',y,,,,,
caps_addon_2,add_on_questions,,yesno,"Do you ever sense the presence of another being, despite being unable to see any evidence? ",,,,,,,,y,,,,,
caps_addon_2a,add_on_questions,,radio,How distressing is this for you? ,"1, Not at all distressing | 2, Slightly distressing | 3, Somewhat distressing | 4, Regularly distressing | 5, Very distressing",,,,,,[caps_addon_2]='1',y,,,,,
caps_addon_2b,add_on_questions,,radio,How distracting is this for you? ,"1, Not at all distracting | 2, Slightly distracting | 3, Somewhat distracting | 4, Regularly distracting | 5, Very distracting",,,,,,[caps_addon_2]='1',y,,,,,
caps_addon_2c,add_on_questions,,radio,How often does this happen? ,"1, Hardly happens at all | 2, Does not happen often | 3, Happens sometimes | 4, Happens regularly | 5, Happens all the time",,,,,,[caps_addon_2]='1',y,,,,,
caps_addon_3,add_on_questions,,yesno,Do you ever hear your own thoughts repeated or echoed? ,,,,,,,,y,,,,,
caps_addon_3a,add_on_questions,,radio,How distressing is this for you? ,"1, Not at all distressing | 2, Slightly distressing | 3, Somewhat distressing | 4, Regularly distressing | 5, Very distressing",,,,,,[caps_addon_3]='1',y,,,,,
caps_addon_3b,add_on_questions,,radio,How distracting is this for you? ,"1, Not at all distracting | 2, Slightly distracting | 3, Somewhat distracting | 4, Regularly distracting | 5, Very distracting",,,,,,[caps_addon_3]='1',y,,,,,
caps_addon_3c,add_on_questions,,radio,How often does this happen?,"1, Hardly happens at all | 2, Does not happen often | 3, Happens sometimes | 4, Happens regularly | 5, Happens all the time",,,,,,[caps_addon_3]='1',y,,,,,
caps_addon_4,add_on_questions,,yesno,"Do you ever see shapes, lights or colors even though there is nothing really there? ",,,,,,,,y,,,,,
caps_addon_4a,add_on_questions,,radio,How distressing is this for you? ,"1, Not at all distressing | 2, Slightly distressing | 3, Somewhat distressing | 4, Regularly distressing | 5, Very distressing",,,,,,[caps_addon_4]='1',y,,,,,
caps_addon_4b,add_on_questions,,radio,How distracting is this for you? ,"1, Not at all distracting | 2, Slightly distracting | 3, Somewhat distracting | 4, Regularly distracting | 5, Very distracting",,,,,,[caps_addon_4]='1',y,,,,,
caps_addon_4c,add_on_questions,,radio,How often does this happen? ,"1, Hardly happens at all | 2, Does not happen often | 3, Happens sometimes | 4, Happens regularly | 5, Happens all the time",,,,,,[caps_addon_4]='1',y,,,,,
caps_addon_5,add_on_questions,,yesno,Do you ever experience unusual burning sensations or other strange feelings in or on your body? ,,,,,,,,y,,,,,
caps_addon_5a,add_on_questions,,radio,How distressing is this for you? ,"1, Not at all distressing | 2, Slightly distressing | 3, Somewhat distressing | 4, Regularly distressing | 5, Very distressing",,,,,,[caps_addon_5]='1',y,,,,,
caps_addon_5b,add_on_questions,,radio,How distracting is this for you? ,"1, Not at all distracting | 2, Slightly distracting | 3, Somewhat distracting | 4, Regularly distracting | 5, Very distracting",,,,,,[caps_addon_5]='1',y,,,,,
caps_addon_5c,add_on_questions,,radio,How often does this happen? ,"1, Hardly happens at all | 2, Does not happen often | 3, Happens sometimes | 4, Happens regularly | 5, Happens all the time",,,,,,[caps_addon_5]='1',y,,,,,
caps_addon_6,add_on_questions,,yesno,Do you ever hear noises or sounds when there is nothing about to explain them? ,,,,,,,,y,,,,,
caps_addon_6a,add_on_questions,,radio,How distressing is this for you?,"1, Not at all distressing | 2, Slightly distressing | 3, Somewhat distressing | 4, Regularly distressing | 5, Very distressing",,,,,,[caps_addon_6]='1',y,,,,,
caps_addon_6b,add_on_questions,,radio,How distracting is this for you? ,"1, Not at all distracting | 2, Slightly distracting | 3, Somewhat distracting | 4, Regularly distracting | 5, Very distracting",,,,,,[caps_addon_6]='1',y,,,,,
caps_addon_6c,add_on_questions,,radio,How often does this happen? ,"1, Hardly happens at all | 2, Does not happen often | 3, Happens sometimes | 4, Happens regularly | 5, Happens all the time",,,,,,[caps_addon_6]='1',y,,,,,
caps_addon_7,add_on_questions,,yesno,"Do you ever hear your own thoughts spoken aloud in your head, so that someone near might be able to hear them? ",,,,,,,,y,,,,,
caps_addon_7a,add_on_questions,,radio,How distressing is this for you? ,"1, Not at all distressing | 2, Slightly distressing | 3, Somewhat distressing | 4, Regularly distressing | 5, Very distressing",,,,,,[caps_addon_7]='1',y,,,,,
caps_addon_7b,add_on_questions,,radio,How distracting is this for you? ,"1, Not at all distracting | 2, Slightly distracting | 3, Somewhat distracting | 4, Regularly distracting | 5, Very distracting",,,,,,[caps_addon_7]='1',y,,,,,
caps_addon_7c,add_on_questions,,radio,How often does this happen? ,"1, Hardly happens at all | 2, Does not happen often | 3, Happens sometimes | 4, Happens regularly | 5, Happens all the time",,,,,,[caps_addon_7]='1',y,,,,,
caps_addon_8,add_on_questions,,yesno,Do you ever detect smells which don't seem to come from your surroundings? ,,,,,,,,y,,,,,
caps_addon_8a,add_on_questions,,radio,How distressing is this for you? ,"1, Not at all distressing | 2, Slightly distressing | 3, Somewhat distressing | 4, Regularly distressing | 5, Very distressing",,,,,,[caps_addon_8]='1',y,,,,,
caps_addon_8b,add_on_questions,,radio,How distracting is this for you? ,"1, Not at all distracting | 2, Slightly distracting | 3, Somewhat distracting | 4, Regularly distracting | 5, Very distracting",,,,,,[caps_addon_8]='1',y,,,,,
caps_addon_8c,add_on_questions,,radio,How often does this happen? ,"1, Hardly happens at all | 2, Does not happen often | 3, Happens sometimes | 4, Happens regularly | 5, Happens all the time",,,,,,[caps_addon_8]='1',y,,,,,
caps_addon_9,add_on_questions,,yesno,"Do you ever have the sensation that your body, or a part of it, is changing or has changed shape? ",,,,,,,,y,,,,,
caps_addon_9a,add_on_questions,,radio,How distressing is this for you? ,"1, Not at all distressing | 2, Slightly distressing | 3, Somewhat distressing | 4, Regularly distressing | 5, Very distressing",,,,,,[caps_addon_9]='1',y,,,,,
caps_addon_9b,add_on_questions,,radio,How distracting is this for you? ,"1, Not at all distracting | 2, Slightly distracting | 3, Somewhat distracting | 4, Regularly distracting | 5, Very distracting",,,,,,[caps_addon_9]='1',y,,,,,
caps_addon_9c,add_on_questions,,radio,How often does this happen? ,"1, Hardly happens at all | 2, Does not happen often | 3, Happens sometimes | 4, Happens regularly | 5, Happens all the time",,,,,,[caps_addon_9]='1',y,,,,,
caps_addon_10,add_on_questions,,yesno,Do you ever have the sensation that your limbs might not be your own or might not be properly connected to your body? ,,,,,,,,y,,,,,
caps_addon_10a,add_on_questions,,radio,How distressing is this for you? ,"1, Not at all distressing | 2, Slightly distressing | 3, Somewhat distressing | 4, Regularly distressing | 5, Very distressing",,,,,,[caps_addon_10]='1',y,,,,,
caps_addon_10b,add_on_questions,,radio,How distracting is this for you? ,"1, Not at all distracting | 2, Slightly distracting | 3, Somewhat distracting | 4, Regularly distracting | 5, Very distracting",,,,,,[caps_addon_10]='1',y,,,,,
caps_addon_10c,add_on_questions,,radio,How often does this happen? ,"1, Hardly happens at all | 2, Does not happen often | 3, Happens sometimes | 4, Happens regularly | 5, Happens all the time",,,,,,[caps_addon_10]='1',y,,,,,
caps_addon_11,add_on_questions,,yesno,Do you ever hear voices commenting on what you are thinking or doing? ,,,,,,,,y,,,,,
caps_addon_11a,add_on_questions,,radio,How distressing is this for you? ,"1, Not at all distressing | 2, Slightly distressing | 3, Somewhat distressing | 4, Regularly distressing | 5, Very distressing",,,,,,[caps_addon_11]='1',y,,,,,
caps_addon_11b,add_on_questions,,radio,How distracting is this for you? ,"1, Not at all distracting | 2, Slightly distracting | 3, Somewhat distracting | 4, Regularly distracting | 5, Very distracting",,,,,,[caps_addon_11]='1',y,,,,,
caps_addon_11c,add_on_questions,,radio,How often does this happen? ,"1, Hardly happens at all | 2, Does not happen often | 3, Happens sometimes | 4, Happens regularly | 5, Happens all the time",,,,,,[caps_addon_11]='1',y,,,,,
caps_addon_12,add_on_questions,,yesno,"Do you ever feel that someone is touching you, but when you look nobody is there? ",,,,,,,,y,,,,,
caps_addon_12a,add_on_questions,,radio,How distressing is this for you? ,"1, Not at all distressing | 2, Slightly distressing | 3, Somewhat distressing | 4, Regularly distressing | 5, Very distressing",,,,,,[caps_addon_12]='1',y,,,,,
caps_addon_12b,add_on_questions,,radio,How distracting is this for you? ,"1, Not at all distracting | 2, Slightly distracting | 3, Somewhat distracting | 4, Regularly distracting | 5, Very distracting",,,,,,[caps_addon_12]='1',y,,,,,
caps_addon_12c,add_on_questions,,radio,How often does this happen? ,"1, Hardly happens at all | 2, Does not happen often | 3, Happens sometimes | 4, Happens regularly | 5, Happens all the time",,,,,,[caps_addon_12]='1',y,,,,,
caps_addon_13,add_on_questions,,yesno,Do you ever hear voices saying words or sentences when there is no-one around that might account for it? ,,,,,,,,y,,,,,
caps_addon_13a,add_on_questions,,radio,How distressing is this for you? ,"1, Not at all distressing | 2, Slightly distressing | 3, Somewhat distressing | 4, Regularly distressing | 5, Very distressing",,,,,,[caps_addon_13]='1',y,,,,,
caps_addon_13b,add_on_questions,,radio,How distracting is this for you? ,"1, Not at all distracting | 2, Slightly distracting | 3, Somewhat distracting | 4, Regularly distracting | 5, Very distracting",,,,,,[caps_addon_13]='1',y,,,,,
caps_addon_13c,add_on_questions,,radio,How often does this happen? ,"1, Hardly happens at all | 2, Does not happen often | 3, Happens sometimes | 4, Happens regularly | 5, Happens all the time",,,,,,[caps_addon_13]='1',y,,,,,
caps_addon_14,add_on_questions,,yesno,Do you ever experience unexplained tastes in your mouth? ,,,,,,,,y,,,,,
caps_addon_14a,add_on_questions,,radio,How distressing is this for you? ,"1, Not at all distressing | 2, Slightly distressing | 3, Somewhat distressing | 4, Regularly distressing | 5, Very distressing",,,,,,[caps_addon_14]='1',y,,,,,
caps_addon_14b,add_on_questions,,radio,How distracting is this for you? ,"1, Not at all distracting | 2, Slightly distracting | 3, Somewhat distracting | 4, Regularly distracting | 5, Very distracting",,,,,,[caps_addon_14]='1',y,,,,,
caps_addon_14c,add_on_questions,,radio,How often does this happen? ,"1, Hardly happens at all | 2, Does not happen often | 3, Happens sometimes | 4, Happens regularly | 5, Happens all the time",,,,,,[caps_addon_14]='1',y,,,,,
caps_addon_15,add_on_questions,,yesno,Do you ever find that sensations happen all at once and flood you with information? ,,,,,,,,y,,,,,
caps_addon_15a,add_on_questions,,radio,How distressing is this for you? ,"1, Not at all distressing | 2, Slightly distressing | 3, Somewhat distressing | 4, Regularly distressing | 5, Very distressing",,,,,,[caps_addon_15]='1',y,,,,,
caps_addon_15b,add_on_questions,,radio,How distracting is this for you? ,"1, Not at all distracting | 2, Slightly distracting | 3, Somewhat distracting | 4, Regularly distracting | 5, Very distracting",,,,,,[caps_addon_15]='1',y,,,,,
caps_addon_15c,add_on_questions,,radio,How often does this happen? ,"1, Hardly happens at all | 2, Does not happen often | 3, Happens sometimes | 4, Happens regularly | 5, Happens all the time",,,,,,[caps_addon_15]='1',y,,,,,
caps_addon_16,add_on_questions,,yesno,Do you ever find that sounds are disoriented in strange or unusual ways? ,,,,,,,,y,,,,,
caps_addon_16a,add_on_questions,,radio,How distressing is this for you? ,"1, Not at all distressing | 2, Slightly distressing | 3, Somewhat distressing | 4, Regularly distressing | 5, Very distressing",,,,,,[caps_addon_16]='1',y,,,,,
caps_addon_16b,add_on_questions,,radio,How distracting is this for you? ,"1, Not at all distracting | 2, Slightly distracting | 3, Somewhat distracting | 4, Regularly distracting | 5, Very distracting",,,,,,[caps_addon_16]='1',y,,,,,
caps_addon_16c,add_on_questions,,radio,How often does this happen? ,"1, Hardly happens at all | 2, Does not happen often | 3, Happens sometimes | 4, Happens regularly | 5, Happens all the time",,,,,,[caps_addon_16]='1',y,,,,,
caps_addon_17,add_on_questions,,yesno,Do you ever have difficulty distinguishing one sensation from another? ,,,,,,,,y,,,,,
caps_addon_17a,add_on_questions,,radio,How distressing is this for you? ,"1, Not at all distressing | 2, Slightly distressing | 3, Somewhat distressing | 4, Regularly distressing | 5, Very distressing",,,,,,[caps_addon_17]='1',y,,,,,
caps_addon_17b,add_on_questions,,radio,How distracting is this for you? ,"1, Not at all distracting | 2, Slightly distracting | 3, Somewhat distracting | 4, Regularly distracting | 5, Very distracting",,,,,,[caps_addon_17]='1',y,,,,,
caps_addon_17c,add_on_questions,,radio,How often does this happen? ,"1, Hardly happens at all | 2, Does not happen often | 3, Happens sometimes | 4, Happens regularly | 5, Happens all the time",,,,,,[caps_addon_17]='1',y,,,,,
caps_addon_18,add_on_questions,,yesno,Do you ever smell everyday odors and think that they are unusually strong? ,,,,,,,,y,,,,,
caps_addon_18a,add_on_questions,,radio,How distressing is this for you? ,"1, Not at all distressing | 2, Slightly distressing | 3, Somewhat distressing | 4, Regularly distressing | 5, Very distressing",,,,,,[caps_addon_18]='1',y,,,,,
caps_addon_18b,add_on_questions,,radio,How distracting is this for you? ,"1, Not at all distracting | 2, Slightly distracting | 3, Somewhat distracting | 4, Regularly distracting | 5, Very distracting",,,,,,[caps_addon_18]='1',y,,,,,
caps_addon_18c,add_on_questions,,radio,How often does this happen? ,"1, Hardly happens at all | 2, Does not happen often | 3, Happens sometimes | 4, Happens regularly | 5, Happens all the time",,,,,,[caps_addon_18]='1',y,,,,,
caps_addon_19,add_on_questions,,yesno,"Do you ever find the appearance of things or people seems to change in a puzzling way, e.g. distorted shapes or sizes or color? ",,,,,,,,y,,,,,
caps_addon_19a,add_on_questions,,radio,How distressing is this for you? ,"1, Not at all distressing | 2, Slightly distressing | 3, Somewhat distressing | 4, Regularly distressing | 5, Very distressing",,,,,,[caps_addon_19]='1',y,,,,,
caps_addon_19b,add_on_questions,,radio,How distracting is this for you? ,"1, Not at all distracting | 2, Slightly distracting | 3, Somewhat distracting | 4, Regularly distracting | 5, Very distracting",,,,,,[caps_addon_19]='1',y,,,,,
caps_addon_19c,add_on_questions,,radio,How often does this happen? ,"1, Hardly happens at all | 2, Does not happen often | 3, Happens sometimes | 4, Happens regularly | 5, Happens all the time",,,,,,[caps_addon_19]='1',y,,,,,
caps_addon_20,add_on_questions,,yesno,"Do you ever find that your skin is more sensitive to touch, heat, or cold than usual? ",,,,,,,,y,,,,,
caps_addon_20a,add_on_questions,,radio,How distressing is this for you? ,"1, Not at all distressing | 2, Slightly distressing | 3, Somewhat distressing | 4, Regularly distressing | 5, Very distressing",,,,,,[caps_addon_20]='1',y,,,,,
caps_addon_20b,add_on_questions,,radio,How distracting is this for you? ,"1, Not at all distracting | 2, Slightly distracting | 3, Somewhat distracting | 4, Regularly distracting | 5, Very distracting",,,,,,[caps_addon_20]='1',y,,,,,
caps_addon_20c,add_on_questions,,radio,How often does this happen? ,"1, Hardly happens at all | 2, Does not happen often | 3, Happens sometimes | 4, Happens regularly | 5, Happens all the time",,,,,,[caps_addon_20]='1',y,,,,,
caps_addon_21,add_on_questions,,yesno,Do you ever think that food or drinks taste much stronger than they normally would?,,,,,,,,y,,,,,
caps_addon_21a,add_on_questions,,radio,How distressing is this for you? ,"1, Not at all distressing | 2, Slightly distressing | 3, Somewhat distressing | 4, Regularly distressing | 5, Very distressing",,,,,,[caps_addon_21]='1',y,,,,,
caps_addon_21b,add_on_questions,,radio,How distracting is this for you? ,"1, Not at all distracting | 2, Slightly distracting | 3, Somewhat distracting | 4, Regularly distracting | 5, Very distracting",,,,,,[caps_addon_21]='1',y,,,,,
caps_addon_21c,add_on_questions,,radio,How often does this happen? ,"1, Hardly happens at all | 2, Does not happen often | 3, Happens sometimes | 4, Happens regularly | 5, Happens all the time",,,,,,[caps_addon_21]='1',y,,,,,
caps_addon_22,add_on_questions,,yesno,Do you ever look in the mirror and think that your face seems different from usual? ,,,,,,,,y,,,,,
caps_addon_22a,add_on_questions,,radio,How distressing is this for you? ,"1, Not at all distressing | 2, Slightly distressing | 3, Somewhat distressing | 4, Regularly distressing | 5, Very distressing",,,,,,[caps_addon_22]='1',y,,,,,
caps_addon_22b,add_on_questions,,radio,How distracting is this for you? ,"1, Not at all distracting | 2, Slightly distracting | 3, Somewhat distracting | 4, Regularly distracting | 5, Very distracting",,,,,,[caps_addon_22]='1',y,,,,,
caps_addon_22c,add_on_questions,,radio,How often does this happen? ,"1, Hardly happens at all | 2, Does not happen often | 3, Happens sometimes | 4, Happens regularly | 5, Happens all the time",,,,,,[caps_addon_22]='1',y,,,,,
caps_addon_23,add_on_questions,,yesno,Do you ever have days where lights or colors seem brighter or more intense than usual? ,,,,,,,,y,,,,,
caps_addon_23a,add_on_questions,,radio,How distressing is this for you? ,"1, Not at all distressing | 2, Slightly distressing | 3, Somewhat distressing | 4, Regularly distressing | 5, Very distressing",,,,,,[caps_addon_23]='1',y,,,,,
caps_addon_23b,add_on_questions,,radio,How distracting is this for you? ,"1, Not at all distracting | 2, Slightly distracting | 3, Somewhat distracting | 4, Regularly distracting | 5, Very distracting",,,,,,[caps_addon_23]='1',y,,,,,
caps_addon_23c,add_on_questions,,radio,How often does this happen? ,"1, Hardly happens at all | 2, Does not happen often | 3, Happens sometimes | 4, Happens regularly | 5, Happens all the time",,,,,,[caps_addon_23]='1',y,,,,,
caps_addon_24,add_on_questions,,yesno,"Do you ever have the feeling that of being uplifted, as if driving or rolling over a road while sitting quietly? ",,,,,,,,y,,,,,
caps_addon_24a,add_on_questions,,radio,How distressing is this for you? ,"1, Not at all distressing | 2, Slightly distressing | 3, Somewhat distressing | 4, Regularly distressing | 5, Very distressing",,,,,,[caps_addon_24]='1',y,,,,,
caps_addon_24b,add_on_questions,,radio,How distracting is this for you? ,"1, Not at all distracting | 2, Slightly distracting | 3, Somewhat distracting | 4, Regularly distracting | 5, Very distracting",,,,,,[caps_addon_24]='1',y,,,,,
caps_addon_24c,add_on_questions,,radio,How often does this happen? ,"1, Hardly happens at all | 2, Does not happen often | 3, Happens sometimes | 4, Happens regularly | 5, Happens all the time",,,,,,[caps_addon_24]='1',y,,,,,
caps_addon_25,add_on_questions,,yesno,Do you ever find that common smells sometimes seem unusually different? ,,,,,,,,y,,,,,
caps_addon_25a,add_on_questions,,radio,How distressing is this for you? ,"1, Not at all distressing | 2, Slightly distressing | 3, Somewhat distressing | 4, Regularly distressing | 5, Very distressing",,,,,,[caps_addon_25]='1',y,,,,,
caps_addon_25b,add_on_questions,,radio,How distracting is this for you? ,"1, Not at all distracting | 2, Slightly distracting | 3, Somewhat distracting | 4, Regularly distracting | 5, Very distracting",,,,,,[caps_addon_25]='1',y,,,,,
caps_addon_25c,add_on_questions,,radio,How often does this happen? ,"1, Hardly happens at all | 2, Does not happen often | 3, Happens sometimes | 4, Happens regularly | 5, Happens all the time",,,,,,[caps_addon_25]='1',y,,,,,
caps_addon_26,add_on_questions,,yesno,Do you ever think that everyday things look abnormal to you? ,,,,,,,,y,,,,,
caps_addon_26a,add_on_questions,,radio,How distressing is this for you? ,"1, Not at all distressing | 2, Slightly distressing | 3, Somewhat distressing | 4, Regularly distressing | 5, Very distressing",,,,,,[caps_addon_26]='1',y,,,,,
caps_addon_26b,add_on_questions,,radio,How distracting is this for you? ,"1, Not at all distracting | 2, Slightly distracting | 3, Somewhat distracting | 4, Regularly distracting | 5, Very distracting",,,,,,[caps_addon_26]='1',y,,,,,
caps_addon_26c,add_on_questions,,radio,How often does this happen? ,"1, Hardly happens at all | 2, Does not happen often | 3, Happens sometimes | 4, Happens regularly | 5, Happens all the time",,,,,,[caps_addon_26]='1',y,,,,,
caps_addon_27,add_on_questions,,yesno,Do you ever find that your experience of time changes dramatically? ,,,,,,,,y,,,,,
caps_addon_27a,add_on_questions,,radio,How distressing is this for you? ,"1, Not at all distressing | 2, Slightly distressing | 3, Somewhat distressing | 4, Regularly distressing | 5, Very distressing",,,,,,[caps_addon_27]='1',y,,,,,
caps_addon_27b,add_on_questions,,radio,How distracting is this for you? ,"1, Not at all distracting | 2, Slightly distracting | 3, Somewhat distracting | 4, Regularly distracting | 5, Very distracting",,,,,,[caps_addon_27]='1',y,,,,,
caps_addon_27c,add_on_questions,,radio,How often does this happen? ,"1, Hardly happens at all | 2, Does not happen often | 3, Happens sometimes | 4, Happens regularly | 5, Happens all the time",,,,,,[caps_addon_27]='1',y,,,,,
caps_addon_28,add_on_questions,,yesno,Have you ever heard two or more unexplained voices talking with each other? ,,,,,,,,y,,,,,
caps_addon_28a,add_on_questions,,radio,How distressing is this for you? ,"1, Not at all distressing | 2, Slightly distressing | 3, Somewhat distressing | 4, Regularly distressing | 5, Very distressing",,,,,,[caps_addon_28]='1',y,,,,,
caps_addon_28b,add_on_questions,,radio,How distracting is this for you? ,"1, Not at all distracting | 2, Slightly distracting | 3, Somewhat distracting | 4, Regularly distracting | 5, Very distracting",,,,,,[caps_addon_28]='1',y,,,,,
caps_addon_28c,add_on_questions,,radio,How often does this happen? ,"1, Hardly happens at all | 2, Does not happen often | 3, Happens sometimes | 4, Happens regularly | 5, Happens all the time",,,,,,[caps_addon_28]='1',y,,,,,
caps_addon_29,add_on_questions,,yesno,Do you ever notice smells or odors that people next to you seem unaware of? ,,,,,,,,y,,,,,
caps_addon_29a,add_on_questions,,radio,How distressing is this for you? ,"1, Not at all distressing | 2, Slightly distressing | 3, Somewhat distressing | 4, Regularly distressing | 5, Very distressing",,,,,,[caps_addon_29]='1',y,,,,,
caps_addon_29b,add_on_questions,,radio,How distracting is this for you? ,"1, Not at all distracting | 2, Slightly distracting | 3, Somewhat distracting | 4, Regularly distracting | 5, Very distracting",,,,,,[caps_addon_29]='1',y,,,,,
caps_addon_29c,add_on_questions,,radio,How often does this happen? ,"1, Hardly happens at all | 2, Does not happen often | 3, Happens sometimes | 4, Happens regularly | 5, Happens all the time",,,,,,[caps_addon_29]='1',y,,,,,
caps_addon_30,add_on_questions,,yesno,Do you ever notice that food or drinks seem to have an unusual taste? ,,,,,,,,y,,,,,
caps_addon_30a,add_on_questions,,radio,How distressing is this for you? ,"1, Not at all distressing | 2, Slightly distressing | 3, Somewhat distressing | 4, Regularly distressing | 5, Very distressing",,,,,,[caps_addon_30]='1',y,,,,,
caps_addon_30b,add_on_questions,,radio,"<div class=""rich-text-field-label""><p>How distracting is this for you?</p></div>","1, Not at all distracting | 2, Slightly distracting | 3, Somewhat distracting | 4, Regularly distracting | 5, Very distracting",,,,,,[caps_addon_30]='1',y,,,,,
caps_addon_30c,add_on_questions,,radio,How often does this happen? ,"1, Hardly happens at all | 2, Does not happen often | 3, Happens sometimes | 4, Happens regularly | 5, Happens all the time",,,,,,[caps_addon_30]='1',y,,,,,
caps_addon_31,add_on_questions,,yesno,Do you ever see things that other people cannot? ,,,,,,,,y,,,,,
caps_addon_31a,add_on_questions,,radio,How distressing is this for you? ,"1, Not at all distressing | 2, Slightly distressing | 3, Somewhat distressing | 4, Regularly distressing | 5, Very distressing",,,,,,[caps_addon_31]='1',y,,,,,
caps_addon_31b,add_on_questions,,radio,<p>How distracting is this for you?</p>,"1, Not at all distracting | 2, Slightly distracting | 3, Somewhat distracting | 4, Regularly distracting | 5, Very distracting",,,,,,[caps_addon_31]='1',y,,,,,
caps_addon_31c,add_on_questions,,radio,How often does this happen? ,"1, Hardly happens at all | 2, Does not happen often | 3, Happens sometimes | 4, Happens regularly | 5, Happens all the time",,,,,,[caps_addon_31]='1',y,,,,,
caps_addon_32,add_on_questions,,yesno,Do you ever hear sound or music that people near you don't hear?,,,,,,,,y,,,,,
caps_addon_32a,add_on_questions,,radio,How distressing is this for you? ,"1, Not at all distressing | 2, Slightly distressing | 3, Somewhat distressing | 4, Regularly distressing | 5, Very distressing",,,,,,[caps_addon_32]='1',y,,,,,
caps_addon_32b,add_on_questions,,radio,<p>How distracting is this for you?</p>,"1, Not at all distracting | 2, Slightly distracting | 3, Somewhat distracting | 4, Regularly distracting | 5, Very distracting",,,,,,[caps_addon_32]='1',y,,,,,
caps_addon_32c,add_on_questions,,radio,How often does this happen? ,"1, Hardly happens at all | 2, Does not happen often | 3, Happens sometimes | 4, Happens regularly | 5, Happens all the time",,,,,,[caps_addon_32]='1',y,,,,,
asi_1_addon_bl,add_on_questions,"Module: Attention and Salience 

We are interested in studying the experiences and attitudes that people have, please answer the questions below without thinking about the experiences that you have had while intoxicated! :)  ",radio,Do certain things ever suddenly seem especially important or significant to you?,"1, Yes | 2, No",,,,,,,y,,1,asi_questionnaire_addon,,
asi_2_addon_bl,add_on_questions,,radio,"Do you sometimes feel like you are on the verge of something really big, but you're not sure what it is?","1, Yes | 2, No",,,,,,,y,,2,asi_questionnaire_addon,,
asi_3_addon_bl,add_on_questions,,radio,Do your senses sometimes seem sharpened?,"1, Yes | 2, No",,,,,,,y,,3,asi_questionnaire_addon,,
asi_4_addon_bl,add_on_questions,,radio,Do you ever feel like you are rapidly approaching the height of your intellectual powers?,"1, Yes | 2, No",,,,,,,y,,4,asi_questionnaire_addon,,
asi_5_addon_bl,add_on_questions,,radio,Do you sometimes notice small details that you have not noticed before that seem important?,"1, Yes | 2, No",,,,,,,y,,5,asi_questionnaire_addon,,
asi_6_addon_bl,add_on_questions,,radio,Do you sometimes feel like it is important for you to figure something out but you're not sure what it is?,"1, Yes | 2, No",,,,,,,y,,6,asi_questionnaire_addon,,
asi_7_addon_bl,add_on_questions,,radio,Do you ever go through periods where you feel especially religous or mystical?,"1, Yes | 2, No",,,,,,,y,,7,asi_questionnaire_addon,,
asi_8_addon_bl,add_on_questions,,radio,"Do you ever have difficulty telling if you are thrilled, frightented, pained, or anxious?","1, Yes | 2, No",,,,,,,y,,8,asi_questionnaire_addon,,
asi_9_addon_bl,add_on_questions,,radio,Do you ever feel periods of heightened awareness?,"1, Yes | 2, No",,,,,,,y,,9,asi_questionnaire_addon,,
asi_10_addon_bl,add_on_questions,,radio,Do you ever feel like you need to make sense seemingly random situations or occurances?,"1, Yes | 2, No",,,,,,,y,,10,asi_questionnaire_addon,,
asi_11_addon_bl,add_on_questions,,radio,Do you sometimes feel like you are finding the missing piece to a puzzle?,"1, Yes | 2, No",,,,,,,y,,11,asi_questionnaire_addon,,
asi_12_addon_bl,add_on_questions,,radio,Do you sometimes feel like you can hear with a greater clarity?,"1, Yes | 2, No",,,,,,,y,,12,asi_questionnaire_addon,,
asi_13_addon_bl,add_on_questions,,radio,Do you sometimes feel like you are an especially evolved spiritual person?,"1, Yes | 2, No",,,,,,,y,,13,asi_questionnaire_addon,,
asi_14_addon_bl,add_on_questions,,radio,Do normally trivial observations sometimes take on an ominous significance?,"1, Yes | 2, No",,,,,,,y,,14,asi_questionnaire_addon,,
asi_15_addon_bl,add_on_questions,,radio,Do you go through periods in which songs sometimes seem to have an important meaning for your life?,"1, Yes | 2, No",,,,,,,y,,15,asi_questionnaire_addon,,
asi_16_addon_bl,add_on_questions,,radio,Do you sometimes attribute importance to objects which you normally would not?,"1, Yes | 2, No",,,,,,,y,,16,asi_questionnaire_addon,,
asi_17_addon_bl,add_on_questions,,radio,"Do you sometimes feel like you are on the verge of figuring out something really big or important, but you aren't sure what it is?","1, Yes | 2, No",,,,,,,y,,17,asi_questionnaire_addon,,
asi_18_addon_bl,add_on_questions,,radio,Has your sense of taste ever seemed more acute?,"1, Yes | 2, No",,,,,,,y,,18,asi_questionnaire_addon,,
asi_19_addon_bl,add_on_questions,,radio,Do you ever feel like the mysteries of the universe are revealing themselves to you?,"1, Yes | 2, No",,,,,,,y,,19,asi_questionnaire_addon,,
asi_20_addon_bl,add_on_questions,,radio,Do you go through periods where you feel overstimulated by things or experiences that are notmally managable?,"1, Yes | 2, No",,,,,,,y,,20,asi_questionnaire_addon,,
asi_21_addon_bl,add_on_questions,,radio,Do you often become facsinated by the little things surrounding you?,"1, Yes | 2, No",,,,,,,y,,21,asi_questionnaire_addon,,
asi_22_addon_bl,add_on_questions,,radio,Do your senses ever become extremely strong or clear?,"1, Yes | 2, No",,,,,,,y,,22,asi_questionnaire_addon,,
asi_23_addon_bl,add_on_questions,,radio,Do you ever feel like a whole world is opening up to you?,"1, Yes | 2, No",,,,,,,y,,23,asi_questionnaire_addon,,
asi_24_addon_bl,add_on_questions,,radio,Do you ever feel that your boundaries beteween inner and outer sensations have been removed?,"1, Yes | 2, No",,,,,,,y,,24,asi_questionnaire_addon,,
asi_25_addon_bl,add_on_questions,,radio,Do you sometimes feel like the world is changing and you are searching for an explaination?,"1, Yes | 2, No",,,,,,,y,,25,asi_questionnaire_addon,,
asi_26_addon_bl,add_on_questions,,radio,"Do you ever have a feeling of inexpressible urgency, and you are not sure what to do?","1, Yes | 2, No",,,,,,,y,,26,asi_questionnaire_addon,,
asi_27_addon_bl,add_on_questions,,radio,"Have you sometimes become interested in people, events, places, or ideas that normally would not make an impression on you?","1, Yes | 2, No",,,,,,,y,,27,asi_questionnaire_addon,,
asi_28_addon_bl,add_on_questions,,radio,Do your thoughts and perceptions ever become faster than assimilated?,"1, Yes | 2, No",,,,,,,y,,28,asi_questionnaire_addon,,
asi_29_addon_bl,add_on_questions,,radio,Do you sometimes notice things that you haven't noticed before that take on special significance?,"1, Yes | 2, No",,,,,,,y,,29,asi_questionnaire_addon,,
aaq1_addon_bl,add_on_questions,"Module: Acceptance and Worry

Below you will find a list of statements. Please rate how true each statement is for you.",radio,My painful experiences and memories make it difficult for me to live a life that I would value.,"1, Never true | 2, Very seldom true | 3, Seldom true | 4, Sometimes true | 5, Frequently true | 6, Almost always true | 7, Always true",,,,,,"[aaq1_bl]=""""",y,,,aaq_addon,,
aaq2_addon_bl,add_on_questions,,radio,I'm afraid of my feelings.,"1, Never true | 2, Very seldom true | 3, Seldom true | 4, Sometimes true | 5, Frequently true | 6, Almost always true | 7, Always true",,,,,,"[aaq1_bl]=""""",y,,,aaq_addon,,
aaq3_addon_bl,add_on_questions,,radio,I worry about not being able to control my worries and feelings.,"1, Never true | 2, Very seldom true | 3, Seldom true | 4, Sometimes true | 5, Frequently true | 6, Almost always true | 7, Always true",,,,,,"[aaq1_bl]=""""",y,,,aaq_addon,,
aaq4_addon_bl,add_on_questions,,radio,My painful memories prevent me from having a fulfilling life.,"1, Never true | 2, Very seldom true | 3, Seldom true | 4, Sometimes true | 5, Frequently true | 6, Almost always true | 7, Always true",,,,,,"[aaq1_bl]=""""",y,,,aaq_addon,,
aaq5_addon_bl,add_on_questions,,radio,Emotions cause problems in my life.,"1, Never true | 2, Very seldom true | 3, Seldom true | 4, Sometimes true | 5, Frequently true | 6, Almost always true | 7, Always true",,,,,,"[aaq1_bl]=""""",y,,,aaq_addon,,
aaq6_addon_bl,add_on_questions,,radio,It seems like most people are handling their lives better than I am.,"1, Never true | 2, Very seldom true | 3, Seldom true | 4, Sometimes true | 5, Frequently true | 6, Almost always true | 7, Always true",,,,,,"[aaq1_bl]=""""",y,,,aaq_addon,,
aaq7_addon_bl,add_on_questions,,radio,Worries get in the way of my success.,"1, Never true | 2, Very seldom true | 3, Seldom true | 4, Sometimes true | 5, Frequently true | 6, Almost always true | 7, Always true",,,,,,"[aaq1_bl]=""""",y,,,aaq_addon,,
trauma_addon_yn,add_on_questions,"<div class=""rich-text-field-label""><p>Difficult Life Experiences</p> <p dir=""ltr"">You are doing AMAZING! Thank you again for all of the hard work you are continuing to put into this study!</p> <p dir=""ltr""><span style=""font-weight: normal;"">We want to understand how psychedelics might cause different positive and negative effects in different people. One variable that may be critical to consider is one's history of traumatic life experiences. We know that it is often painful to talk about </span>trauma<span style=""font-weight: normal;"">, and </span>so we only require a single question<span style=""font-weight: normal;""> just to know -- in the vaguest sense possible -- if you have every experienced any trauma at three points in your life.</span></p> <p dir=""ltr""><span style=""font-weight: normal;"">If you feel comfortable sharing more information about your experiences, then you can </span>optionally<span style=""font-weight: normal;""> do so, and we will put the information towards research designed to help people experiencing mental illness, including trauma-induced illness.</span></p> <p dir=""ltr""><span style=""font-weight: normal;"">Regardless, we want you to know that there many other resources out there for you if you feel like you need someone to talk to or peers to connect with. </span>Here are some great resources that are all over the U.S. and other areas of the world:</p> <p dir=""ltr"">U.S. and Canada:</p> <p dir=""ltr""><span style=""font-weight: normal;""><a href=""https://www.traumasurvivorsnetwork.org/pages/our-centers"">https://www.traumasurvivorsnetwork.org/pages/our-centers</a></span></p> <p dir=""ltr""><span style=""font-weight: normal;""><a href=""https://www.mhanational.org/find-support-groups"">https://www.mhanational.org/find-support-groups</a></span></p> <p dir=""ltr""><span style=""font-weight: normal;""><a href=""https://www.nami.org/Learn-More/Mental-Health-Conditions/Posttraumatic-Stress-Disorder/Support"">https://www.nami.org/Learn-More/Mental-Health-Conditions/Posttraumatic-Stress-Disorder/Support</a></span></p> <p dir=""ltr""><br>International:</p> <p dir=""ltr""><span style=""font-weight: normal;""><a href=""https://www.colleaga.org/article/list-ptsd-organizations-and-resources"">https://www.colleaga.org/article/list-ptsd-organizations-and-resources</a></span></p> <p dir=""ltr""> </p></div>",radio,Have you EVER experienced a traumatic experience?,"1, Yes | 2, No |3, Unsure -- can I please see a definition of ""trauma"" and common (non-explicit) examples?",,,,,,,y,,,,,
trauma_addon_yn_time,add_on_questions,,checkbox,At what points in your life have you experienced a trauma?,"1, Before I ever used psychedelics | 2, After I used psychedelics | 3, Childhood (before the age of 18)",,,,,,[trauma_addon_yn]='1',y,,,,,
aaq_tot_addon_bl,add_on_questions,,calc,Acceptance and Action Questionnaire Total Score,[aaq1_addon_bl]+[aaq2_addon_bl]+[aaq3_addon_bl]+[aaq4_addon_bl]+[aaq5_addon_bl]+[aaq6_addon_bl]+[aaq7_addon_bl],,,,,,"[aaq1_bl]=""""",,,,,, @HIDDEN
trauma_addon_unsure,add_on_questions,,descriptive,"A traumatic experience is an event, series of events, or set of circumstances that is experienced by an individual as physically or emotionally harmful or life threatening and that has lasting adverse effects on the individual's functioning and mental, physical, social, emotional, or spiritual well-being.
-Examples of traumatic experiences include, but are not limited to: 
-Experiencing or observing physical, sexual, and emotional abuse
-Childhood neglect
-Having a family member with a mental health or substance use disorder
-Experiencing or witnessing violence in the community or while serving in the military
-Poverty and systemic discrimination. ",,,,,,,[trauma_addon_yn]='3',,,,,,
trauma_addon_xtra,add_on_questions,,yesno,Are you OK with telling us what kinds of traumatic experiences you've had at each stage of life?  (Going through a list of common types of trauma and hitting 'yes' or 'no' and then telling us when it has happened to you if 'yes'). This is ENTIRELY OPTIONAL. Thank you so much for your participation! ,,,,,,,[trauma_addon_yn]='1',y,,,,,
trauma_addon_1,add_on_questions,,yesno,"<div class=""rich-text-field-label""><p>Has anyone ever tried to take something directly from you by using force or the threat of force, such as a stick-up or mugging?</p></div>",,,,,,,[trauma_addon_xtra]='1',y,,,,,
trauma_addon_1_time,add_on_questions,,checkbox,At what points in your life have you experienced this?,"1, Before I ever used psychedelics | 2, After I used psychedelics | 3, Childhood (before the age of 18)",,,,,,[trauma_addon_1]='1',y,,,,,
trauma_addon_2,add_on_questions,,yesno,"<div class=""rich-text-field-label""><p>Has anyone ever attempted to rob you or actually robbed you (i.e., stolen your personal belongings)?</p></div>",,,,,,,[trauma_addon_xtra]='1',y,,,,,
trauma_addon_2_time,add_on_questions,,checkbox,At what points in your life have you experienced this?,"1, Before I ever used psychedelics | 2, After I used psychedelics | 3, Childhood (before the age of 18)",,,,,,[trauma_addon_2]='1',y,,,,,
trauma_addon_3,add_on_questions,,yesno,"<div class=""rich-text-field-label""><p>Has anyone ever attempted to or succeeded in breaking into your home when you werenotthere?</p></div>",,,,,,,[trauma_addon_xtra]='1',y,,,,,
trauma_addon_3_time,add_on_questions,,checkbox,At what points in your life have you experienced this?,"1, Before I ever used psychedelics | 2, After I used psychedelics | 3, Childhood (before the age of 18)",,,,,,[trauma_addon_3]='1',y,,,,,
trauma_addon_4,add_on_questions,,yesno,"<div class=""rich-text-field-label""><p>Has anyone ever attempted to or succeed in breaking into your home while youwerethere?</p></div>",,,,,,,[trauma_addon_xtra]='1',y,,,,,
trauma_addon_4_time,add_on_questions,,checkbox,At what points in your life have you experienced this?,"1, Before I ever used psychedelics | 2, After I used psychedelics | 3, Childhood (before the age of 18)",,,,,,[trauma_addon_4]='1',y,,,,,
trauma_addon_5,add_on_questions,,yesno,"<div class=""rich-text-field-label""><p>Have you ever had a serious accident at work, in a car, or somewhere else?</p></div>",,,,,,,[trauma_addon_xtra]='1',y,,,,,
trauma_addon_5_time,add_on_questions,,checkbox,At what points in your life have you experienced this?,"1, Before I ever used psychedelics | 2, After I used psychedelics | 3, Childhood (before the age of 18)",,,,,,[trauma_addon_5]='1',y,,,,,
trauma_addon_6,add_on_questions,,yesno,"<div class=""rich-text-field-label""><p>Have you ever experienced a natural disaster such as a tornado, hurricane, flood or major earthquake, etc., where you felt you or your loved ones were in danger of death or injury?</p></div>",,,,,,,[trauma_addon_xtra]='1',y,,,,,
trauma_addon_6_time,add_on_questions,,checkbox,At what points in your life have you experienced this?,"1, Before I ever used psychedelics | 2, After I used psychedelics | 3, Childhood (before the age of 18)",,,,,,[trauma_addon_6]='1',y,,,,,
trauma_addon_7,add_on_questions,,yesno,"<div class=""rich-text-field-label""><p>Have you ever experienced a ""man-made"" disaster such as a train crash, building collapse, bank robbery, fire, etc., where you felt you or your loved ones were in danger of death or injury?</p></div>",,,,,,,[trauma_addon_xtra]='1',y,,,,,
trauma_addon_7_time,add_on_questions,,checkbox,At what points in your life have you experienced this?,"1, Before I ever used psychedelics | 2, After I used psychedelics | 3, Childhood (before the age of 18)",,,,,,[trauma_addon_7]='1',y,,,,,
trauma_addon_8,add_on_questions,,yesno,"<div class=""rich-text-field-label""><p>Have you ever been exposed to dangerous chemicals or radioactivity that might threaten your health?</p></div>",,,,,,,[trauma_addon_xtra]='1',y,,,,,
trauma_addon_8_time,add_on_questions,,checkbox,At what points in your life have you experienced this?,"1, Before I ever used psychedelics | 2, After I used psychedelics | 3, Childhood (before the age of 18)",,,,,,[trauma_addon_8]='1',y,,,,,
trauma_addon_9,add_on_questions,,yesno,"<div class=""rich-text-field-label""><p>Have you ever been in any other situation in which you were seriously injured?</p></div>",,,,,,,[trauma_addon_xtra]='1',y,,,,,
trauma_addon_9_time,add_on_questions,,checkbox,At what points in your life have you experienced this?,"1, Before I ever used psychedelics | 2, After I used psychedelics | 3, Childhood (before the age of 18)",,,,,,[trauma_addon_9]='1',y,,,,,
trauma_addon_10,add_on_questions,,yesno,"<div class=""rich-text-field-label""><p>Have you ever been in any other situation in which you feared youmightbe killed or seriously injured?</p></div>",,,,,,,[trauma_addon_xtra]='1',y,,,,,
trauma_addon_10_time,add_on_questions,,checkbox,At what points in your life have you experienced this?,"1, Before I ever used psychedelics | 2, After I used psychedelics | 3, Childhood (before the age of 18)",,,,,,[trauma_addon_10]='1',y,,,,,
trauma_addon_11,add_on_questions,,yesno,"<div class=""rich-text-field-label""><p>Have you ever seen someone seriously injured or killed?</p></div>",,,,,,,[trauma_addon_xtra]='1',y,,,,,
trauma_addon_11_time,add_on_questions,,checkbox,At what points in your life have you experienced this?,"1, Before I ever used psychedelics | 2, After I used psychedelics | 3, Childhood (before the age of 18)",,,,,,[trauma_addon_11]='1',y,,,,,
trauma_addon_12,add_on_questions,,yesno,"<div class=""rich-text-field-label""><p>Have you ever seen dead bodies (other than at a funeral) or had to handle dead bodies for any reason?</p></div>",,,,,,,[trauma_addon_xtra]='1',y,,,,,
trauma_addon_12_time,add_on_questions,,checkbox,At what points in your life have you experienced this?,"1, Before I ever used psychedelics | 2, After I used psychedelics | 3, Childhood (before the age of 18)",,,,,,[trauma_addon_12]='1',y,,,,,
trauma_addon_13,add_on_questions,,yesno,"<div class=""rich-text-field-label""><p>Have you ever had a close friend or family member murdered, or killed by a drunk driver?</p></div>",,,,,,,[trauma_addon_xtra]='1',y,,,,,
trauma_addon_13_time,add_on_questions,,checkbox,At what points in your life have you experienced this?,"1, Before I ever used psychedelics | 2, After I used psychedelics | 3, Childhood (before the age of 18)",,,,,,[trauma_addon_13]='1',y,,,,,
trauma_addon_14,add_on_questions,,yesno,"<div class=""rich-text-field-label""><p>Have you ever had a spouse, romantic partner, or child die?</p></div>",,,,,,,[trauma_addon_xtra]='1',y,,,,,
trauma_addon_14_time,add_on_questions,,checkbox,At what points in your life have you experienced this?,"1, Before I ever used psychedelics | 2, After I used psychedelics | 3, Childhood (before the age of 18)",,,,,,[trauma_addon_14]='1',y,,,,,
trauma_addon_15,add_on_questions,,yesno,"<div class=""rich-text-field-label""><p>Have you ever had a serious or life-threatening illness?</p></div>",,,,,,,[trauma_addon_xtra]='1',y,,,,,
trauma_addon_15_time,add_on_questions,,checkbox,At what points in your life have you experienced this?,"1, Before I ever used psychedelics | 2, After I used psychedelics | 3, Childhood (before the age of 18)",,,,,,[trauma_addon_15]='1',y,,,,,
trauma_addon_16,add_on_questions,,yesno,"<div class=""rich-text-field-label""><p>Have you ever received news of a serious injury, life-threatening illness, or unexpected death of someone close to you?</p></div>",,,,,,,[trauma_addon_xtra]='1',y,,,,,
trauma_addon_16_time,add_on_questions,,checkbox,At what points in your life have you experienced this?,"1, Before I ever used psychedelics | 2, After I used psychedelics | 3, Childhood (before the age of 18)",,,,,,[trauma_addon_16]='1',y,,,,,
trauma_addon_17,add_on_questions,,yesno,"<div class=""rich-text-field-label""><p>Have you ever had to engage in combat while in military service in an official or unofficial war zone?</p></div>",,,,,,,[trauma_addon_xtra]='1',y,,,,,
trauma_addon_17_time,add_on_questions,,checkbox,At what points in your life have you experienced this?,"1, Before I ever used psychedelics | 2, After I used psychedelics | 3, Childhood (before the age of 18)",,,,,,[trauma_addon_17]='1',y,,,,,
trauma_addon_18,add_on_questions,,yesno,"<div class=""rich-text-field-label""><p>Has anyone ever made you have intercourse or oral or anal sex against your will?</p></div>",,,,,,,[trauma_addon_xtra]='1',y,,,,,
trauma_addon_18_time,add_on_questions,,checkbox,At what points in your life have you experienced this?,"1, Before I ever used psychedelics | 2, After I used psychedelics | 3, Childhood (before the age of 18)",,,,,,[trauma_addon_18]='1',y,,,,,
trauma_addon_19,add_on_questions,,yesno,"<div class=""rich-text-field-label""><p>Has anyone ever touched private parts of your body, or made you touch theirs, under force or threat?</p></div>",,,,,,,[trauma_addon_xtra]='1',y,,,,,
trauma_addon_19_time,add_on_questions,,checkbox,At what points in your life have you experienced this?,"1, Before I ever used psychedelics | 2, After I used psychedelics | 3, Childhood (before the age of 18)",,,,,,[trauma_addon_19]='1',y,,,,,
trauma_addon_20,add_on_questions,,yesno,"<div class=""rich-text-field-label""><p>Other than incidents mentioned above, have there been any other situations in which another person tried to force you to have an unwanted sexual contact?</p></div>",,,,,,,[trauma_addon_xtra]='1',y,,,,,
trauma_addon_20_time,add_on_questions,,checkbox,At what points in your life have you experienced this?,"1, Before I ever used psychedelics | 2, After I used psychedelics | 3, Childhood (before the age of 18)",,,,,,[trauma_addon_20]='1',y,,,,,
trauma_addon_21,add_on_questions,,yesno,"<div class=""rich-text-field-label""><p>Has anyone, including family members or friends, ever attacked you with a gun, knife, or some other weapon?</p></div>",,,,,,,[trauma_addon_xtra]='1',y,,,,,
trauma_addon_21_time,add_on_questions,,checkbox,At what points in your life have you experienced this?,"1, Before I ever used psychedelics | 2, After I used psychedelics | 3, Childhood (before the age of 18)",,,,,,[trauma_addon_21]='1',y,,,,,
trauma_addon_22,add_on_questions,,yesno,"<div class=""rich-text-field-label""><p>Has anyone, including family members or friends, ever attacked youwithouta weapon and seriously injured you?</p></div>",,,,,,,[trauma_addon_xtra]='1',y,,,,,
trauma_addon_22_time,add_on_questions,,checkbox,At what points in your life have you experienced this?,"1, Before I ever used psychedelics | 2, After I used psychedelics | 3, Childhood (before the age of 18)",,,,,,[trauma_addon_22]='1',y,,,,,
trauma_addon_23,add_on_questions,,yesno,"<div class=""rich-text-field-label""><p>Has anyone in your family ever beaten, spanked, or pushed you hard enough to cause injury?</p></div>",,,,,,,[trauma_addon_xtra]='1',y,,,,,
trauma_addon_23_time,add_on_questions,,checkbox,At what points in your life have you experienced this?,"1, Before I ever used psychedelics | 2, After I used psychedelics | 3, Childhood (before the age of 18)",,,,,,[trauma_addon_23]='1',y,,,,,
trauma_addon_24,add_on_questions,,yesno,"<div class=""rich-text-field-label""><p>Have you experienced any other extraordinarily stressful situation or event that is not covered above?</p></div>",,,,,,,[trauma_addon_xtra]='1',y,,,,,
trauma_addon_24_time,add_on_questions,,checkbox,At what points in your life have you experienced this?,"1, Before I ever used psychedelics | 2, After I used psychedelics | 3, Childhood (before the age of 18)",,,,,,[trauma_addon_24]='1',y,,,,,
pc_screen_yale1,add_on_questions_yale,Module: Thoughts and Perceptions,radio,1. I think that I have felt that there are odd or unusual things going on that I can't explain.,"0, Definitely disagree | 1, Somewhat disagree | 2, Slightly disagree | 3, Not sure | 4, Slightly agree | 5, Somewhat agree | 6, Definitely agree",,,,,,"[pc_screen_addon1]=""""",,,,prime_pc_screen_yale,,
pc_screen_yale2,add_on_questions_yale,,radio,2. I think that I might be able to predict the future.,"0, Definitely disagree | 1, Somewhat disagree | 2, Slightly disagree | 3, Not sure | 4, Slightly agree | 5, Somewhat agree | 6, Definitely agree",,,,,,"[pc_screen_addon2]=""""",,,,prime_pc_screen_yale,,
pc_screen_yale3,add_on_questions_yale,,radio,"3. I may have felt that there could possibly be something interrupting or controlling my thoughts, feelings, or actions.","0, Definitely disagree | 1, Somewhat disagree | 2, Slightly disagree | 3, Not sure | 4, Slightly agree | 5, Somewhat agree | 6, Definitely agree",,,,,,"[pc_screen_addon3]=""""",,,,prime_pc_screen_yale,,
pc_screen_yale4,add_on_questions_yale,,radio,4. I have had the experience of doing something differently because of my superstitions.,"0, Definitely disagree | 1, Somewhat disagree | 2, Slightly disagree | 3, Not sure | 4, Slightly agree | 5, Somewhat agree | 6, Definitely agree",,,,,,"[pc_screen_addon4]=""""",,,,prime_pc_screen_yale,,
pc_screen_yale5,add_on_questions_yale,,radio,5. I think that I may get confused at times whether something I experience or perceive may be real or may be just part of my imagination or dreams.,"0, Definitely disagree | 1, Somewhat disagree | 2, Slightly disagree | 3, Not sure | 4, Slightly agree | 5, Somewhat agree | 6, Definitely agree",,,,,,"[pc_screen_addon5]=""""",,,,prime_pc_screen_yale,,
pc_screen_yale6,add_on_questions_yale,,radio,"6. I have thought that it might be possible that other people can read my mind, or that I can read other's minds.","0, Definitely disagree | 1, Somewhat disagree | 2, Slightly disagree | 3, Not sure | 4, Slightly agree | 5, Somewhat agree | 6, Definitely agree",,,,,,"[pc_screen_addon6]=""""",,,,prime_pc_screen_yale,,
pc_screen_yale7,add_on_questions_yale,,radio,7. I wonder if people may be planning to hurt me or even may be about to hurt me.,"0, Definitely disagree | 1, Somewhat disagree | 2, Slightly disagree | 3, Not sure | 4, Slightly agree | 5, Somewhat agree | 6, Definitely agree",,,,,,"[pc_screen_addon7]=""""",,,,prime_pc_screen_yale,,
pc_screen_yale8,add_on_questions_yale,,radio,8. I believe that I have special natural or supernatural gifts beyond my talents and natural strengths.,"0, Definitely disagree | 1, Somewhat disagree | 2, Slightly disagree | 3, Not sure | 4, Slightly agree | 5, Somewhat agree | 6, Definitely agree",,,,,,"[pc_screen_addon8]=""""",,,,prime_pc_screen_yale,,
pc_screen_yale9,add_on_questions_yale,,radio,"9. I think I might feel like my mind is ""playing tricks"" on me.","0, Definitely disagree | 1, Somewhat disagree | 2, Slightly disagree | 3, Not sure | 4, Slightly agree | 5, Somewhat agree | 6, Definitely agree",,,,,,"[pc_screen_addon9]=""""",,,,prime_pc_screen_yale,,
pc_screen_yale10,add_on_questions_yale,,radio,10. I have had the experience of hearing faint or clear sounds of people or a person mumbling or talking when there is no one near me.,"0, Definitely disagree | 1, Somewhat disagree | 2, Slightly disagree | 3, Not sure | 4, Slightly agree | 5, Somewhat agree | 6, Definitely agree",,,,,,"[pc_screen_addon10]=""""",,,,prime_pc_screen_yale,,
pc_screen_yale11,add_on_questions_yale,,radio,11. I think that I may hear my own thoughts being said out loud.,"0, Definitely disagree | 1, Somewhat disagree | 2, Slightly disagree | 3, Not sure | 4, Slightly agree | 5, Somewhat agree | 6, Definitely agree",,,,,,"[pc_screen_addon11]=""""",,,,prime_pc_screen_yale,,
pc_screen_yale12,add_on_questions_yale,,radio,"12. I have been concerned that I might be ""going crazy"".","0, Definitely disagree | 1, Somewhat disagree | 2, Slightly disagree | 3, Not sure | 4, Slightly agree | 5, Somewhat agree | 6, Definitely agree",,,,,,"[pc_screen_addon12]=""""",,,,prime_pc_screen_yale,,
raven_1_yale,add_on_questions_yale,The following questions ensure you are paying attention and have no cognitive of perceptual difficulties that would prevent you from completing the task,descriptive,Each question below will present you with an incomplete image. There are also a series of smaller images beneath it. Please select which of the smaller images would best fit in the empty white space of the larger image by using the drop down below the smaller image options,,,,,,,"[raven_1_v2]=""""",,,,,,
raven_resp_1_yale,add_on_questions_yale,,dropdown,,"1, A|2, B|3, C|4, D|5, E|6, F",,,,,,"[raven_1_v2]=""""",y,,,,,
correct_answer_yale,add_on_questions_yale,,calc,"<div class=""rich-text-field-label""><p>Correct answer?</p></div>","if([raven_resp_1_yale]='3',1,0)",,,,,,"[raven_1_v2]=""""",,,,,, @HIDDEN-SURVEY
raven_2_yale,add_on_questions_yale,,descriptive,,,,,,,,"[raven_2_v2]=""""",,,,,,
raven_resp_2_yale,add_on_questions_yale,,dropdown,,"1, A|2, B|3, C|4, D|5, E|6, F",,,,,,"[raven_2_v2]=""""",y,,,,,
correct_answer2_yale,add_on_questions_yale,,calc,"<div class=""rich-text-field-label""><p>Correct answer?</p></div>","if([raven_resp_2_yale]='5',1,0)",,,,,,"[raven_2_v2]=""""",,,,,, @HIDDEN-SURVEY
raven_3_yale,add_on_questions_yale,,descriptive,,,,,,,,"[raven_3_v2]=""""",,,,,,
raven_resp_3_yale,add_on_questions_yale,,dropdown,,"1, A|2, B|3, C|4, D|5, E|6, F|7, G|8, H",,,,,,"[raven_3_v2]=""""",y,,,,,
correct_answer3_yale,add_on_questions_yale,,calc,"<div class=""rich-text-field-label""><p>Correct answer?</p></div>","if([raven_resp_3_yale]='8',1,0)",,,,,,"[raven_3_v2]=""""",,,,,, @HIDDEN-SURVEY
raven_4_yale,add_on_questions_yale,,descriptive,,,,,,,,"[raven_4_v2]=""""",,,,,,
raven_resp_4_yale,add_on_questions_yale,,dropdown,,"1, A|2, B|3, C|4, D|5, E|6, F|7, G|8, H",,,,,,"[raven_4_v2]=""""",y,,,,,
correct_answer4_yale,add_on_questions_yale,,calc,"<div class=""rich-text-field-label""><p>Correct answer?</p></div>","if([raven_resp_4_yale]='2',1,0)",,,,,,"[raven_4_v2]=""""",,,,,, @HIDDEN-SURVEY
raven_5_yale,add_on_questions_yale,,descriptive,,,,,,,,"[raven_5_v2]=""""",,,,,,
raven_resp_5_yale,add_on_questions_yale,,dropdown,,"1, A|2, B|3, C|4, D|5, E|6, F|7, G|8, H",,,,,,"[raven_5_v2]=""""",y,,,,,
correct_answer5_yale,add_on_questions_yale,,calc,"<div class=""rich-text-field-label""><p>Correct answer?</p></div>","if([raven_resp_5_yale]='5',1,0)",,,,,,"[raven_5_v2]=""""",,,,,, @HIDDEN-SURVEY
raven_6_yale,add_on_questions_yale,,descriptive,,,,,,,,"[raven_6_v2]=""""",,,,,,
raven_resp_6_yale,add_on_questions_yale,,dropdown,,"1, A|2, B|3, C|4, D|5, E|6, F|7, G|8, H",,,,,,"[raven_6_v2]=""""",y,,,,,
correct_answer6_yale,add_on_questions_yale,,calc,"<div class=""rich-text-field-label""><p>Correct answer?</p></div>","if([raven_resp_6_yale]='6',1,0)",,,,,,"[raven_6_v2]=""""",,,,,, @HIDDEN-SURVEY
raven_7_yale,add_on_questions_yale,,descriptive,,,,,,,,"[raven_7_v2]=""""",,,,,,
raven_resp_7_yale,add_on_questions_yale,,dropdown,,"1, A|2, B|3, C|4, D|5, E|6, F|7, G|8, H",,,,,,"[raven_7_v2]=""""",y,,,,,
correct_answer7_yale,add_on_questions_yale,,calc,"<div class=""rich-text-field-label""><p>Correct answer?</p></div>","if([raven_resp_7_yale]='7',1,0)",,,,,,"[raven_7_v2]=""""",,,,,, @HIDDEN-SURVEY
raven_8_yale,add_on_questions_yale,,descriptive,,,,,,,,"[raven_8_v2]=""""",,,,,,
raven_resp_8_yale,add_on_questions_yale,,dropdown,,"1, A|2, B|3, C|4, D|5, E|6, F|7, G|8, H",,,,,,"[raven_8_v2]=""""",y,,,,,
correct_answer8_yale,add_on_questions_yale,,calc,"<div class=""rich-text-field-label""><p>Correct answer?</p></div>","if([raven_resp_8_yale]='4',1,0)",,,,,,"[raven_8_v2]=""""",,,,,, @HIDDEN-SURVEY
raven_9_yale,add_on_questions_yale,,descriptive,,,,,,,,"[raven_9_v2]=""""",,,,,,
raven_resp_9_yale,add_on_questions_yale,,dropdown,,"1, A|2, B|3, C|4, D|5, E|6, F|7, G|8, H",,,,,,"[raven_9_v2]=""""",y,,,,,
correct_answer9_yale,add_on_questions_yale,,calc,"<div class=""rich-text-field-label""><p>Correct answer?</p></div>","if([raven_resp_9_yale]='2',1,0)",,,,,,"[raven_9_v2]=""""",,,,,, @HIDDEN-SURVEY
raven_total_score_yale,add_on_questions_yale,,calc,"<div class=""rich-text-field-label""><p>Number of correct answers</p></div>",[correct_answer_yale]+[correct_answer2_yale]+[correct_answer3_yale]+[correct_answer4_yale]+[correct_answer5_yale]+[correct_answer6_yale]+[correct_answer7_yale]+[correct_answer8_yale]+[correct_answer9_yale],,,,,,,,,,,, @HIDDEN-SURVEY
raven_total_score_new,add_on_questions_yale,,calc,"<div class=""rich-text-field-label""><p>Number of correct answers</p></div>",[correct_answer_v2]+[correct_answer2_v2]+[correct_answer3_v2]+[correct_answer4_v2]+[correct_answer5_v2]+[correct_answer6_v2]+[correct_answer7_v2]+[correct_answer8_v2]+[correct_answer9_v2],,,,,,,,,,,, @HIDDEN-SURVEY
payment_confirmation,payment_confirmation,,yesno,"<div class=""rich-text-field-label""><p><span style=""font-weight: normal;"">Did you receive your </span>$40 <span style=""font-weight: normal;"">payment to </span>[payment_email_bl]<span style=""font-weight: normal;"">? </span></p> <p><span style=""font-weight: normal;""><span style=""font-weight: 400;"">Look for keywords like ""<span style=""font-weight: normal;""><span style=""text-decoration: underline;"">Cata</span>"", ""<span style=""text-decoration: underline;"">Catalina</span>"", ""</span></span><strong style=""font-weight: normal;""><span style=""text-decoration: underline;"">gc-orders@amazon.com</span>"", or ""<span style=""text-decoration: underline;""><span style=""font-weight: normal;"">Your Digital Rewards Card</span></span>""</strong></span></p> <p><em><span style=""font-weight: normal;"">Note: we cannot send double payments so please only report ""no"" if you truly have not received your payment. </span></em></p></div>",,,,,,,,y,,,,,
spam_check,payment_confirmation,,yesno,Are you certain you have checked the junk/spam email for [payment_email_bl],,,,,,,,y,,,,,
changeanswer,payment_confirmation,,radio,Please change your answer above to indicate that you have indeed received your payment :) ,"1, Go back to submit the survey!",,,,,,[spam_check]='0',y,,,,, @READONLY
changeanswer_2,payment_confirmation,,notes,"We're so sorry :( -- submit this form and an email will automatically notify researchers to get on this ASAP!

Please use this box if you have any messages you want to send to the researchers that you think might be helpful!",,,,,,,[spam_check]='1',,,,,,
delayed_pay_confirm,delayed_payment_confirmation,,yesno,"Did you end up receiving your $40 payment to [payment_email_bl] ?

It will say from ""Cata"", ""Catalina"", ""Amazon"", etc.",,,,,,,,y,,,,,
delayed_pay_spam_check,delayed_payment_confirmation,,yesno,Are you certain you have checked the junk/spam email for [payment_email_bl] ?,,,,,,,,y,,,,,
delayed_pay_changeanswer,delayed_payment_confirmation,,radio,Please change your answer above to indicate that you have indeed received your payment :) ,"1, Go back to submit the survey!",,,,,,([delayed_pay_spam_check]='0'),y,,,,, @READONLY
delayed_pay_changeanswer_2,delayed_payment_confirmation,,notes,"We're so sorry :( -- submit this form and an email will automatically notify researchers to get on this ASAP!

Please use this box if you have any messages you want to send to the researchers that you think might be helpful!",,,,,,,([delayed_pay_spam_check]='1') and ([delayed_pay_confirm]='0'),,,,,,
participate_yn,participation_resume,,yesno,"<div class=""rich-text-field-label""><p><span style=""font-weight: normal;"">Are you</span> still interested <span style=""font-weight: normal;"">in participating in the study, and you would be willing to</span> redo <em>most (just time-sensitve questions)</em> of the screening & primary questionnaire<span style=""font-weight: normal;""> and then play the</span> 4 games<span style=""font-weight: normal;"">?</span></p></div>",,,,,,,,,,,,,
sp_since_yn,participation_resume,,yesno,"<div class=""rich-text-field-label""><p><span style=""font-weight: 400;"">Have you used a <span style=""text-decoration: underline;""><span style=""font-weight: normal;"">mAcrodose</span></span> (<span style=""text-decoration: underline;""><span style=""font-weight: normal;"">NON</span></span>-microdose) of a <span style=""text-decoration: underline;"">psychedelic</span> since completing the study? </span></p></div>",,,,,,,,,,,,,
new_digital_card_switch,new_payment,,radio,"<div class=""rich-text-field-label""><p><span style=""font-weight: normal;"">We now allow</span> prepaid digital gift cards <span style=""font-weight: normal;"">through US Bank!  More details are below.</span></p> <p><span style=""font-weight: normal;""><em> If you previously received a </em></span><em>hardcopy VISA</em><span style=""font-weight: normal;""><em> card, this is, unfortunately, </em></span><em>no longer an option</em><span style=""font-weight: normal;""><em> </em>(We're sorry! Too many getting lost in the mail!) <em>and you will need to select either the digital US bank card or Amazon gift card</em>. </span></p> <p><span style=""font-weight: normal;"">If you used an Amazon Gift card previously, but wanted a digital VISA, </span><em>you can opt for that here</em><span style=""font-weight: normal;"">!</span></p> <p><span style=""text-decoration: underline; font-size: 14pt;"">What payment method do you prefer?</span></p></div>","1, Digital Gift Card (US Bank) | 2, Amazon Gift Card",,,,,,,y,,,,,
usbankinfo_switch,new_payment,,descriptive,"Please see this PDF for information on how to claim your emailed US Bank Gift Card!
(You can download and save if you want -- the email will also contain information on how to activate your card)",,,,,,,,,,,,,
payment_email_switch,new_payment,,text,Please enter an email address that we can send your Gift Card to,,,email,,,,,y,,,,,
payment_email_switch_2,new_payment,,text,Please re-enter the email address,,,email,,,,,y,,,,,
payment_email_switch_3,new_payment,,radio,Please double check your payment email and make sure it's spelled correctly :),"1, Once you correct your emails to match you can move forward",,,,,,[payment_email_switch_2]<>[payment_email_switch],y,,,,, @READONLY
firstname_switch,new_payment,,text,"<div class=""rich-text-field-label""><p><span style=""font-weight: normal;"">Please type your </span>legal first name</p> <p><span style=""font-weight: normal;""><span style=""text-decoration: underline;"">NOTE</span>: While we do not encourage it, if for <em>privacy reasons</em> you enter a name different than your true name </span><em>you will still be able to use your card if you use the false name when using the card.</em></p> <p><span style=""text-decoration: underline;"">The risk</span><span style=""font-weight: normal;""> in doing this is that merchants who require registrant information (eg. a mailing address and name) may reject your card, and you will be unable to troubleshoot, request a physical card, or seek help from US Bank. </span></p> <p><em><span style=""font-weight: normal;"">Providing a false name is </span>NOT illegal <span style=""font-weight: normal;"">and will </span>NOT affect your participation. </em></p></div>",,,,,,,[new_digital_card_switch]='1',y,,,,,
lastname_switch,new_payment,,text,"<div class=""rich-text-field-label""><p><span style=""font-weight: normal;"">Please type your </span>legal last name</p> <p><span style=""font-weight: normal;""><span style=""text-decoration: underline;"">NOTE</span>: While we do not encourage it, if for <em>privacy reasons</em> you enter a name different than your true name </span><em>you will still be able to use your card if you use the false name when using the card.</em></p> <p><span style=""text-decoration: underline;"">The risk</span><span style=""font-weight: normal;""> in doing this is that merchants who require registrant information (eg. a mailing address and name) may reject your card, and you will be unable to troubleshoot, request a physical card, or seek help from US Bank. </span></p> <p><em><span style=""font-weight: normal;"">Providing a false name is </span>NOT illegal <span style=""font-weight: normal;"">and will </span>NOT affect your participation. </em></p></div>",,,,,,,[new_digital_card_switch]='1',y,,,,,
email_reconsent,email_alerts,,yesno,Send email asking cannabis users eligibile for longitudinal study to reconsent and revise their screening questions? ,,,,,,,,,,,,,
finish_questionnaires,email_alerts,,yesno,Send email instructing them to finish the questionnaires,,,,,,,,,,,,,
oops_pay,email_alerts,,yesno,Send email apologizing for accidentally sending payment email?,,,,,,,,,,,,,
payment_fix,email_alerts,,yesno,Send email telling them their digital gift card is behind but we will pay them on 7/7/25 if we dont hear back from biz office,,,,,,,,,,,,,
cannabis_invite,email_alerts,,yesno,Invite to Cannabis Study?,,,,,,,,,,,,,
yale_addon_invite,email_alerts,,yesno,Send information completion qs to yale students who consented to be contacted?,,,,,,,,,,,,,
yale_addon_invite_2,email_alerts,,yesno,Send information completion qs to yale students who consented to be contacted?,,,,,,,,,,,,,
sms_verify_invite,email_alerts,,yesno,Send them the link back to SMS verification if they did the screening survey but failed to verify number and are above 1322? ,,,,,,,,,,,,,
nan_values_fix,email_alerts,,yesno,Are they missing answers to questions in the main questionnaire and need to go back to do them?,,,,,,,,,,,,,
nan_values_fix_screen,email_alerts,,yesno,Are they missing answers to questions in the SCREENING questionnaire and need to go back to do them?,,,,,,,,,,,,,
replay_links_ach_now,email_alerts,,yesno,Send 'replay_links_ach.emltpl' RIGHT NOW? (Failed auditory CH task (first replay)),,,,,,,,,,,,,
replay_links_vch_new,email_alerts,,yesno,Send 'replay_links_vch.emltpl' RIGHT NOW? (Failed visual CH task (first replay)),,,,,,,,,,,,,
replay_links_prl_new,email_alerts,,yesno,Send 'replay_links_prl.emltpl' RIGHT NOW? (Failed PRL task (first replay)),,,,,,,,,,,,,
reconsent_baseline_reconsent,reconsent_baseline,,descriptive,"<div class=""rich-text-field-label""><p style=""mso-margin-top-alt: auto; mso-margin-bottom-alt: auto; line-height: normal;""><span style=""font-size: 14pt;"">IMPORTANT:<span style=""font-weight: normal;""> <span style=""font-size: 12pt;"">please download and/or scroll through the attached PDF reconsent form --</span></span></span></p> <p style=""mso-margin-top-alt: auto; mso-margin-bottom-alt: auto; line-height: normal;""><span style=""font-weight: normal;"">Signing this reconsent form is required before we may collect any information from you. It does not obligate you to perform any study procedures whatsoever : ) </span></p></div>",,,,,,,[student_yn]=0,,,,,,
reconsent_yn,reconsent_baseline,,yesno,"<div class=""rich-text-field-label""><div class=""rich-text-field-label""> <p><span style=""font-size: 14pt;"">By clicking the box below, you are agreeing to take part in this study.</span></p> </div></div>",,,,,,,,y,,,,,
amazon_email_reconsent,reconsent_baseline,,text,"<div class=""rich-text-field-label""><p><span style=""font-weight: normal; font-size: 14pt;"">We are now </span><span style=""font-size: 14pt;"">ONLY</span><span style=""font-weight: normal; font-size: 14pt;""> issuing payments using </span><span style=""font-size: 14pt;"">Amazon gift cards to Amazon.<em>com</em></span><span style=""font-weight: normal; font-size: 14pt;""> (based in the United States). </span></p> <p><span style=""font-weight: normal; font-size: 14pt;"">Please </span><span style=""font-size: 14pt;"">add an email address</span><span style=""font-weight: normal; font-size: 14pt;""> from which you can access an emailed Amazon gift card. (please </span><span style=""font-size: 14pt;"">triple check spelling!!)</span></p> <p><span style=""font-weight: normal;""><em>Why? All of our other options were either taking multiple months to reach folks or are no longer supported by Yale Psychiatry's Business Office :( We're sorry! We want to offer convenient payment methods for our participants, but we also want to be able to stick to our promises and get people paid in a timely manner :) </em></span></p></div>",,,,,,,,,,,,,
payment_pref_reconsent,reconsent_baseline,,radio,How do you want to be paid?,"1, Physical VISA delivered by Amazon (ONLY for folks in the US!) | 2, Amazon Gift Card (FASTEST option-- BUT make sure you check that you can actually receive what you want from Amazon.COM -- we are not able to send cards to other countries' Amazons) | 3, MTurk Account (not currently an option) | 4, Prolific Account (not currently an option) | 5, Digital Gift Card (Prepaid US Bank card emailed -- may not work outside the US, and may take longer than 15 business days to arrive) | 6, Physical VISA delivered by us (international participants only please -- these take a long time to arrive and extra funds from us for sufficiently secure shipping)",,,,,,([student_yn]='0') and ([prolific_yn]='0') and ([mturk_yn]='0'),y,,,,, @HIDDEN-SURVEY
payment_address_bl_reconsent,reconsent_baseline,,notes,"<div class=""rich-text-field-label""><p>Please enter a <span style=""text-decoration: underline;"">shipping address</span> and <span style=""text-decoration: underline;"">first/last name</span> so that we can send your VISA Gift Card to <br>(<em>if you are uncomfortable with sharing address/name, you can pick Amazon gift card which can be sent to any email address.</em>)</p> <p><span style=""font-weight: normal;""><em><span style=""font-size: 12pt;"">Note: to deter VISA card theft in transit (and make sure folks get paid in a timely fashion!) we are requiring that folks </span></em></span><em><span style=""font-size: 12pt;"">sign upon delivery</span></em><span style=""font-weight: normal;""><em><span style=""font-size: 12pt;""> with whatever first/last name is included above!</span></em></span></p></div>",,,,,,,[payment_pref_reconsent]='1' or [payment_pref_reconsent]='6',y,,,,, @HIDDEN-SURVEY
